condition,mutation,beta
Delta,M1F,-0.35060194
Delta,M1I,-4.2567263
Delta,M1K,-1.6848251
Delta,M1L,-2.035864
Delta,M1N,-2.3286767
Delta,M1R,0.0
Delta,M1T,-2.3111167
Delta,M1V,-1.491711
Delta,M1-,0.9254555
Delta,F2C,0.0
Delta,F2I,0.06531361000000002
Delta,F2L,0.20711458
Delta,F2M,0.0
Delta,F2S,-0.074343
Delta,F2V,-0.183738023
Delta,F2Y,-0.046658225
Delta,F2-,0.0
Delta,V3A,-0.047157384
Delta,V3C,0.10773496
Delta,V3D,-0.54910094
Delta,V3F,-0.23171371549999997
Delta,V3G,0.06122613
Delta,V3I,-0.20875892
Delta,V3L,0.24731271
Delta,V3M,-0.13424419
Delta,V3-,-0.172117
Delta,F4C,-0.22370182
Delta,F4I,0.12397373
Delta,F4L,0.189489135
Delta,F4S,-0.23497525999999996
Delta,F4V,-0.610991
Delta,F4Y,-0.006298211
Delta,F4-,-0.22261377
Delta,L5A,0.07191252000000001
Delta,L5C,0.15038739699999998
Delta,L5D,-2.2450757
Delta,L5E,-1.4978721
Delta,L5F,0.32198404999999997
Delta,L5G,-0.046398539
Delta,L5H,0.081274245
Delta,L5I,0.06447876000000002
Delta,L5K,-2.4693608
Delta,L5M,-0.193388593
Delta,L5N,-0.037990443
Delta,L5P,-1.47878172
Delta,L5R,-0.81036603
Delta,L5S,-0.34533284
Delta,L5T,0.21402501000000002
Delta,L5V,0.03229365499999999
Delta,L5W,-0.17281243000000002
Delta,L5Y,0.36391623
Delta,L5*,0.0
Delta,L5-,-0.18306835
Delta,V6A,0.14474162
Delta,V6C,0.1939297
Delta,V6E,-1.7229222
Delta,V6F,0.20650887
Delta,V6G,-0.57367945
Delta,V6I,0.213093034
Delta,V6L,0.08903338
Delta,V6M,0.16487735
Delta,V6-,0.43157322000000004
Delta,L7F,-0.30878174
Delta,L7I,-0.249845855
Delta,L7M,-0.023613254
Delta,L7P,-3.585483
Delta,L7Q,-2.5123398
Delta,L7R,0.0
Delta,L7S,-2.6053922
Delta,L7V,-0.038613238532174
Delta,L7-,-0.66799676
Delta,L8F,-0.6465608
Delta,L8I,-0.32069403
Delta,L8M,-0.25284971
Delta,L8P,-3.65853
Delta,L8Q,0.0
Delta,L8R,-1.3237025
Delta,L8S,-1.8578467
Delta,L8V,-0.391928921
Delta,L8W,-0.26578733
Delta,P9A,0.0
Delta,P9L,0.054878060000000006
Delta,P9Q,-0.28630018
Delta,P9R,0.019443848
Delta,P9S,-0.00151987499999999
Delta,P9T,-0.29915880000000006
Delta,P9-,0.049034186
Delta,L10I,0.3180576834
Delta,L10M,0.58284676
Delta,L10P,-1.3898512
Delta,L10Q,0.18397184
Delta,L10R,-0.48257421
Delta,L10V,0.17090849300000002
Delta,L10-,-0.239282
Delta,V11A,-0.0074550975
Delta,V11E,-0.94297373
Delta,V11F,0.19836954
Delta,V11G,-0.8186822
Delta,V11I,0.25040470000000004
Delta,V11L,0.09499117000000001
Delta,V11M,0.25436625
Delta,V11R,-2.9230583
Delta,V11-,-0.013784955
Delta,S12A,-0.0774287423
Delta,S12C,-0.05265336
Delta,S12D,0.13983305
Delta,S12E,0.40866633399999996
Delta,S12F,-0.10288284
Delta,S12G,0.03432889
Delta,S12H,-0.03872222299999999
Delta,S12I,-0.15300191999999999
Delta,S12K,0.19576597
Delta,S12L,0.050710086
Delta,S12M,-0.09726411
Delta,S12N,-0.41760572
Delta,S12P,-0.38797535
Delta,S12Q,0.12283531
Delta,S12R,-0.7469340200000001
Delta,S12T,-0.030911744
Delta,S12V,0.034008756
Delta,S12W,0.35706773999999997
Delta,S12Y,0.16833267000000002
Delta,S12*,-2.8830924
Delta,S13A,0.23469088500000002
Delta,S13C,0.06912401
Delta,S13D,0.0399728
Delta,S13E,0.31273237
Delta,S13F,-0.158426884
Delta,S13G,-0.198235775
Delta,S13H,-0.23523873
Delta,S13I,0.096919635
Delta,S13K,0.1304971
Delta,S13L,0.17965
Delta,S13M,-0.06521569
Delta,S13N,0.230968026
Delta,S13P,0.30645783
Delta,S13Q,0.08224101
Delta,S13R,-0.52589834
Delta,S13T,-0.84055272
Delta,S13V,0.002194887
Delta,S13W,-0.60585225
Delta,S13*,0.0
Delta,Q14E,0.35693467
Delta,Q14H,0.14341418
Delta,Q14K,0.19565428
Delta,Q14L,0.29688121
Delta,Q14M,0.0
Delta,Q14R,-0.0046971506
Delta,Q14*,-0.31540135
Delta,Q14-,0.42605066
Delta,C15F,-0.110343
Delta,C15G,-0.20584776
Delta,C15Q,1.4959668
Delta,C15R,-0.31829462
Delta,C15S,0.132548
Delta,C15W,0.10154326
Delta,C15Y,-0.09298552
Delta,C15*,-1.9686583
Delta,C15-,0.17189504
Delta,V16A,-0.06799739
Delta,V16D,-0.32251287
Delta,V16F,0.0458795281
Delta,V16G,0.52590156
Delta,V16I,0.070110396
Delta,V16L,-0.073007307
Delta,V16M,0.10501580699999999
Delta,V16S,0.0
Delta,V16-,-0.34263685
Delta,N17D,-0.3130079
Delta,N17G,0.0
Delta,N17I,-0.6148328
Delta,N17K,-0.14894319
Delta,N17R,-0.3107651
Delta,N17S,-0.6438188
Delta,N17T,0.22848608
Delta,N17Y,-0.50349396
Delta,N17-,0.802521434
Delta,L18A,-0.235466448
Delta,L18C,-0.4738029
Delta,L18D,-0.042927574
Delta,L18E,-0.04346968000000001
Delta,L18F,-0.11151338
Delta,L18G,0.09624919000000001
Delta,L18H,-0.24963272
Delta,L18I,-0.168159132
Delta,L18K,0.03332011
Delta,L18M,0.09592661000000001
Delta,L18N,-0.104470335
Delta,L18P,-0.123486515
Delta,L18Q,-0.18393297
Delta,L18R,-0.26061898
Delta,L18S,-0.135662023
Delta,L18T,-0.13576527
Delta,L18V,-0.007455469
Delta,L18W,0.145260665
Delta,L18Y,-0.020059947
Delta,L18*,-3.6415653
Delta,L18-,0.13773458
Delta,T19A,-0.1266745
Delta,T19C,-0.7544375
Delta,T19D,-0.490464926
Delta,T19E,-0.09449744
Delta,T19F,-0.3571263
Delta,T19G,-0.4360638
Delta,T19H,-0.4053979
Delta,T19I,-0.09266602800000001
Delta,T19K,0.010181040000000002
Delta,T19L,-0.10915670000000002
Delta,T19M,0.00021283599999999403
Delta,T19N,-0.19662436300000002
Delta,T19P,-0.094795791
Delta,T19Q,-0.5141
Delta,T19R,-0.159383226
Delta,T19S,-0.17171074000000003
Delta,T19V,-0.34210239
Delta,T19W,-0.27432043
Delta,T19Y,-0.15961673
Delta,T19*,-3.693311
Delta,T19-,-0.12801397
Delta,T20A,0.085680486
Delta,T20F,0.10097459
Delta,T20G,-0.1867251
Delta,T20H,0.6246382
Delta,T20I,-0.057480279999999995
Delta,T20K,-0.02382727
Delta,T20N,0.15452437700000002
Delta,T20P,0.286915507
Delta,T20S,-0.40695088999999995
Delta,T20-,-0.1285684
Delta,R21E,0.2884873
Delta,R21F,0.20786756
Delta,R21G,0.08407057000000001
Delta,R21I,0.15639026
Delta,R21K,-0.0003651299999999913
Delta,R21L,-0.04914684
Delta,R21M,0.076848015
Delta,R21S,0.023342969999999998
Delta,R21T,-0.08227608
Delta,R21W,0.13022853
Delta,R21-,-0.14315468
Delta,T22A,0.02351454
Delta,T22F,-0.4040071
Delta,T22I,-0.025587159999999998
Delta,T22K,0.0
Delta,T22L,-0.15098912
Delta,T22N,0.07110116
Delta,T22P,0.35535419
Delta,T22S,-0.003023951
Delta,T22V,-0.32853025
Delta,T22-,-0.1711808
Delta,Q23A,0.3323329
Delta,Q23E,0.03451184
Delta,Q23F,-0.034675904
Delta,Q23G,0.424753
Delta,Q23H,0.14713727
Delta,Q23K,-0.21164443700000002
Delta,Q23L,-0.0021264790000000006
Delta,Q23N,-0.07819435
Delta,Q23P,-0.3150505
Delta,Q23R,-0.104140766
Delta,Q23*,-2.540237
Delta,Q23-,-0.16586877
Delta,A27C,-0.32875627
Delta,A27D,-0.12804927
Delta,A27E,-0.13556847
Delta,A27F,-0.3051658
Delta,A27G,-0.032014657
Delta,A27H,-0.1861791
Delta,A27I,-0.3770842
Delta,A27K,-0.16181919
Delta,A27L,-0.11593709799999999
Delta,A27M,-0.3065574
Delta,A27N,-0.17413042
Delta,A27P,-0.64271866
Delta,A27Q,-0.12655048
Delta,A27R,-0.041888393
Delta,A27S,-0.06270723
Delta,A27T,-0.058814034
Delta,A27V,-0.3190643
Delta,A27W,-0.72923386
Delta,A27Y,-0.38537452
Delta,A27*,-3.1567757
Delta,A27-,-0.718117
Delta,Y28C,-0.11977232
Delta,Y28D,-0.441514655
Delta,Y28F,-0.225603166
Delta,Y28H,-0.08395300650000001
Delta,Y28I,0.040730495
Delta,Y28N,0.072920494
Delta,Y28T,-0.23050906
Delta,Y28*,-3.036539
Delta,Y28-,-1.0513239
Delta,T29A,-0.057466275000000004
Delta,T29C,-0.06621621
Delta,T29D,-0.43592872999999993
Delta,T29E,-0.32639411
Delta,T29F,-0.15653546999999998
Delta,T29G,-0.034770302
Delta,T29H,-0.273192033
Delta,T29I,0.08978935999999998
Delta,T29K,0.18083945999999998
Delta,T29L,-0.11055010000000001
Delta,T29M,-0.147399968
Delta,T29N,-0.9135476399999999
Delta,T29P,-0.883171822
Delta,T29Q,0.14391628
Delta,T29R,-0.13753471
Delta,T29S,-0.0719967754
Delta,T29V,-0.22047424
Delta,T29W,-0.17753618999999998
Delta,T29Y,-0.78755943
Delta,T29*,-3.6594298
Delta,T29-,-1.6182553
Delta,N30D,-0.06599817
Delta,N30G,-3.0986657
Delta,N30H,-0.211983625
Delta,N30I,0.067732215
Delta,N30K,-0.219400007
Delta,N30L,-0.15421425
Delta,N30S,-0.062177106
Delta,N30T,0.8241165
Delta,N30Y,-0.38250641399999996
Delta,N30-,-0.01041227
Delta,S31F,-1.5864709199999998
Delta,S31I,-0.98708147
Delta,S31L,-1.310662
Delta,S31P,-2.7802505
Delta,S31T,-0.65579814
Delta,S31Y,-3.3108146
Delta,S31-,-1.9333493
Delta,F32C,-1.8076439
Delta,F32I,-0.18168199
Delta,F32L,-0.107467
Delta,F32M,0.49786043
Delta,F32S,0.1211231086
Delta,F32V,-0.24332261
Delta,F32Y,-0.02977377
Delta,F32-,-2.693053
Delta,T33A,0.11222777
Delta,T33H,-0.2507907
Delta,T33I,-0.33552222
Delta,T33K,0.0067758023822
Delta,T33N,-0.038281024
Delta,T33P,-2.5767903
Delta,T33R,-0.24826507
Delta,T33S,-0.20165667
Delta,T33V,-0.33749422
Delta,R34C,-2.6608286
Delta,R34G,-3.8631623
Delta,R34H,0.03505343
Delta,R34K,-0.6809301
Delta,R34L,-1.51060402
Delta,R34M,-2.644592
Delta,R34P,-2.9559157
Delta,R34S,-2.1082146
Delta,R34T,-2.1939259
Delta,R34W,0.75346184
Delta,G35A,0.0
Delta,G35C,-0.498649
Delta,G35E,-1.7610981
Delta,G35L,-2.0886555
Delta,G35R,-5.0226216
Delta,G35S,-0.32186335
Delta,G35V,-0.3866984
Delta,G35W,-3.0181558
Delta,G35*,-2.623539
Delta,V36A,-0.32533588
Delta,V36C,-0.16759467
Delta,V36D,-2.3638403
Delta,V36F,-0.34322453
Delta,V36G,-1.606364
Delta,V36I,0.023455649999999995
Delta,V36L,-0.26713118
Delta,V36T,-0.32018566
Delta,Y37C,-2.2381554
Delta,Y37D,-0.6311582
Delta,Y37F,-0.7633582
Delta,Y37H,-0.5948784
Delta,Y37K,-0.94700754
Delta,Y37L,-2.803534
Delta,Y37N,-2.6780121
Delta,Y37*,-1.5491031
Delta,Y37-,0.0
Delta,Y38C,-2.8680086
Delta,Y38F,-0.43308878
Delta,Y38H,-0.49187426
Delta,Y38I,-1.254414
Delta,Y38L,-1.5633202
Delta,Y38N,-3.7115638
Delta,Y38S,-2.8588285
Delta,Y38*,-2.0615625
Delta,P39A,-1.8373946
Delta,P39H,-0.54103607
Delta,P39L,-2.9938264
Delta,P39N,0.105422996
Delta,P39S,0.041775204
Delta,P39T,0.08617153
Delta,D40E,-0.5945705
Delta,D40G,-2.1037621
Delta,D40H,-0.7021195
Delta,D40L,-1.8653134
Delta,D40N,-1.0934862
Delta,D40T,-1.7986149
Delta,D40Y,-1.4025463
Delta,D40-,-1.65521085
Delta,K41E,-0.31203705
Delta,K41I,-0.041659497
Delta,K41M,-0.20784411
Delta,K41N,0.112136625
Delta,K41P,-0.2731635
Delta,K41Q,-0.22953193
Delta,K41R,0.12812547
Delta,K41T,-0.31820798
Delta,V42E,-0.94182813
Delta,V42F,0.65027875
Delta,V42I,0.29371477999999995
Delta,V42K,-2.1397488
Delta,V42L,-0.336193344
Delta,V42M,0.06841924
Delta,V42Q,-0.9328311
Delta,V42S,-0.2081547
Delta,F43L,-3.986874
Delta,F43N,0.0
Delta,F43S,-2.3859067
Delta,F43Y,0.056463495
Delta,R44G,-4.965135
Delta,R44I,-3.01807
Delta,R44K,-0.70198027
Delta,R44M,-1.2024858
Delta,R44Q,-3.5979843
Delta,R44S,-3.3709548
Delta,R44W,-0.16613045
Delta,R44Y,-2.8381243
Delta,S45A,0.0013815270000000004
Delta,S45D,-0.6341708
Delta,S45F,-0.26673967000000004
Delta,S45I,-0.36024532
Delta,S45L,0.0
Delta,S45P,-0.838912658
Delta,S45T,-0.23473033000000004
Delta,S45Y,-0.44273457
Delta,S46A,-0.0062886854
Delta,S46C,-2.039692
Delta,S46F,-0.695419
Delta,S46L,-0.9670649
Delta,S46P,-5.8113556
Delta,S46Q,-0.36076814
Delta,S46W,-3.463451
Delta,S46Y,0.018572828
Delta,V47A,-0.15593539
Delta,V47F,-0.94074765
Delta,V47G,0.0
Delta,V47I,0.05705882400000001
Delta,V47L,-0.08654656500000002
Delta,V47M,0.15929116299999999
Delta,V47R,0.35684273
Delta,V47S,0.08493964
Delta,V47T,0.2514051
Delta,L48F,-2.169784
Delta,L48I,-0.46601877
Delta,L48M,-0.4651913452
Delta,L48P,-1.2118196600000002
Delta,L48Q,0.0
Delta,L48R,-1.2946353
Delta,L48T,0.20548187
Delta,L48V,1.0729687
Delta,L48-,0.0
Delta,H49A,-1.1477562
Delta,H49C,-2.7764883
Delta,H49F,0.13917883
Delta,H49I,-0.0069742594
Delta,H49L,-0.05179803
Delta,H49N,-3.0173237
Delta,H49P,-3.0485563
Delta,H49Q,0.0074862763
Delta,H49R,0.33836412
Delta,H49S,0.11970787
Delta,H49T,0.0471229
Delta,H49V,-0.09027759
Delta,H49Y,-0.19028518
Delta,S50A,-0.20821631
Delta,S50C,-0.0057158275
Delta,S50F,-0.35756186
Delta,S50G,0.06468525
Delta,S50I,0.07316611
Delta,S50K,0.0
Delta,S50L,-0.59048724
Delta,S50N,-0.26879667
Delta,S50P,-0.26217903
Delta,S50R,-1.1979176
Delta,S50T,0.041071888
Delta,T51A,0.028971158
Delta,T51C,0.3259285
Delta,T51F,0.0884872
Delta,T51I,0.08803175
Delta,T51K,0.7300587
Delta,T51N,-0.46429938
Delta,T51S,0.21145901
Delta,Q52E,-1.755282
Delta,Q52G,0.0
Delta,Q52H,0.23461393
Delta,Q52K,0.02659945477311
Delta,Q52L,-0.08432874000000001
Delta,Q52N,-0.09149759
Delta,Q52P,-0.2809904
Delta,Q52R,0.274429185
Delta,Q52S,0.33970046
Delta,Q52Y,0.087146915
Delta,Q52*,-2.2281158
Delta,Q52-,-0.6582635
Delta,D53A,0.23212929
Delta,D53C,-0.46286798
Delta,D53E,0.1961842
Delta,D53G,0.248980134
Delta,D53H,0.0
Delta,D53N,0.08574714439999999
Delta,D53Y,-5.009141
Delta,D53-,0.0
Delta,L54F,-0.13997982
Delta,L54M,-0.16248927100000002
Delta,L54P,-5.447111
Delta,L54Q,-0.3001099
Delta,L54R,-0.73096895
Delta,L54S,-1.9314448
Delta,L54V,-0.6960052
Delta,L54W,-0.18814424
Delta,L54Y,-0.07970405
Delta,L54-,0.0
Delta,F55I,0.0
Delta,F55L,-1.8714851
Delta,F55S,-2.691281
Delta,F55V,0.0
Delta,F55Y,-0.378861044
Delta,L56F,-3.2160928
Delta,L56I,-0.27982265
Delta,L56M,-0.069501276
Delta,L56P,-4.4320436
Delta,L56Q,-0.38761142
Delta,L56S,-2.4303699
Delta,L56V,-0.05759114
Delta,L56-,0.0
Delta,P57A,-0.96599483
Delta,P57L,-3.349743
Delta,P57M,-1.9822391
Delta,P57Q,-2.210827
Delta,P57S,-2.0523133
Delta,P57T,-3.745138
Delta,P57-,-2.1721702
Delta,F58C,-3.55489
Delta,F58I,-1.5975021
Delta,F58L,-0.979233
Delta,F58M,-1.2063651
Delta,F58N,0.0
Delta,F58S,-2.8984144
Delta,F58V,-3.0205638
Delta,F58Y,-0.5676061
Delta,F58-,-3.0975742
Delta,F59I,-1.2579783
Delta,F59L,-0.19411047
Delta,F59N,-0.19805655
Delta,F59S,0.026235902
Delta,F59V,0.0
Delta,F59Y,0.010593477
Delta,S60A,-0.22248533
Delta,S60C,-0.37702897
Delta,S60F,-4.7537036
Delta,S60G,-0.29678476
Delta,S60I,-2.1569786
Delta,S60L,-2.847705
Delta,S60N,-0.5604028
Delta,S60P,-3.6283696
Delta,S60R,-2.0014908
Delta,S60T,-0.22042541
Delta,S60Y,-2.2956736
Delta,S60-,-2.6019404
Delta,N61D,-0.16619605
Delta,N61G,-1.6266694
Delta,N61H,-0.78452191
Delta,N61K,-0.06332689000000001
Delta,N61M,-0.80591506
Delta,N61Q,-0.25591892
Delta,N61S,-0.095411606
Delta,N61T,-0.29196431
Delta,N61W,-1.2363099
Delta,N61Y,-0.7514247
Delta,N61-,-2.0561185
Delta,V62A,-0.7849763
Delta,V62C,-0.546859
Delta,V62D,-2.930767
Delta,V62E,0.0
Delta,V62F,-1.26935217
Delta,V62G,-0.22772710000000007
Delta,V62I,-0.056504479999999996
Delta,V62L,0.041298022
Delta,V62M,-0.07969865
Delta,V62S,-1.8133284
Delta,V62-,-0.6594706400000001
Delta,T63A,-0.065190472
Delta,T63E,-0.7945298
Delta,T63I,-0.214440103
Delta,T63K,0.24699777
Delta,T63L,-0.8176792
Delta,T63M,-0.5233031
Delta,T63N,-0.266182
Delta,T63P,-0.4166465
Delta,T63Q,-0.16828898
Delta,T63S,0.025900339699999997
Delta,T63-,-0.37754681
Delta,W64C,0.061304143
Delta,W64F,0.05943858
Delta,W64G,0.085291505
Delta,W64K,-0.031056046
Delta,W64L,0.017242482
Delta,W64N,0.0060661403
Delta,W64Q,0.08812876
Delta,W64R,-0.005774570000000007
Delta,W64S,-0.22960128000000002
Delta,W64*,-4.1505237
Delta,W64-,0.094468
Delta,F65C,-0.06315189999999998
Delta,F65I,0.0184773
Delta,F65L,-0.087158754
Delta,F65S,-0.18450074000000002
Delta,F65V,0.11413059
Delta,F65Y,-0.13448954
Delta,F65-,0.11330497
Delta,H66D,-0.28057504
Delta,H66F,-0.034095335000000004
Delta,H66G,-0.4064803
Delta,H66L,0.10618892000000002
Delta,H66M,-0.07756937
Delta,H66N,0.067463986
Delta,H66P,-0.29969177
Delta,H66Q,0.16956706
Delta,H66R,0.13977921
Delta,H66Y,0.072984904
Delta,H66-,-0.39543892999999997
Delta,V67A,-0.0389224405
Delta,V67C,-0.251053135
Delta,V67D,-0.230946714
Delta,V67E,-0.115299135
Delta,V67F,0.064715138
Delta,V67G,-0.1276318
Delta,V67H,-0.065109562
Delta,V67I,0.07502506
Delta,V67K,-0.14417835999999998
Delta,V67L,-0.041311586
Delta,V67M,-0.122147486
Delta,V67N,-0.12938526039999998
Delta,V67P,-0.053614540700000005
Delta,V67Q,-0.177298605
Delta,V67R,-0.10372974
Delta,V67S,-0.102517684
Delta,V67T,-0.0017095260000000029
Delta,V67W,0.056910327
Delta,V67Y,-0.137653393
Delta,V67*,-4.9032483
Delta,V67-,-0.10774906000000001
Delta,I68C,0.02499895
Delta,I68F,-0.344543
Delta,I68K,-0.04365547
Delta,I68L,-0.09245677
Delta,I68M,-0.119144248
Delta,I68N,0.089709274
Delta,I68R,-0.1546935
Delta,I68S,-0.042324476
Delta,I68T,0.008947028700000002
Delta,I68V,-0.0077754837
Delta,I68Y,-0.039137244
Delta,I68-,0.13215022
Delta,S71A,-0.11450591600000001
Delta,S71C,0.39366686
Delta,S71E,-0.12898417
Delta,S71F,0.148194145
Delta,S71I,0.31309196
Delta,S71L,0.014654368
Delta,S71P,-0.03797877
Delta,S71Q,0.0
Delta,S71R,-0.32659483
Delta,S71T,0.597364935
Delta,S71V,0.060110476
Delta,S71Y,-0.002510754000000004
Delta,S71-,-0.39289418
Delta,G72A,-0.200623374
Delta,G72C,0.03092441
Delta,G72D,0.0510741724
Delta,G72E,-0.015243929
Delta,G72R,0.09640094000000002
Delta,G72S,-0.040046883000000005
Delta,G72T,-1.207253
Delta,G72V,0.14716251
Delta,G72W,-0.14599495
Delta,G72-,-0.010781958
Delta,T73A,-0.17229293699999998
Delta,T73I,0.3490249527
Delta,T73L,-0.052195
Delta,T73N,0.083248697
Delta,T73P,0.04293677
Delta,T73S,-0.20772326
Delta,T73-,0.8994901639999999
Delta,N74D,0.06499091
Delta,N74H,0.03951256
Delta,N74I,-0.127913192
Delta,N74K,-0.18862483
Delta,N74M,-0.1357307
Delta,N74S,-0.17707384
Delta,N74T,0.033112776
Delta,N74Y,-0.21143334
Delta,N74-,-0.001519790000000007
Delta,G75A,0.12305100299999999
Delta,G75C,-0.110808961
Delta,G75D,0.068603337
Delta,G75E,-0.00090974703
Delta,G75F,0.011185949
Delta,G75H,0.052182563999999994
Delta,G75I,-0.08901536077
Delta,G75K,-0.04944122000000001
Delta,G75L,0.15814417
Delta,G75M,0.03194853
Delta,G75N,0.019423425
Delta,G75P,-0.12363904
Delta,G75Q,0.06547041840000001
Delta,G75R,-0.030420113
Delta,G75S,-0.020132059999999993
Delta,G75T,0.0434000514
Delta,G75V,0.155017733
Delta,G75W,0.24662952
Delta,G75Y,-0.032300785
Delta,G75*,-4.6843204
Delta,G75-,0.217647147
Delta,T76A,-0.0892300178
Delta,T76C,-0.257238773
Delta,T76D,-0.36355754199999996
Delta,T76E,0.16704185000000002
Delta,T76F,0.099851236
Delta,T76G,-0.10340248
Delta,T76H,-0.14238313
Delta,T76I,-0.0193508576
Delta,T76K,-0.04435082
Delta,T76L,-0.004992958
Delta,T76M,-0.002405233999999999
Delta,T76N,-0.132640534
Delta,T76P,0.11313395
Delta,T76Q,-0.00038719400000000737
Delta,T76R,-0.129875119
Delta,T76S,-0.028860551000000005
Delta,T76V,-0.090885597
Delta,T76W,0.178973147
Delta,T76Y,-0.21319368
Delta,T76*,-4.847464
Delta,T76-,0.007975348
Delta,K77C,0.1423627
Delta,K77E,-0.009385052
Delta,K77I,-0.448055883
Delta,K77M,0.096859211
Delta,K77N,-0.095331257
Delta,K77Q,-0.08862925
Delta,K77R,-0.067348264
Delta,K77S,-1.1539458
Delta,K77T,0.153779413
Delta,K77*,0.47450012
Delta,K77-,0.0059650335
Delta,R78E,0.18380731
Delta,R78G,0.153230582
Delta,R78K,-0.06921217999999998
Delta,R78L,0.033289086
Delta,R78M,0.0924322902
Delta,R78S,-0.031315437
Delta,R78T,0.15111493
Delta,R78W,-0.548905847
Delta,R78Y,-0.16427772
Delta,R78*,0.0
Delta,R78-,-0.07964808
Delta,F79C,0.0
Delta,F79I,0.0
Delta,F79L,0.102368296
Delta,F79S,0.14223625
Delta,F79V,-0.2872851
Delta,F79W,-0.04180485
Delta,F79Y,0.08941585
Delta,F79-,-0.06102964
Delta,D80A,0.01737748
Delta,D80C,-0.232546677
Delta,D80E,0.005346683
Delta,D80F,0.02282980000000001
Delta,D80G,-0.11600363
Delta,D80H,-0.035526984000000005
Delta,D80I,0.010338627
Delta,D80K,0.08238948
Delta,D80L,-0.079720276
Delta,D80M,0.07461838200000001
Delta,D80N,-0.015579584
Delta,D80P,0.19539455
Delta,D80Q,0.016467335
Delta,D80R,0.13045762
Delta,D80S,-0.022899998
Delta,D80T,-0.082607732
Delta,D80V,-0.094803163
Delta,D80W,-0.05998697100000001
Delta,D80Y,0.0700348
Delta,D80*,-1.2478948
Delta,D80-,0.04415772
Delta,N81D,-0.29363918
Delta,N81G,-0.24704175
Delta,N81K,-0.006164630000000004
Delta,N81Q,-0.123798445
Delta,N81S,0.067532327
Delta,N81T,-0.0126699675
Delta,N81V,0.0
Delta,N81Y,-0.30564104
Delta,N81-,-0.10787112
Delta,P82A,0.1417869574
Delta,P82F,-0.3340797
Delta,P82H,0.020740159
Delta,P82I,-0.3130353
Delta,P82L,-0.33952437
Delta,P82R,0.295159055
Delta,P82S,-0.055616036
Delta,P82T,-0.11302140999999999
Delta,P82-,-0.3877437
Delta,V83A,-0.036130514
Delta,V83C,0.014020902
Delta,V83D,-0.41032934
Delta,V83E,-0.0911111
Delta,V83F,-0.0022548467
Delta,V83G,0.0
Delta,V83I,-0.432038872
Delta,V83L,-0.13298231
Delta,V83M,0.1748700723
Delta,V83T,-0.018324984
Delta,V83-,0.107991226
Delta,L84E,-0.52031165
Delta,L84I,0.13221677
Delta,L84M,-0.10627597999999999
Delta,L84P,-1.0441313
Delta,L84Q,-0.24121709
Delta,L84V,0.037207928
Delta,L84-,-0.4096684
Delta,P85A,0.21452807
Delta,P85D,-0.11139349
Delta,P85L,-0.10465212
Delta,P85N,-0.026479913
Delta,P85Q,-0.41876044
Delta,P85R,0.160965971
Delta,P85S,-0.30160887999999997
Delta,P85T,-0.07509472360000001
Delta,P85-,-1.41226878
Delta,F86I,-0.8517032999999999
Delta,F86K,0.26159385
Delta,F86L,-0.5673445546
Delta,F86S,-1.7430538
Delta,F86V,-0.29895422
Delta,F86Y,-0.26608697
Delta,F86-,-3.5288637
Delta,N87C,-0.16890205
Delta,N87D,-0.234211199
Delta,N87E,0.0
Delta,N87H,0.335784347
Delta,N87I,-0.20034057
Delta,N87K,0.15373924
Delta,N87L,-0.166566966
Delta,N87M,-0.1061003
Delta,N87S,-0.13938628
Delta,N87T,0.034286536000000006
Delta,N87Y,-0.044092882
Delta,N87*,0.44371223
Delta,N87-,-2.89623
Delta,D88A,-0.61344652
Delta,D88E,-0.005252056000000005
Delta,D88G,0.110760316
Delta,D88H,-0.12305053499999999
Delta,D88L,-0.2271673
Delta,D88N,-0.096020065
Delta,D88S,-0.3186224
Delta,D88T,-1.1862226
Delta,D88V,-0.3472159
Delta,D88Y,-0.30409664
Delta,D88-,-5.287605
Delta,G89A,0.0
Delta,G89D,-1.6090455
Delta,G89E,-1.7005155
Delta,G89M,-3.6469173
Delta,G89P,0.7096382
Delta,G89R,-4.046289
Delta,G89S,-1.6412903
Delta,G89V,-3.003981
Delta,G89W,-3.4022837
Delta,G89*,-3.6591816
Delta,G89-,-3.185134
Delta,V90A,-0.20379934
Delta,V90C,-0.36322203
Delta,V90D,-3.48824
Delta,V90F,-0.66196835
Delta,V90G,0.0
Delta,V90I,-0.0020830324
Delta,V90L,-0.189557262
Delta,V90M,0.005481611
Delta,V90R,-2.6110466
Delta,V90S,-0.36584163
Delta,V90-,-1.4960063
Delta,Y91C,-1.6995057
Delta,Y91D,-4.444471
Delta,Y91F,-0.32860848
Delta,Y91H,-3.410142
Delta,Y91L,-2.7437909
Delta,Y91T,-3.1822588
Delta,Y91V,-2.4568372
Delta,Y91*,-3.0430293
Delta,Y91-,-0.071278326
Delta,F92C,-1.2386745399999999
Delta,F92I,-0.2751575
Delta,F92L,-0.16648848
Delta,F92N,-1.1697676
Delta,F92S,-0.6683208843
Delta,F92V,0.48592936
Delta,F92Y,-0.13295294
Delta,F92-,-2.0210855
Delta,A93C,-0.61892164
Delta,A93D,-3.069975
Delta,A93G,-0.39349857
Delta,A93I,-4.3024445
Delta,A93L,-1.5723306
Delta,A93P,-3.199498
Delta,A93S,-0.053396452999999997
Delta,A93T,-0.59780717
Delta,A93V,-1.1039472
Delta,A93-,-0.009996971
Delta,S94A,-0.13828747
Delta,S94C,-0.24320224
Delta,S94D,0.0
Delta,S94F,-0.24316843
Delta,S94G,0.10491326100000001
Delta,S94I,0.124195956
Delta,S94L,-0.30312636
Delta,S94N,-0.026345820000000006
Delta,S94P,-2.7197042
Delta,S94R,-0.9876318
Delta,S94T,0.37146514
Delta,S94V,0.0
Delta,S94Y,-0.44810036
Delta,S94-,-0.030703677
Delta,I95A,-0.092474995
Delta,I95C,-0.33750503
Delta,I95D,-0.18602822000000002
Delta,I95E,-0.67774625
Delta,I95F,-0.15013152
Delta,I95G,-0.39710384
Delta,I95H,0.011293730000000002
Delta,I95K,-0.083514124
Delta,I95L,-0.04940779
Delta,I95M,-0.046270559999999995
Delta,I95N,-0.06939088299999999
Delta,I95P,-0.18874005999999988
Delta,I95Q,-0.2332129
Delta,I95R,-0.185713307
Delta,I95S,-0.101505838
Delta,I95T,-0.1753209697908
Delta,I95V,-0.13545096699999998
Delta,I95W,-0.08891266
Delta,I95Y,-0.34955023
Delta,I95*,-5.0919952
Delta,E96A,-0.14689758
Delta,E96D,-0.272825147
Delta,E96G,-0.02683623
Delta,E96K,-0.1186315
Delta,E96L,-0.38697827
Delta,E96P,-1.5156703
Delta,E96Q,0.049816419999999986
Delta,E96V,-0.26920927
Delta,E96Y,-0.09180355
Delta,E96*,-3.3510482
Delta,K97E,0.008625745
Delta,K97H,0.00997777
Delta,K97L,-0.14099225
Delta,K97M,-0.065123655
Delta,K97N,-0.066659862
Delta,K97Q,-0.096472595
Delta,K97R,-0.017225962
Delta,K97S,0.0034870587
Delta,K97T,0.193774728
Delta,S98A,0.09940988299999999
Delta,S98C,-0.15726644
Delta,S98D,0.023387358
Delta,S98E,-0.1304181684
Delta,S98F,-0.076777922
Delta,S98G,0.04811221500000001
Delta,S98H,-0.22036335
Delta,S98I,-0.057743773
Delta,S98K,0.030879756999999994
Delta,S98L,-0.0017220821
Delta,S98M,0.097117273
Delta,S98N,-0.055695726
Delta,S98P,-0.10908885
Delta,S98Q,-0.064193204
Delta,S98R,0.002639437360977
Delta,S98T,-0.064780012
Delta,S98V,-0.07915619399999999
Delta,S98W,0.019412607
Delta,S98Y,-0.11995967800000001
Delta,S98*,-5.2209835
Delta,N99D,0.013414422
Delta,N99G,0.0
Delta,N99I,0.3821137
Delta,N99K,-0.121212676
Delta,N99S,-0.020988633000000003
Delta,N99T,-0.071796514
Delta,N99Y,-0.08227339
Delta,I100F,0.0
Delta,I100H,-0.09685397
Delta,I100K,0.06784741
Delta,I100L,-0.010218525
Delta,I100M,-0.16430169299999997
Delta,I100N,0.1293533
Delta,I100R,-0.047888666
Delta,I100T,0.04680525
Delta,I100V,0.003254288000000001
Delta,I100-,-0.38898852
Delta,I101L,-0.241076843
Delta,I101M,-0.010585899
Delta,I101N,-0.15598889
Delta,I101T,-0.097763251
Delta,I101V,0.134121983
Delta,I101-,-1.0841025
Delta,R102A,-0.20633774
Delta,R102D,-2.157171
Delta,R102E,-1.4976622
Delta,R102G,0.27775125700000003
Delta,R102I,-0.07087760700000001
Delta,R102K,0.09119982900000001
Delta,R102M,-0.080294564
Delta,R102S,0.0171508455
Delta,R102T,-0.026742917
Delta,R102W,0.816121
Delta,R102-,0.01083342
Delta,G103A,-0.4015544099999999
Delta,G103C,-0.8816135
Delta,G103D,-4.6180353
Delta,G103F,-1.1223129
Delta,G103R,-2.283681
Delta,G103S,-0.4328577
Delta,G103V,-0.305444
Delta,G103-,-0.8347269
Delta,W104C,-2.8806617
Delta,W104F,-0.18649315800000002
Delta,W104G,-2.194852
Delta,W104L,-0.44798568
Delta,W104R,-5.0065026
Delta,W104S,-3.6706655
Delta,W104*,-2.03184875
Delta,W104-,-0.39805016
Delta,I105D,-2.8167186
Delta,I105F,-0.09331618
Delta,I105L,0.07836679999999999
Delta,I105M,-0.029153613
Delta,I105N,-0.32513192
Delta,I105S,0.0
Delta,I105T,-0.11466598
Delta,I105V,-0.07129885
Delta,I105Y,-0.088569336
Delta,I105-,0.81775624
Delta,F106I,-1.1282529000000001
Delta,F106L,0.079073715
Delta,F106S,-2.5875273
Delta,F106V,-1.8331871
Delta,F106Y,-0.104352675
Delta,F106-,-2.252918
Delta,G107A,0.0
Delta,G107C,-5.1592913
Delta,G107D,-4.610582
Delta,G107F,-3.1463845
Delta,G107L,-4.0127716
Delta,G107R,-2.864101
Delta,G107S,-2.4253383
Delta,G107V,-3.4589157
Delta,G107-,0.38144347
Delta,T108A,0.17747869000000002
Delta,T108C,-0.8618282
Delta,T108I,-0.77673885
Delta,T108L,-0.7647591
Delta,T108N,0.135094224
Delta,T108R,-1.5337367
Delta,T108S,0.07364938
Delta,T108V,1.0323551
Delta,T108Y,-1.7458928
Delta,T108-,-1.12712243
Delta,T109A,-0.15846222399999998
Delta,T109F,-1.5180446
Delta,T109I,-1.2651364
Delta,T109K,-0.3640145
Delta,T109L,-0.61837506
Delta,T109N,-0.08489651999999999
Delta,T109S,0.12850018
Delta,T109-,0.16888686
Delta,L110E,-2.358774
Delta,L110F,0.21026531
Delta,L110I,-0.28259537
Delta,L110M,-0.078490945
Delta,L110P,-4.1398797
Delta,L110Q,0.0
Delta,L110R,0.0
Delta,L110V,-0.03010219000000003
Delta,L110Y,-0.80078113
Delta,L110-,-0.38428617
Delta,D111E,-0.23700748
Delta,D111G,-0.21465145
Delta,D111H,-0.44559291
Delta,D111I,-2.9369287
Delta,D111M,-1.8919346
Delta,D111N,0.032466024
Delta,D111P,-3.443574
Delta,D111R,-0.4907565
Delta,D111T,0.032919675
Delta,D111V,0.0037610629
Delta,D111Y,-1.4382876
Delta,D111-,-1.6422075
Delta,S112A,-0.09390443
Delta,S112C,0.0
Delta,S112F,-0.061369605
Delta,S112G,-0.81681557
Delta,S112I,-0.21281944
Delta,S112K,0.006887076
Delta,S112L,-0.09166819
Delta,S112M,0.07258156
Delta,S112N,0.054519102
Delta,S112P,-0.07109868
Delta,S112Q,0.033800013
Delta,S112R,-0.0070278784
Delta,S112T,-0.42522549
Delta,S112W,0.0
Delta,K113E,-0.18813943
Delta,K113M,0.19289488000000005
Delta,K113N,-0.059819300000000006
Delta,K113P,-0.3399705
Delta,K113Q,-0.1969933
Delta,K113R,0.0372225586
Delta,K113S,-0.18406513
Delta,K113T,-0.15956439
Delta,T114A,-0.13046138499999999
Delta,T114I,-2.7505617
Delta,T114N,-3.689044
Delta,T114P,-2.6125753
Delta,T114R,-0.99607533
Delta,T114S,-0.170469709
Delta,Q115H,-0.88706526
Delta,Q115K,-0.808877
Delta,Q115L,-0.41778353
Delta,Q115P,-0.16819219
Delta,Q115R,-1.2310357
Delta,Q115S,-0.38728932
Delta,Q115*,-2.8031561
Delta,S116D,-2.5597432
Delta,S116F,-2.712057
Delta,S116K,-1.6619529
Delta,S116P,-3.7410893
Delta,S116V,-0.505479
Delta,S116Y,-3.7073615
Delta,L117A,-0.1500489
Delta,L117I,-0.070669964
Delta,L117M,-0.062296767
Delta,L117P,-3.405368
Delta,L117Q,1.1367309
Delta,L117R,-2.816945
Delta,L117W,-0.8446777
Delta,L117Y,-1.9046947
Delta,L117-,0.0
Delta,L118F,-0.15880753
Delta,L118I,0.021489648
Delta,L118M,0.40807340000000003
Delta,L118P,-3.6493711
Delta,L118Q,0.0
Delta,L118V,0.05785637000000002
Delta,I119F,-0.3704114
Delta,I119G,-2.984299
Delta,I119L,-0.34030294
Delta,I119T,-0.41825974
Delta,I119V,-0.092123084
Delta,I119-,-3.9530816
Delta,V120A,-0.180406521
Delta,V120D,-1.7176336
Delta,V120E,0.0
Delta,V120F,0.028638642
Delta,V120I,0.016553024716907
Delta,V120L,-0.080301607
Delta,V120M,-0.0983652
Delta,V120Y,-0.95339733
Delta,V120-,-2.8227015
Delta,N121D,0.094929576
Delta,N121I,-0.45623732
Delta,N121K,-0.321568849
Delta,N121S,-0.0337138
Delta,N121T,-0.25804538
Delta,N121Y,0.0
Delta,N121-,-3.8403661
Delta,N122D,-0.13419789
Delta,N122I,-0.6724647
Delta,N122K,-0.5281539
Delta,N122S,-0.19276614
Delta,N122T,-0.09467554
Delta,N122Y,0.0
Delta,N122-,-3.2593064
Delta,A123D,-0.24608031200000002
Delta,A123G,-0.07557104
Delta,A123L,0.037138503
Delta,A123N,-0.57286626
Delta,A123P,0.112150185
Delta,A123S,-0.02772315
Delta,A123T,-0.248931574
Delta,A123V,-0.077613391
Delta,A123-,-3.0912485
Delta,T124A,0.15511649999999996
Delta,T124I,-0.334280253
Delta,T124L,-0.22256005
Delta,T124N,-0.08420859
Delta,T124S,-0.017589346
Delta,T124-,-1.6846402
Delta,N125D,0.011858219
Delta,N125H,-0.10169722
Delta,N125K,0.10484826
Delta,N125M,-0.4112364
Delta,N125S,-0.13676204
Delta,N125T,-0.35969775
Delta,N125V,0.16930726
Delta,N125-,-3.546909
Delta,V126A,-0.17286526
Delta,V126E,-0.25865087
Delta,V126F,0.0022207200000000094
Delta,V126G,0.099489406
Delta,V126I,-0.24912505000000001
Delta,V126L,-0.26636064
Delta,V126M,-0.102154255
Delta,V126S,-0.338914
Delta,V126-,-4.083374
Delta,V127A,-0.21017167
Delta,V127E,0.0
Delta,V127F,-0.15369265
Delta,V127G,0.0041683344
Delta,V127I,-0.18546374
Delta,V127L,-0.122546867
Delta,V127M,-0.096252196
Delta,I128F,-0.24475698
Delta,I128L,-0.36426702
Delta,I128N,-1.8863693
Delta,I128P,-2.1692533
Delta,I128T,-0.578548
Delta,I128V,0.20255014
Delta,I128-,-3.1315513
Delta,K129E,-0.636946109
Delta,K129G,-1.5016954
Delta,K129M,-0.2144024
Delta,K129N,-0.23078673
Delta,K129Q,0.0
Delta,K129R,0.017294336
Delta,K129T,-0.17559718
Delta,K129-,-1.9318295
Delta,V130A,0.29072603999999996
Delta,V130E,0.0
Delta,V130F,-0.5003037
Delta,V130G,-0.9665694
Delta,V130I,-0.21419396
Delta,V130L,-0.12081246500000001
Delta,V130M,-0.1194275379
Delta,V130S,-0.7030189
Delta,V130Y,-0.4093322
Delta,C131F,-2.197983
Delta,C131G,0.3067135
Delta,C131L,-1.6465515
Delta,C131R,-4.018803
Delta,C131S,-3.2719855
Delta,C131V,-3.128947
Delta,C131W,-2.8335881
Delta,C131Y,-2.1468387
Delta,C131*,-0.9050663
Delta,E132A,0.0832576787
Delta,E132D,-0.15063527200000001
Delta,E132G,-0.23787999
Delta,E132K,0.214635258
Delta,E132N,-0.0961555
Delta,E132P,-2.0227485
Delta,E132Q,0.1934604
Delta,E132V,0.20910935
Delta,E132*,-2.6090539
Delta,E132-,0.0
Delta,F133C,-1.0002122
Delta,F133I,-0.0874846599
Delta,F133L,-0.29879418
Delta,F133S,-3.5961366
Delta,F133Y,-0.12315277
Delta,F133-,-1.6821485
Delta,Q134E,0.10255819
Delta,Q134H,-0.41250235199999996
Delta,Q134K,-0.14363943
Delta,Q134L,-0.16503384999999998
Delta,Q134N,-0.178658915
Delta,Q134R,-0.080777355
Delta,Q134S,-0.114326105
Delta,Q134V,-0.12308855
Delta,Q134*,-2.4649222
Delta,Q134-,-0.49971598
Delta,F135I,-0.07109581000000001
Delta,F135L,-0.019125329999999996
Delta,F135M,0.0
Delta,F135S,-0.47998855
Delta,F135V,0.13735585
Delta,F135Y,-0.18938714
Delta,F135-,-0.6385982
Delta,C136F,-0.547375102
Delta,C136G,-1.32600356
Delta,C136L,-0.28955773
Delta,C136N,-0.6126076
Delta,C136R,-0.317539
Delta,C136S,-0.61646271
Delta,C136V,-0.47546718
Delta,C136W,-0.2193604
Delta,C136Y,-0.38857789
Delta,C136*,0.0
Delta,C136-,-0.56031768
Delta,N137A,0.8888904
Delta,N137D,-0.218355469
Delta,N137G,0.0
Delta,N137H,-0.330262
Delta,N137I,0.08863902
Delta,N137K,0.033906454
Delta,N137L,-1.0532855
Delta,N137M,-0.0060328664
Delta,N137S,0.06691766
Delta,N137T,0.09473899
Delta,N137Y,0.285120125
Delta,N137*,0.0
Delta,N137-,-0.027088372000000006
Delta,D138A,0.059422718000000006
Delta,D138C,0.3245444
Delta,D138E,0.132415945
Delta,D138F,-0.025207823000000004
Delta,D138G,0.0014772419999999967
Delta,D138H,0.12062012999999999
Delta,D138I,-0.03694254
Delta,D138K,-0.019580245
Delta,D138L,0.07229846000000001
Delta,D138M,0.007458689999999997
Delta,D138N,0.011663616000000002
Delta,D138P,0.054162495000000005
Delta,D138Q,0.29275398599999997
Delta,D138R,0.125372856
Delta,D138S,0.032778944
Delta,D138T,0.009564184000000003
Delta,D138V,-0.027136849999999997
Delta,D138W,-0.085808955
Delta,D138Y,-0.050286863
Delta,D138*,-2.60371
Delta,D138-,-0.58447444
Delta,P139A,-0.7270056215
Delta,P139D,-0.32798597
Delta,P139H,-0.17842594
Delta,P139L,-0.27042313
Delta,P139Q,-0.07530693
Delta,P139R,-1.1858646
Delta,P139S,-0.6416667899999999
Delta,P139T,0.048660499999999995
Delta,P139-,0.224480724
Delta,F140H,0.0
Delta,F140I,0.052490495
Delta,F140L,-0.095078493
Delta,F140M,-0.2736331
Delta,F140R,-0.1534818
Delta,F140S,-0.19523844
Delta,F140V,-0.27114437999999996
Delta,F140Y,-0.14273249
Delta,F140-,-0.38280336
Delta,L141A,-1.2202051
Delta,L141F,-0.091928095
Delta,L141I,0.081487
Delta,L141M,-0.006588381
Delta,L141P,-0.024180203999999997
Delta,L141Q,0.15143046
Delta,L141R,0.7857732
Delta,L141S,-0.61650266
Delta,L141V,0.1561434623
Delta,L141W,-0.13832
Delta,L141Y,0.094256826
Delta,L141-,-0.14309835
Delta,D142A,-0.03755094
Delta,D142C,-0.17899783257
Delta,D142E,0.134115767
Delta,D142F,-0.13206522
Delta,D142G,-0.03496982900000001
Delta,D142H,-0.332414694
Delta,D142I,-0.016458046
Delta,D142K,-0.04831037000000002
Delta,D142L,-0.295380009
Delta,D142M,-0.18388529
Delta,D142N,-0.019267691
Delta,D142P,-0.11113575549999999
Delta,D142Q,0.057084331
Delta,D142R,-0.25625735
Delta,D142S,-0.047944799999999996
Delta,D142T,-0.0312642334
Delta,D142V,-0.07515358
Delta,D142W,0.11497272
Delta,D142Y,-0.1188844976
Delta,D142*,-4.49687
Delta,D142-,-0.13329443
Delta,H146D,-0.41091705
Delta,H146G,0.0
Delta,H146K,0.044111830000000005
Delta,H146L,0.10182920499999999
Delta,H146N,-0.08833313699999999
Delta,H146P,-0.135224339
Delta,H146Q,-0.024660114
Delta,H146R,-0.08780694
Delta,H146S,0.033188857
Delta,H146T,-0.080670448
Delta,H146Y,0.012961085
Delta,H146-,0.030935612
Delta,K147A,0.091545634
Delta,K147E,0.143498219
Delta,K147G,0.02586867
Delta,K147I,-0.261446756
Delta,K147M,0.67476976
Delta,K147N,0.06544567
Delta,K147P,0.1340382
Delta,K147Q,0.015660122
Delta,K147R,-0.071983111
Delta,K147T,-0.07401689
Delta,K147V,-0.25982228
Delta,K147*,-3.070106
Delta,K147-,-0.30469704
Delta,N148D,0.1748733298
Delta,N148G,0.16851036
Delta,N148H,-0.10439417
Delta,N148I,-0.29801556
Delta,N148K,-0.21325934200000002
Delta,N148Q,0.043601025
Delta,N148S,-0.082112364
Delta,N148T,-0.060914851000000006
Delta,N148Y,-0.08026336
Delta,N148-,-0.19898402
Delta,N149D,0.06617762
Delta,N149H,-0.19329351900000002
Delta,N149I,0.23697615500000002
Delta,N149K,-0.11365949
Delta,N149Q,0.018676925
Delta,N149R,0.06769718
Delta,N149S,0.0004755169999999982
Delta,N149T,0.165098991
Delta,N149Y,-0.0421633
Delta,K150D,-1.7938927
Delta,K150E,0.17474637999999998
Delta,K150G,0.15460649
Delta,K150I,-0.09890763
Delta,K150N,0.012296810000000005
Delta,K150Q,0.04844198
Delta,K150R,0.130412038
Delta,K150T,0.126133324
Delta,K150V,0.01993657
Delta,K150*,0.0
Delta,K150-,-0.38991688799999996
Delta,S151C,0.27373336600000003
Delta,S151F,-0.52180105
Delta,S151G,-0.0018184996
Delta,S151I,-0.043352664
Delta,S151K,-0.10300494
Delta,S151L,-1.4834532
Delta,S151N,-0.072953816
Delta,S151P,0.070988774
Delta,S151Q,0.0016724461
Delta,S151R,-0.060739692
Delta,S151T,0.146482765
Delta,S151V,-0.19927156
Delta,S151Y,-0.1096512605
Delta,S151-,0.155562818
Delta,W152C,-0.52623625
Delta,W152F,0.19946955
Delta,W152G,-0.16769738
Delta,W152K,-0.61801893
Delta,W152L,-0.041554646
Delta,W152N,-0.4301212
Delta,W152Q,0.0
Delta,W152R,-0.18791917600000002
Delta,W152S,0.013776971
Delta,W152V,0.0
Delta,W152Y,-0.5319437
Delta,W152*,-5.720237
Delta,W152-,-0.191276614
Delta,M153C,-0.34594938
Delta,M153I,0.024844606
Delta,M153K,-0.010776771
Delta,M153L,0.047549227
Delta,M153R,-0.124254994
Delta,M153S,-0.36936266
Delta,M153T,0.044977065
Delta,M153V,0.049666576
Delta,M153W,-0.17294757
Delta,M153-,-0.238603376
Delta,E154A,0.014714029000000003
Delta,E154D,0.0431374978245958
Delta,E154G,-0.12601104
Delta,E154K,-0.07127577
Delta,E154Q,-0.21254464
Delta,E154S,0.03454385
Delta,E154T,-0.004239743
Delta,E154V,0.0014496872
Delta,E154W,-0.10694722
Delta,E154*,-3.21157
Delta,E154-,-0.16472211
Delta,S155A,-0.49253547
Delta,S155F,-0.47514347
Delta,S155G,0.0338438
Delta,S155I,0.020467743999999996
Delta,S155K,0.057769243
Delta,S155L,-0.39763808
Delta,S155M,0.083436966
Delta,S155N,-0.15146391
Delta,S155P,-0.71289456
Delta,S155R,0.0124181421
Delta,S155T,-0.07878343
Delta,S155V,-0.19790763
Delta,S155Y,-0.206850338
Delta,S155-,-0.084010534
Delta,E156A,-0.12597391
Delta,E156D,-0.046858184
Delta,E156G,0.127757889338
Delta,E156I,-0.014471078
Delta,E156K,0.015917622
Delta,E156L,0.16373096
Delta,E156Q,-0.05172868
Delta,E156R,0.10062341
Delta,E156S,0.09348169
Delta,E156V,-0.024184862
Delta,E156*,0.78553903
Delta,E156-,-0.088927012
Delta,V159A,-0.21591078
Delta,V159D,0.06676915
Delta,V159F,-0.17980078
Delta,V159G,-0.7742255
Delta,V159I,0.05925808
Delta,V159L,-0.38213085399999996
Delta,V159-,-0.24278802900000002
Delta,Y160C,-0.2570995
Delta,Y160D,0.2713432
Delta,Y160F,0.06595579
Delta,Y160G,-0.0964349
Delta,Y160H,0.020568514
Delta,Y160I,-0.30572093
Delta,Y160N,-0.885930696
Delta,Y160T,0.0
Delta,Y160V,0.020693446
Delta,Y160*,-3.5667622
Delta,Y160-,-1.051849529
Delta,S161A,-0.1129449115
Delta,S161C,0.0
Delta,S161F,-0.17971791
Delta,S161N,-0.06673904
Delta,S161P,-0.10986216
Delta,S161Q,-0.35809243
Delta,S161R,0.11814579
Delta,S161T,-0.16410993100000001
Delta,S161Y,-0.1260356
Delta,S161-,-0.14114876
Delta,S162A,0.5448738
Delta,S162F,0.011218561
Delta,S162G,0.08627939300000001
Delta,S162I,0.295271798
Delta,S162K,-0.004138364
Delta,S162L,0.091659416
Delta,S162N,0.109262636
Delta,S162P,-0.84029464
Delta,S162R,-0.099815652
Delta,S162T,-0.51477844
Delta,S162Y,-0.38183791
Delta,S162-,0.0627905
Delta,A163D,-0.0058169886
Delta,A163E,0.18954025
Delta,A163G,0.04556867
Delta,A163I,0.029287007
Delta,A163K,0.0
Delta,A163L,0.329230063
Delta,A163P,0.7126416
Delta,A163S,0.10438787546999999
Delta,A163T,0.11786259999999998
Delta,A163V,-0.29115101
Delta,A163Y,0.0
Delta,A163-,-0.213552919
Delta,N164A,-0.40670973
Delta,N164D,0.06591347
Delta,N164F,-0.18986619
Delta,N164H,0.109863076
Delta,N164I,-0.16215315
Delta,N164K,-0.13986704
Delta,N164S,-0.097195979
Delta,N164T,-0.123508093
Delta,N164Y,-0.021282692
Delta,N164-,-0.207211664
Delta,N165D,-0.46281749699999997
Delta,N165F,-0.60413134
Delta,N165H,-0.30700886
Delta,N165I,-0.3793171
Delta,N165K,0.06171413999999997
Delta,N165L,-1.050034
Delta,N165M,-0.11926329
Delta,N165S,-0.09810848
Delta,N165Y,-0.44683155
Delta,C166A,-1.3954091
Delta,C166F,-4.164824
Delta,C166G,0.0
Delta,C166L,-2.6550467
Delta,C166R,-2.578661
Delta,C166S,-4.935455
Delta,C166T,0.0
Delta,C166Y,-1.3306920000000002
Delta,C166*,0.0
Delta,C166-,-3.130739
Delta,T167A,-0.18729354
Delta,T167E,-0.25165477
Delta,T167I,-0.46569038999999995
Delta,T167L,-0.40536097
Delta,T167N,-0.08679345
Delta,T167S,-0.3093984153
Delta,T167V,-0.20404056
Delta,T167Y,0.16140214
Delta,T167-,-2.090299
Delta,F168A,-0.2779469
Delta,F168I,-0.26598105
Delta,F168L,-0.06450175
Delta,F168S,-0.29328966
Delta,F168V,-0.194904
Delta,F168Y,0.2646233
Delta,F168-,-0.39626923
Delta,E169A,-0.34161788
Delta,E169D,0.051004174
Delta,E169G,-0.74018914
Delta,E169K,-0.16830992
Delta,E169N,-0.073536925
Delta,E169Q,-0.014377040000000008
Delta,E169T,-0.40240282
Delta,E169V,-0.11841678000000003
Delta,E169*,-2.5005186
Delta,E169-,-0.85621566
Delta,Y170C,-0.40194118
Delta,Y170D,-0.52971005
Delta,Y170F,-0.0677279
Delta,Y170H,0.07812389500000001
Delta,Y170I,-0.08288894
Delta,Y170M,-0.0813526
Delta,Y170N,-0.59238575
Delta,Y170R,0.12837398
Delta,Y170*,-1.8295406
Delta,Y170-,-0.12730455
Delta,V171A,-0.1628572
Delta,V171C,-0.4316698
Delta,V171D,0.4187213
Delta,V171E,-0.08673014
Delta,V171F,-0.16452127300000002
Delta,V171G,-0.2970281
Delta,V171I,-0.036483888
Delta,V171L,0.00148775000000001
Delta,V171M,-0.268361967
Delta,V171S,-0.2124636
Delta,V171-,-0.13894296
Delta,S172A,0.022025758
Delta,S172E,0.11964788
Delta,S172F,-0.33331975
Delta,S172G,-0.28396675
Delta,S172I,-0.6621711
Delta,S172L,-0.2459563
Delta,S172N,-0.17134973
Delta,S172P,-0.8771505
Delta,S172R,0.11774183999999999
Delta,S172T,-0.009672158
Delta,S172Y,-0.2881323
Delta,S172-,-0.319025625
Delta,Q173D,-0.017643064
Delta,Q173E,-0.02171609
Delta,Q173H,-0.053078270000000004
Delta,Q173K,0.008970502
Delta,Q173L,-0.07905509
Delta,Q173P,-0.20194001
Delta,Q173R,0.09095293
Delta,Q173S,0.124782465
Delta,Q173*,-3.0579777
Delta,P174A,-0.04308586
Delta,P174H,-0.16832912
Delta,P174L,-0.18587642
Delta,P174Q,-0.24476054
Delta,P174R,-0.15772985
Delta,P174S,0.025605561
Delta,P174T,-0.048982322
Delta,F175C,-0.034275256
Delta,F175I,0.110333336
Delta,F175K,-0.63862604
Delta,F175L,0.041245923000000004
Delta,F175S,0.0064523323
Delta,F175V,-0.109788746
Delta,F175Y,-0.5887364
Delta,F175-,0.10374584
Delta,L176A,0.07298476
Delta,L176C,-0.09638652
Delta,L176D,-0.11051523
Delta,L176E,-0.101455286
Delta,L176F,0.087892909
Delta,L176G,-0.043224843
Delta,L176H,-0.04183263
Delta,L176I,0.02713138
Delta,L176K,-0.09726089500000001
Delta,L176M,0.07108339107
Delta,L176N,-0.031397654000000004
Delta,L176P,-0.12624846087227
Delta,L176Q,-0.13606527300000001
Delta,L176R,-0.116734886
Delta,L176S,-0.030376932
Delta,L176T,-0.074810214
Delta,L176V,-0.088810097
Delta,L176W,-0.06145096
Delta,L176Y,-0.0032952859999999997
Delta,L176*,-2.1539785800000004
Delta,L176-,0.07018544
Delta,M177I,-0.033379884299999996
Delta,M177K,0.21949765200000002
Delta,M177L,0.0073578246
Delta,M177N,-0.06914849
Delta,M177R,0.37231892
Delta,M177T,-0.07875671
Delta,M177V,0.05085863
Delta,M177W,0.12129580300000001
Delta,M177Y,-0.04533355
Delta,M177-,-0.27699873
Delta,D178A,-0.10006971
Delta,D178C,0.07105217000000003
Delta,D178E,-0.012413317
Delta,D178F,-0.067662105
Delta,D178G,-0.144017
Delta,D178H,-0.08189199
Delta,D178I,-0.30251306850000004
Delta,D178K,0.05874796
Delta,D178L,-0.3203316
Delta,D178M,-0.24963668
Delta,D178N,-0.08575877
Delta,D178P,0.016759608
Delta,D178Q,-0.07985146
Delta,D178R,-0.15372886
Delta,D178S,-0.073951721
Delta,D178T,-0.084888145
Delta,D178V,0.09726713000000001
Delta,D178W,-0.38634902
Delta,D178Y,-0.09056862599999999
Delta,D178*,-4.67063
Delta,D178-,0.28602484
Delta,L179F,-0.279137033
Delta,L179G,0.21599485
Delta,L179I,0.065337695
Delta,L179M,-0.059265293
Delta,L179P,-0.158414162
Delta,L179R,-0.13088431
Delta,L179S,0.18454668500000002
Delta,L179T,0.38131082
Delta,L179V,0.0
Delta,L179*,0.7493086
Delta,L179-,-0.049133893
Delta,E180A,-0.156693721
Delta,E180D,-0.06846276800000001
Delta,E180G,-0.057762224
Delta,E180K,0.15016436500000002
Delta,E180Q,-0.016038880000000005
Delta,E180R,-0.16578825
Delta,E180T,0.010174182
Delta,E180V,-0.007864926999999997
Delta,E180*,-3.151038
Delta,E180-,-0.40026915
Delta,G181A,-0.045936875
Delta,G181C,-0.18159091
Delta,G181D,-0.066873867
Delta,G181E,0.137222244
Delta,G181I,-0.3541153
Delta,G181L,-0.043443903
Delta,G181R,0.0305520315
Delta,G181S,-0.054296750000000005
Delta,G181V,0.065816335
Delta,G181-,-0.13959858
Delta,K182C,-0.13598615
Delta,K182E,-0.009441507818196901
Delta,K182I,-0.402695358
Delta,K182M,0.0
Delta,K182N,-0.0067354195
Delta,K182Q,0.08578157
Delta,K182R,-0.017081015499999998
Delta,K182T,-0.07277576999999999
Delta,Q183E,-0.09584842
Delta,Q183H,0.185781419
Delta,Q183K,0.05803839999999999
Delta,Q183L,0.033564382000000004
Delta,Q183M,0.0
Delta,Q183P,-0.07391677
Delta,Q183R,0.022642054
Delta,Q183S,0.2463226
Delta,Q183T,0.25367207
Delta,Q183Y,0.00046225113
Delta,Q183*,-5.2966557
Delta,G184A,-0.316239836
Delta,G184C,-0.359339
Delta,G184D,0.18868453300000002
Delta,G184R,-0.06646442
Delta,G184S,-0.179580599
Delta,G184V,-0.03216032
Delta,G184-,-0.038205914
Delta,N185D,-0.13120052
Delta,N185H,0.15370886
Delta,N185I,-0.16664508
Delta,N185K,0.1951834
Delta,N185L,-0.14146762
Delta,N185S,-0.041087979999999996
Delta,N185T,0.03397445
Delta,N185Y,-0.09391433
Delta,N185-,-0.1508137
Delta,F186C,-0.7101523
Delta,F186H,0.033337515
Delta,F186I,0.085274644
Delta,F186L,-0.140690723
Delta,F186S,-0.291889796
Delta,F186V,0.17096776800000002
Delta,F186Y,-0.20764361
Delta,F186-,-0.26835707
Delta,K187D,-0.09146455
Delta,K187E,0.069820883
Delta,K187I,-0.02733002
Delta,K187M,0.07652061
Delta,K187N,0.09567472
Delta,K187Q,0.117973248
Delta,K187R,-0.04262176
Delta,K187T,-0.019009737
Delta,K187-,-0.25265902
Delta,N188D,-0.28544881
Delta,N188H,-0.28547955
Delta,N188I,-0.046762984
Delta,N188K,0.12148117
Delta,N188S,-0.013416273999999999
Delta,N188T,0.09303402
Delta,N188Y,0.03097197
Delta,N188*,0.0
Delta,N188-,-0.17543238
Delta,L189F,-0.058670036
Delta,L189I,0.0013845252
Delta,L189M,-0.09979846
Delta,L189N,-2.2750435
Delta,L189P,-2.9344966
Delta,L189Q,1.0528923
Delta,L189R,0.46356976
Delta,L189S,-1.2959753
Delta,L189V,-0.312838298
Delta,L189-,-1.361677
Delta,R190G,-0.2982692
Delta,R190I,-0.008470337
Delta,R190K,0.083101225
Delta,R190M,-0.052904049999999994
Delta,R190N,0.070706524
Delta,R190S,-0.058029737
Delta,R190T,0.431198955
Delta,R190W,0.242779875
Delta,R190-,-0.31835034
Delta,E191D,-2.876787
Delta,E191G,-1.7835786
Delta,E191I,-1.1407517
Delta,E191K,-2.8615975
Delta,E191N,-3.2006164
Delta,E191Q,-2.7922935
Delta,E191*,-0.6336071999999999
Delta,F192I,-0.37703687
Delta,F192L,-0.196814868
Delta,F192S,-2.7178087
Delta,F192W,-0.26418388
Delta,F192Y,0.04683558
Delta,V193A,-0.66161156
Delta,V193C,-0.08752045000000003
Delta,V193E,0.0
Delta,V193G,0.0
Delta,V193I,0.28465164
Delta,V193L,-0.11817333999999999
Delta,V193M,-0.65213939
Delta,V193-,-1.259981
Delta,F194I,-0.36847952
Delta,F194L,-0.46674588
Delta,F194S,0.0
Delta,F194V,0.06829862
Delta,F194-,-1.4613262900000001
Delta,K195E,-2.3851793
Delta,K195G,0.0
Delta,K195M,0.0
Delta,K195N,-2.5560153
Delta,K195R,-0.7724188
Delta,K195*,-1.4535309
Delta,N196D,-0.11142879
Delta,N196E,0.22187304
Delta,N196G,0.0
Delta,N196H,-0.5395425
Delta,N196I,0.09104786
Delta,N196K,-0.11953958
Delta,N196S,-0.012997410000000001
Delta,N196T,-0.048979837
Delta,N196Y,0.26828536
Delta,N196-,0.02881257
Delta,I197D,-0.25352597
Delta,I197L,0.12277798
Delta,I197M,0.18125167
Delta,I197N,0.16856053
Delta,I197R,0.36961284
Delta,I197S,0.1081388
Delta,I197T,-0.008095267
Delta,I197V,0.012177547
Delta,I197Y,-0.08894408
Delta,D198A,-0.051565118
Delta,D198E,-0.248052
Delta,D198F,-1.1880085
Delta,D198G,0.08673182
Delta,D198H,0.036759663
Delta,D198L,-0.046936654
Delta,D198M,-0.09090518
Delta,D198N,0.07322046000000001
Delta,D198V,0.0
Delta,D198Y,0.039664209
Delta,G199A,0.018528640000000013
Delta,G199C,-1.0286357
Delta,G199D,-0.3408927
Delta,G199L,-1.3951429
Delta,G199R,-0.9774411
Delta,G199S,-0.2523704531
Delta,G199V,-0.4948199999999999
Delta,G199W,-2.040351
Delta,Y200A,-0.080505
Delta,Y200C,0.11757119999999999
Delta,Y200F,0.09233821
Delta,Y200H,-0.23382536000000004
Delta,Y200I,0.25243974
Delta,Y200L,0.042895187
Delta,Y200N,0.3755486
Delta,Y200S,-0.025277182
Delta,Y200*,-2.8249216
Delta,Y200-,0.0
Delta,F201C,-0.33889845
Delta,F201H,-1.9429013
Delta,F201I,0.15754281999999997
Delta,F201L,0.09793756
Delta,F201S,-3.415442
Delta,F201V,-0.33369276
Delta,F201Y,0.0
Delta,K202A,-0.8116325
Delta,K202E,-0.004498280000000021
Delta,K202G,0.0026166993
Delta,K202H,-0.056598593
Delta,K202M,0.044922907
Delta,K202N,0.05655855000000001
Delta,K202R,0.027918730000000003
Delta,K202S,-0.2004154173
Delta,K202T,-0.111946516
Delta,I203A,-1.3771452
Delta,I203F,0.0
Delta,I203K,-3.9173865
Delta,I203L,-0.45940760999999997
Delta,I203M,-0.06365708
Delta,I203N,-1.5235852
Delta,I203S,-0.31762445
Delta,I203T,-0.21734881399999997
Delta,I203V,-0.13727212
Delta,I203Y,-2.311106
Delta,Y204C,-0.870504766
Delta,Y204F,-0.023317631999999998
Delta,Y204H,0.01971282399999999
Delta,Y204I,-2.6780066
Delta,Y204L,-0.25402766
Delta,Y204N,-0.365462
Delta,Y204*,-1.7991037
Delta,S205A,0.15483332
Delta,S205C,-0.5969899
Delta,S205F,-0.32910262
Delta,S205G,-0.15156181
Delta,S205I,-0.20817531
Delta,S205L,0.08314567
Delta,S205N,-0.198650412
Delta,S205R,0.06065032
Delta,S205T,0.0649198
Delta,S205Y,0.198609216
Delta,K206A,0.18020096
Delta,K206E,-0.7656632
Delta,K206G,-1.5989653
Delta,K206I,-1.3665726
Delta,K206L,-0.46133828
Delta,K206M,-0.1881743
Delta,K206N,-0.28263363
Delta,K206R,0.35244461999999993
Delta,K206S,-0.45815852
Delta,K206T,-0.058132507
Delta,H207L,-0.020975975
Delta,H207M,0.33182988
Delta,H207N,0.08375748
Delta,H207P,0.6399625
Delta,H207Q,0.060634904
Delta,H207R,-0.04239873000000001
Delta,H207S,0.08259875
Delta,H207T,0.028861474
Delta,H207Y,-0.021960742999999998
Delta,T208A,0.0021524400000000055
Delta,T208I,-0.09002511999999999
Delta,T208K,-0.17893533
Delta,T208L,-0.76010233
Delta,T208M,0.0519475
Delta,T208P,-0.30118695
Delta,T208R,-1.3827131
Delta,T208S,-0.19730352
Delta,P209A,0.33019865
Delta,P209H,-0.2319454204
Delta,P209L,0.1022241918
Delta,P209Q,0.034792926
Delta,P209R,0.40632386
Delta,P209S,-0.038011708
Delta,P209T,0.05287935
Delta,P209Y,-0.07437863
Delta,I210F,6.698700000000446e-05
Delta,I210L,-0.23709214
Delta,I210N,-0.13465169600000002
Delta,I210S,0.081998143476503
Delta,I210T,-0.0076035700000000005
Delta,I210V,-0.012877235
Delta,I210Y,-0.08495317
Delta,I210-,-0.170235465
Delta,I212A,-0.02848446
Delta,I212C,-0.055563368
Delta,I212D,0.11720194
Delta,I212E,0.031146845
Delta,I212F,-0.014495414
Delta,I212G,0.03496004
Delta,I212H,0.019746132
Delta,I212K,0.07238357
Delta,I212L,-0.026432373000000002
Delta,I212M,-0.13592343
Delta,I212N,0.078033455
Delta,I212P,0.35938315
Delta,I212Q,0.0062656365
Delta,I212R,-0.028465046
Delta,I212S,-0.119306656
Delta,I212T,0.06835251
Delta,I212V,0.05478741
Delta,I212W,-0.006866746
Delta,I212Y,0.09539827
Delta,I212*,-3.8326354
Delta,I212-,-0.135110116
Delta,V213A,0.019322772000000002
Delta,V213C,-0.30856434
Delta,V213D,0.168602464
Delta,V213E,-0.162220705
Delta,V213F,-0.21198656
Delta,V213G,0.032527324
Delta,V213H,0.05498333
Delta,V213I,0.04753447
Delta,V213K,-0.17335202
Delta,V213L,0.053784771
Delta,V213M,0.0008740330000000032
Delta,V213N,0.10969561
Delta,V213P,-0.0059501077
Delta,V213Q,-0.100637875
Delta,V213R,-0.0527692
Delta,V213S,-0.038062695
Delta,V213T,-0.03904358
Delta,V213W,-0.08695723
Delta,V213Y,-0.16070206
Delta,V213*,-3.8306139
Delta,V213-,0.11727786
Delta,R214A,0.032964773
Delta,R214C,-0.07265754
Delta,R214E,0.015531694
Delta,R214G,-0.434384258
Delta,R214H,-0.03912986
Delta,R214I,-0.10442477
Delta,R214K,0.04746828
Delta,R214L,-0.131443094
Delta,R214M,-0.016734097000000003
Delta,R214N,0.23919342
Delta,R214P,0.031443607
Delta,R214Q,0.32334495
Delta,R214S,0.017267824
Delta,R214V,-0.08497143
Delta,R214W,0.0
Delta,R214Y,0.20778430500000003
Delta,R214-,-0.058082573
Delta,D215A,-0.039863598
Delta,D215C,-0.150320077714931
Delta,D215E,0.026983369999999993
Delta,D215F,-0.11463581099999999
Delta,D215G,-0.031550485
Delta,D215H,0.06851055
Delta,D215I,0.04937303999999998
Delta,D215K,0.026601238
Delta,D215L,-0.01546439
Delta,D215M,-0.25663334
Delta,D215N,0.0014915161
Delta,D215P,-0.06792403000000001
Delta,D215Q,-0.17244188
Delta,D215R,-0.0057188199999999995
Delta,D215S,-0.02107753
Delta,D215T,-0.127187036
Delta,D215V,-0.07772712400000001
Delta,D215W,-0.11362818
Delta,D215Y,0.028693720000000006
Delta,D215*,-1.88716557
Delta,D215-,0.24832731
Delta,L216A,-0.5817093
Delta,L216D,-0.18919887
Delta,L216F,0.04033233
Delta,L216I,-0.36055267999999996
Delta,L216M,-0.18891063
Delta,L216P,-0.2233366
Delta,L216Q,-0.8184549
Delta,L216R,0.19192025
Delta,L216S,-1.6078432
Delta,L216-,-1.1353805
Delta,P217H,-0.105397514
Delta,P217I,-1.4560391
Delta,P217L,-0.016964274
Delta,P217M,0.0
Delta,P217Q,0.054547567
Delta,P217R,0.0
Delta,P217S,-0.01584115
Delta,P217T,-0.18477333
Delta,P217V,0.27743548
Delta,P217-,0.29133424
Delta,Q218E,-0.11101258
Delta,Q218H,0.0274649913
Delta,Q218I,-0.092035614
Delta,Q218K,-0.16391235999999998
Delta,Q218L,-0.04424102999999999
Delta,Q218P,0.084983941
Delta,Q218R,0.039337895
Delta,Q218S,0.10860507
Delta,Q218*,-1.3233328
Delta,Q218-,-0.17289837
Delta,G219C,-0.215351558
Delta,G219D,-0.06561341
Delta,G219F,0.0
Delta,G219S,-0.0446865504
Delta,G219V,-0.20212055
Delta,G219-,0.016438995
Delta,F220C,0.0
Delta,F220I,0.03754289399999999
Delta,F220L,-0.20902663800000001
Delta,F220S,-1.5749595
Delta,F220V,-0.18709573
Delta,F220Y,-1.225005
Delta,F220-,-2.6508906
Delta,S221A,0.030436868
Delta,S221F,-0.80176784
Delta,S221L,4.7313773e-05
Delta,S221P,-1.4902637
Delta,S221R,-0.6667879
Delta,S221T,0.09650865
Delta,S221W,-0.29712373
Delta,S221Y,-0.05645378
Delta,S221-,-0.15011466
Delta,A222C,-0.43578864
Delta,A222D,-0.85236943
Delta,A222E,-3.6405451
Delta,A222F,-0.8011905200000001
Delta,A222G,-0.55573712
Delta,A222H,-4.6465917
Delta,A222I,0.03368903399999999
Delta,A222K,-3.571459
Delta,A222L,-0.10031413
Delta,A222M,-0.15076078
Delta,A222N,-1.6803447
Delta,A222P,0.10896099
Delta,A222Q,-1.6773198
Delta,A222R,-4.3375764
Delta,A222S,-0.21565137
Delta,A222T,-0.101723992
Delta,A222V,0.036580594999999994
Delta,A222W,-4.2150526
Delta,A222Y,-3.653148
Delta,A222*,-3.1400774
Delta,A222-,-2.4164767
Delta,L223E,-2.909595
Delta,L223F,-3.451818
Delta,L223I,-0.47306678
Delta,L223M,-1.2218817
Delta,L223S,-2.105915
Delta,L223T,-1.9085956
Delta,L223V,-2.923005
Delta,L223-,-0.74095386
Delta,E224A,-0.085469075
Delta,E224D,-1.5268756
Delta,E224G,-0.3892573
Delta,E224K,-0.6373973199999999
Delta,E224N,-1.4327973
Delta,E224Q,-0.0859574
Delta,E224R,-0.323547
Delta,E224T,-0.5563915
Delta,E224V,-0.28430676
Delta,E224*,-1.4963527
Delta,E224-,-0.21432365
Delta,P225A,-2.0838957
Delta,P225H,-4.1268535
Delta,P225L,-0.40677399999999997
Delta,P225Q,-0.5710006000000001
Delta,P225R,-2.3840344
Delta,P225S,-2.6278994
Delta,P225T,-3.895474
Delta,P225V,-3.2501397
Delta,P225-,-2.6621253
Delta,L226F,-0.065407144
Delta,L226I,0.0055705500000000074
Delta,L226M,-0.0033864325
Delta,L226P,-3.3140583
Delta,L226S,-0.16048099
Delta,L226T,0.14399984
Delta,L226V,-0.245059007
Delta,L226W,-0.5037689
Delta,L226-,-2.4172862
Delta,V227A,-0.31022269
Delta,V227E,0.018109668
Delta,V227G,-0.6014042500000001
Delta,V227I,-0.063373192
Delta,V227L,-0.1087382
Delta,V227M,-0.08941614
Delta,V227R,0.0
Delta,V227T,-0.24727578
Delta,V227-,-1.1408844
Delta,D228A,-0.10252454
Delta,D228E,-0.20631780500000002
Delta,D228G,-0.37538862
Delta,D228H,-0.26208557
Delta,D228I,-0.88084185
Delta,D228K,0.27994618
Delta,D228L,1.155253
Delta,D228N,-0.062268964999999996
Delta,D228R,-0.0017948976
Delta,D228S,-0.21792914
Delta,D228V,-0.7091426
Delta,D228Y,-0.26322566000000003
Delta,D228-,-2.4291542
Delta,L229C,-0.39801246
Delta,L229F,-0.29286644
Delta,L229I,-0.6652591
Delta,L229M,-0.14479262599999998
Delta,L229P,-1.65759466
Delta,L229Q,-0.32459584999999996
Delta,L229R,-1.3436478
Delta,L229S,-0.7833977
Delta,L229T,-0.69713503
Delta,L229V,-0.086613245
Delta,L229W,-0.78016883
Delta,L229-,0.0
Delta,P230A,0.037363056
Delta,P230G,-0.42259246
Delta,P230I,-2.178268
Delta,P230L,-0.68070126
Delta,P230N,-0.55729955
Delta,P230Q,-0.97953868
Delta,P230S,0.204161835
Delta,P230T,0.063386465
Delta,P230V,-0.33356655
Delta,P230-,0.64677346
Delta,I231A,-0.5366474
Delta,I231C,-0.4316207
Delta,I231F,0.03393645
Delta,I231L,0.35080437
Delta,I231M,-0.2561804
Delta,I231N,-0.98167026
Delta,I231S,0.0
Delta,I231T,0.029988965000000006
Delta,I231V,0.052075185999999996
Delta,I231-,-0.86090344
Delta,G232A,0.406449754
Delta,G232C,0.0230070429
Delta,G232D,-0.026178729999999997
Delta,G232F,0.0
Delta,G232K,-0.9135219
Delta,G232N,0.03508589
Delta,G232R,0.22265820000000003
Delta,G232S,0.043255392
Delta,G232V,0.09084987
Delta,G232Y,-0.44820276
Delta,G232-,-1.172853
Delta,I233F,-0.09015268999999998
Delta,I233L,0.028233731
Delta,I233M,0.12288495
Delta,I233N,0.0
Delta,I233R,0.0
Delta,I233S,-0.7237113
Delta,I233T,-0.0975507
Delta,I233V,-0.048766885
Delta,I233Y,-1.6891844
Delta,I233-,0.0
Delta,N234D,0.24133596
Delta,N234F,-1.2221069
Delta,N234H,0.31433566774
Delta,N234K,-0.17223708
Delta,N234L,0.29017636
Delta,N234P,0.47214326
Delta,N234R,0.1280643
Delta,N234S,0.021326642
Delta,N234T,0.2154236
Delta,N234Y,-0.354573661
Delta,N234-,-1.1112612
Delta,I235A,-0.66924614
Delta,I235F,-0.36037642
Delta,I235L,-0.86914593
Delta,I235N,-1.2341393
Delta,I235Q,0.0
Delta,I235S,-2.0972621
Delta,I235T,-0.51266265
Delta,I235V,0.1394055
Delta,I235-,-0.36904025
Delta,T236A,-0.20727531839
Delta,T236F,-1.2833142
Delta,T236I,0.020841682
Delta,T236K,-1.6226133
Delta,T236L,-0.014777714
Delta,T236N,-0.2481344
Delta,T236S,-0.095297623
Delta,T236V,0.008053087
Delta,T236-,-2.9191403
Delta,R237C,-0.123157755
Delta,R237G,-0.10822246
Delta,R237K,-0.10236972100000001
Delta,R237M,0.043962407999999994
Delta,R237N,-0.031603456
Delta,R237S,-0.19549489
Delta,R237W,0.3665599
Delta,R237Y,-0.1536301
Delta,R237-,-1.1021389
Delta,F238C,0.0
Delta,F238I,-0.14684443
Delta,F238L,-0.07499217999999999
Delta,F238S,-1.9725825
Delta,F238V,0.0
Delta,F238Y,-0.5070637299999999
Delta,F238-,0.0
Delta,Q239E,-0.48933503
Delta,Q239H,-0.102776274
Delta,Q239K,0.022772172
Delta,Q239L,-0.053748168
Delta,Q239P,-0.9972535
Delta,Q239R,0.15982373
Delta,Q239S,0.13338836
Delta,Q239T,0.05117865
Delta,Q239*,-3.2011058
Delta,Q239-,0.0
Delta,T240A,-0.018660273
Delta,T240I,0.0063624782
Delta,T240L,-1.3512583
Delta,T240N,-0.19061962
Delta,T240P,0.0043809433
Delta,T240R,-0.3953439
Delta,T240S,0.122837365
Delta,T240V,0.2156053
Delta,T240-,-0.7103826799999999
Delta,L241F,-0.32791576
Delta,L241H,0.9090507
Delta,L241I,-0.17560886
Delta,L241K,-1.5379905
Delta,L241M,-0.31395596000000003
Delta,L241P,-0.9379409000000001
Delta,L241Q,0.0
Delta,L241R,0.17555638
Delta,L241S,-2.6779377
Delta,L241V,0.047701437
Delta,L241Y,-0.8859117
Delta,L241-,-0.158467638
Delta,L242F,-0.11183463399999999
Delta,L242H,-0.043591022
Delta,L242I,-0.19175944
Delta,L242M,-0.62258569
Delta,L242P,-0.28040199
Delta,L242Q,-0.11427201000000001
Delta,L242R,-0.246642
Delta,L242S,0.0
Delta,L242T,-0.43921182
Delta,L242V,0.18474327
Delta,L242W,-0.4248718
Delta,L242Y,0.242797
Delta,L242-,0.17582324
Delta,A243C,-0.117239326
Delta,A243D,0.023535684
Delta,A243F,-1.2169245
Delta,A243G,-0.010598672
Delta,A243L,-1.0187021
Delta,A243P,-0.17145322999999998
Delta,A243S,-0.253481296
Delta,A243T,-0.0213063095
Delta,A243V,-0.162727265
Delta,A243Y,0.012259059
Delta,A243-,0.0033586307
Delta,L244D,-0.23164392
Delta,L244F,0.23178825000000003
Delta,L244I,-0.47760548
Delta,L244M,0.05802358
Delta,L244P,0.10769353229999999
Delta,L244Q,-0.5818528
Delta,L244R,0.0
Delta,L244S,-0.022523879999999996
Delta,L244V,-0.39848122999999996
Delta,L244-,-0.25942867000000003
Delta,H245C,-0.096211456
Delta,H245D,-0.06893691
Delta,H245F,-0.3216388
Delta,H245L,-0.24129206000000003
Delta,H245N,0.139790165
Delta,H245P,0.131673733
Delta,H245Q,-0.0129969232
Delta,H245R,-0.038421445
Delta,H245S,0.1334485
Delta,H245T,0.10397589
Delta,H245Y,-0.12521422699999998
Delta,H245-,0.1126515
Delta,R246D,0.0
Delta,R246E,0.24240772
Delta,R246G,0.136622625
Delta,R246I,0.089564333
Delta,R246K,0.09400437
Delta,R246M,-0.35756192
Delta,R246N,0.007569107
Delta,R246Q,-0.060834013
Delta,R246S,-0.047337693
Delta,R246T,-0.098431796
Delta,R246V,-0.63810533
Delta,R246W,-0.21350196
Delta,R246Y,-0.16111177
Delta,R246-,0.08411716
Delta,S247C,-0.00866269
Delta,S247F,0.06992641
Delta,S247G,0.173389108
Delta,S247H,0.090876676
Delta,S247I,0.026838219999999996
Delta,S247K,1.6260418
Delta,S247N,0.016080337
Delta,S247P,-0.080783196
Delta,S247R,-0.5732012
Delta,S247V,0.0
Delta,S247Y,0.220608385
Delta,S247-,-0.0036287156
Delta,Y248C,0.28828950600000003
Delta,Y248D,0.24914083
Delta,Y248F,-0.22768876700000001
Delta,Y248H,0.001470664
Delta,Y248I,-0.072695285
Delta,Y248L,0.11157643
Delta,Y248N,-0.23051028
Delta,Y248Q,0.0
Delta,Y248S,-0.050505545
Delta,Y248V,-0.3551583
Delta,Y248*,-1.9003181
Delta,Y248-,0.07681457200000001
Delta,L249F,-0.100114642
Delta,L249M,0.089691573
Delta,L249P,-0.104407628
Delta,L249Q,0.236134355
Delta,L249R,-0.04617267
Delta,L249S,0.28531158
Delta,L249V,-0.03593179
Delta,L249W,-0.127160934
Delta,L249-,0.029940136
Delta,T250A,0.132833164
Delta,T250D,0.20074062
Delta,T250F,0.033276573
Delta,T250I,-0.021314273
Delta,T250K,0.1235724
Delta,T250L,-0.118012115
Delta,T250M,0.8034506
Delta,T250N,0.154870183
Delta,T250P,0.156638011
Delta,T250Q,-0.07691398
Delta,T250R,0.3930164
Delta,T250S,-0.107988134
Delta,T250-,0.090718254
Delta,P251A,-1.2023425
Delta,P251H,-0.031748169
Delta,P251L,0.04888446
Delta,P251R,-0.31288302
Delta,P251S,0.056994046
Delta,P251T,-0.04262089599999999
Delta,P251V,-0.059724838
Delta,P251Y,-0.07259764
Delta,P251-,0.082440525
Delta,G252A,0.0
Delta,G252D,-0.027058646
Delta,G252E,-0.033352163
Delta,G252I,-0.11677528
Delta,G252L,0.092722766
Delta,G252R,0.022987321
Delta,G252S,0.128189067
Delta,G252V,-0.18314676
Delta,G252*,-0.67139614
Delta,G252-,-0.183313136
Delta,D253A,-0.1404438623
Delta,D253C,-0.217429447
Delta,D253E,-0.024864369999999997
Delta,D253F,0.10367678000000001
Delta,D253G,-0.07979326
Delta,D253H,0.11939221200000001
Delta,D253I,-0.22083142
Delta,D253K,-0.14605999000000003
Delta,D253L,-0.111173777
Delta,D253M,0.124512389
Delta,D253N,0.040321657
Delta,D253P,-0.060450538000000005
Delta,D253Q,-0.08169316
Delta,D253R,-0.0720636034
Delta,D253S,0.042643214
Delta,D253T,0.07264690099999999
Delta,D253V,-0.08342914800000001
Delta,D253W,0.15483943
Delta,D253Y,-0.020267075000000002
Delta,D253*,-2.8552892
Delta,D253-,-0.35750735
Delta,S254A,-0.055355456
Delta,S254C,-0.055244683
Delta,S254D,0.13472421
Delta,S254E,0.00947217
Delta,S254F,0.0524025813
Delta,S254G,-0.47611325000000004
Delta,S254H,-0.19874353
Delta,S254I,-0.15422463
Delta,S254K,-0.033670005
Delta,S254L,0.157941663
Delta,S254M,-0.099908158
Delta,S254N,0.1383515
Delta,S254P,-0.075209273
Delta,S254Q,0.132745583
Delta,S254R,0.08493569
Delta,S254T,-0.013603409
Delta,S254V,-0.542545111
Delta,S254W,0.029185368000000003
Delta,S254Y,0.055286863000000006
Delta,S254*,-3.1856296
Delta,S254-,0.14247377
Delta,S255A,0.02018884
Delta,S255C,-0.265719734
Delta,S255D,0.0456622385
Delta,S255E,-0.084996387
Delta,S255F,-0.046167492
Delta,S255G,0.10748922
Delta,S255H,-0.014057959
Delta,S255I,0.053274
Delta,S255K,-0.081300765
Delta,S255L,-0.04690516000000001
Delta,S255M,-0.0612178
Delta,S255N,0.033057942237741
Delta,S255P,-0.0368985
Delta,S255Q,0.192846618
Delta,S255R,-0.044695847
Delta,S255T,-0.032030756
Delta,S255V,0.17080393
Delta,S255W,-0.06350651
Delta,S255Y,0.090650013
Delta,S255*,-2.672281
Delta,S256A,-0.0770166
Delta,S256F,-0.97462478
Delta,S256I,0.23860325
Delta,S256L,-0.007458978
Delta,S256N,-0.5735798
Delta,S256P,-0.060282267
Delta,S256T,-0.1721404
Delta,S256Y,0.18972799
Delta,S256-,-0.05643007
Delta,G257A,-0.26695976
Delta,G257C,-0.26771854
Delta,G257D,0.0067123356
Delta,G257E,0.018192441
Delta,G257F,-0.14604526010000002
Delta,G257H,0.1718038537
Delta,G257I,0.09008639000000002
Delta,G257K,-0.002828556
Delta,G257L,-0.07749998
Delta,G257M,0.21957674
Delta,G257N,0.053148847
Delta,G257P,0.078476695
Delta,G257Q,-0.35615742
Delta,G257R,-0.08131232
Delta,G257S,0.05639298999999999
Delta,G257T,-0.020848323
Delta,G257V,0.010433577
Delta,G257W,0.010012064
Delta,G257Y,-0.13696942
Delta,G257*,-2.7840676
Delta,G257-,-0.13546902600000002
Delta,W258C,0.03143591999999998
Delta,W258F,-0.27767712
Delta,W258G,0.53121704
Delta,W258L,0.1091291153
Delta,W258R,-0.110496908
Delta,W258S,-0.13799113
Delta,W258Y,0.7828162
Delta,W258*,-2.7037628
Delta,W258-,0.09637047
Delta,T259A,0.0021491288
Delta,T259D,-0.08328342
Delta,T259I,0.05836712499999999
Delta,T259K,0.057054352
Delta,T259P,0.05688560000000001
Delta,T259R,0.1768849
Delta,T259S,-0.041048699999999994
Delta,T259V,-0.15334313
Delta,T259-,0.059380494
Delta,A260C,-0.29199168
Delta,A260D,-0.104589969
Delta,A260E,0.089808054
Delta,A260F,-0.08957212
Delta,A260G,0.2188395116
Delta,A260I,-0.1582267
Delta,A260L,-0.20716079
Delta,A260P,-0.16413136
Delta,A260R,0.13527843
Delta,A260S,-0.025813140495
Delta,A260T,0.061726960000000025
Delta,A260V,-0.09150795
Delta,A260-,-0.3273026
Delta,G261A,0.101509674
Delta,G261C,-0.055988975
Delta,G261D,0.10848514000000001
Delta,G261E,0.10284713100000001
Delta,G261F,-0.1085006047
Delta,G261H,0.070283675
Delta,G261I,-0.046859257
Delta,G261K,0.05168766
Delta,G261L,-0.04544872
Delta,G261M,-0.01622632
Delta,G261N,0.046324307
Delta,G261P,-0.047697166
Delta,G261Q,-0.294165794
Delta,G261R,-0.075431991
Delta,G261S,-0.154992561
Delta,G261T,0.036904765
Delta,G261V,-0.19898875500000002
Delta,G261W,0.17130546200000002
Delta,G261Y,-0.14830164
Delta,G261*,-4.013167
Delta,G261-,-0.033510912
Delta,A262C,-0.26988956
Delta,A262D,-0.0053331866
Delta,A262E,-0.042254936
Delta,A262F,0.024136111
Delta,A262G,0.0124776745
Delta,A262H,-0.020359654
Delta,A262I,-0.277735364
Delta,A262K,0.0438033387
Delta,A262L,0.10751323000000002
Delta,A262M,-0.06626834
Delta,A262N,0.124045834
Delta,A262P,-0.08189298
Delta,A262Q,0.145448194
Delta,A262R,-0.059205476
Delta,A262S,0.016346923
Delta,A262T,-0.15876056
Delta,A262V,-0.031712357999999996
Delta,A262W,0.09376628
Delta,A262Y,0.043390603
Delta,A262*,-4.00763
Delta,A262-,0.01595252
Delta,A263C,-0.38880587
Delta,A263E,-0.089641444
Delta,A263G,-0.24539872
Delta,A263I,-0.28606063
Delta,A263L,0.045400303
Delta,A263P,-0.37626067
Delta,A263R,-0.25109032
Delta,A263S,-0.17279652
Delta,A263T,-0.091978066
Delta,A263V,0.166579633
Delta,A264D,0.20536894
Delta,A264G,0.2187042
Delta,A264I,-0.15737183
Delta,A264L,-0.43017209700000003
Delta,A264S,-0.240591881
Delta,A264T,-0.015885649999999998
Delta,A264V,-0.16511416
Delta,A264-,-0.18514869
Delta,Y265C,-0.14221348
Delta,Y265D,-0.32907906
Delta,Y265F,0.0430614
Delta,Y265H,0.14971003
Delta,Y265L,-0.39255804
Delta,Y265N,-0.0068573523
Delta,Y265*,-3.6427534
Delta,Y265-,-0.9376913
Delta,Y266C,-0.01725373999999999
Delta,Y266F,0.06875185
Delta,Y266H,0.20017503
Delta,Y266L,-0.021734992
Delta,Y266N,-0.29411265
Delta,Y266Q,-0.3211883
Delta,Y266*,-1.9025881
Delta,Y266-,-1.0321437
Delta,V267A,-0.47523198
Delta,V267C,-0.32963818
Delta,V267E,-1.8330294
Delta,V267I,-0.12913172
Delta,V267L,-0.3281428
Delta,V267M,-0.512453927
Delta,V267T,0.029998919
Delta,V267-,-1.2539237
Delta,G268A,0.0
Delta,G268C,-2.141139
Delta,G268D,-4.0386763
Delta,G268E,-2.4298286
Delta,G268N,-3.2558367
Delta,G268S,-0.80594643
Delta,G268-,0.0
Delta,Y269C,-0.36548
Delta,Y269F,0.0203512662836883
Delta,Y269H,-0.40162818
Delta,Y269I,-0.39328107
Delta,Y269L,-0.73268014
Delta,Y269N,-0.187452228
Delta,Y269Q,-0.13808426
Delta,Y269*,-2.4902
Delta,Y269-,-1.5888127
Delta,L270F,-4.4561877
Delta,L270H,-1.8392025
Delta,L270I,-0.27047648999999996
Delta,L270M,-0.557627
Delta,L270P,-5.4719706
Delta,L270R,0.0
Delta,L270-,-2.4638093
Delta,Q271A,-0.424157
Delta,Q271E,0.05167287999999999
Delta,Q271H,-0.10841615
Delta,Q271K,0.058012659999999994
Delta,Q271L,-0.18236512
Delta,Q271P,0.0
Delta,Q271R,0.056785619999999995
Delta,Q271S,-0.13260356
Delta,Q271V,-0.030473765
Delta,Q271*,-3.5785022
Delta,Q271-,-1.6932256
Delta,P272F,0.3560671
Delta,P272H,0.03531643
Delta,P272L,0.09319687
Delta,P272M,-0.11795859
Delta,P272Q,0.09983507000000003
Delta,P272S,0.020383794000000004
Delta,P272T,-0.0138003165
Delta,R273E,-3.0975835
Delta,R273G,-0.18398437
Delta,R273I,0.0
Delta,R273K,-0.27325982600000004
Delta,R273L,-0.9222279
Delta,R273M,-0.6622037999999999
Delta,R273Q,-1.1752437
Delta,R273S,-0.155918646
Delta,R273T,-1.01356587
Delta,R273V,0.0
Delta,R273-,-0.2841162
Delta,T274A,-0.7426502
Delta,T274D,-1.2280209
Delta,T274I,-0.072402135
Delta,T274L,-1.5921347
Delta,T274N,-0.59707433
Delta,T274P,-1.1786001
Delta,T274S,-0.6945315
Delta,T274-,0.0
Delta,F275C,-2.6517727
Delta,F275E,0.0
Delta,F275I,0.5396202699999999
Delta,F275L,0.010250625
Delta,F275M,0.046094004
Delta,F275S,-3.323692
Delta,F275V,0.0
Delta,F275Y,0.0
Delta,F275-,0.0
Delta,L276I,-1.4545691
Delta,L276M,-0.24459254
Delta,L276P,-2.4982414
Delta,L276Q,-1.65329
Delta,L276R,0.0
Delta,L276S,-2.2001185
Delta,L276V,-1.4640799
Delta,L276Y,-1.410902
Delta,L276-,-1.0321376
Delta,L277F,-0.202627824
Delta,L277I,-0.07223787
Delta,L277M,0.22910897
Delta,L277P,-3.7880905
Delta,L277R,0.0
Delta,L277V,-1.0096768
Delta,L277W,-2.6815403
Delta,K278E,-0.14151932
Delta,K278H,0.0
Delta,K278I,-2.036691
Delta,K278L,-0.1627119
Delta,K278N,-0.10966726200000002
Delta,K278Q,-0.27550617
Delta,K278R,-0.37573694
Delta,K278S,-0.018338533
Delta,K278V,-0.88915783
Delta,K278-,-2.4228324999999997
Delta,Y279C,-2.0045319
Delta,Y279F,-0.22570465339999998
Delta,Y279H,-0.8443719
Delta,Y279I,-1.6196785
Delta,Y279L,-1.2237865
Delta,Y279N,-3.6668346
Delta,Y279S,-0.54755646
Delta,Y279W,-0.44200972
Delta,Y279*,-1.2837634
Delta,Y279-,-2.7272089
Delta,N280D,-0.03544437
Delta,N280F,-2.6872857
Delta,N280I,-0.47242278
Delta,N280K,-1.0256763
Delta,N280M,-2.1223295
Delta,N280S,0.20766341
Delta,N280T,-1.0154321
Delta,N280-,-0.5720608
Delta,E281A,-0.13192339
Delta,E281D,-0.10686633
Delta,E281G,0.054007036999999994
Delta,E281H,0.02343527
Delta,E281K,0.026274639999999988
Delta,E281N,-0.17128752
Delta,E281Q,-0.0018341139999999978
Delta,E281V,-0.09778729
Delta,E281*,-1.2003616
Delta,E281-,-1.0306462
Delta,N282D,0.054231317
Delta,N282H,0.06692945
Delta,N282I,0.23846219000000002
Delta,N282K,-0.30894085089999995
Delta,N282L,-0.15714237
Delta,N282S,-0.24600808600000001
Delta,N282T,-0.3842015
Delta,N282Y,-0.3175409
Delta,G283A,-0.098463416
Delta,G283C,-2.9800332
Delta,G283D,-4.732062
Delta,G283E,-1.1202062
Delta,G283L,-0.47576994
Delta,G283R,-2.8341453
Delta,G283S,-0.3378890400000001
Delta,G283V,-2.8832858
Delta,G283W,-2.9580674
Delta,T284A,-0.019472869999999996
Delta,T284C,-0.54289615
Delta,T284I,0.126736607
Delta,T284L,-0.35749647
Delta,T284N,-0.29979774000000003
Delta,T284S,-0.031876393
Delta,I285F,-2.8857296
Delta,I285H,-1.8425585
Delta,I285L,-0.0030957076
Delta,I285S,-1.9339724
Delta,I285T,-3.2260387
Delta,I285V,-0.4692026
Delta,T286A,0.04550458
Delta,T286I,-0.37306905999999995
Delta,T286K,-0.42042178
Delta,T286N,-0.09109422
Delta,T286P,-2.127817
Delta,T286Q,-0.08026591
Delta,T286R,0.0
Delta,T286S,0.17929824
Delta,T286Y,-0.44732689
Delta,D287A,-0.21880554
Delta,D287E,0.05569036499999999
Delta,D287G,-0.16897466749999998
Delta,D287H,-0.59722716
Delta,D287K,0.0
Delta,D287N,-0.18890716
Delta,D287Q,-0.14106144
Delta,D287R,-0.4738622
Delta,D287V,-3.4988964
Delta,D287Y,-1.9900347
Delta,A288C,-0.6138148
Delta,A288D,-3.0821526
Delta,A288K,-2.8108847
Delta,A288L,-1.6967713
Delta,A288P,0.0
Delta,A288S,-0.46563895
Delta,A288T,-0.4643879
Delta,A288V,-0.18432893
Delta,A288Y,-3.0893433
Delta,V289A,-0.82536465
Delta,V289C,-0.6641024
Delta,V289I,0.08423851
Delta,V289L,-0.43889649
Delta,V289M,-4.551078
Delta,V289Q,-3.3186111
Delta,V289R,-3.2962635
Delta,V289S,0.0
Delta,V289T,-1.11222401
Delta,D290C,-3.3047307
Delta,D290E,-4.076268
Delta,D290G,-1.4989927
Delta,D290H,-3.6407375
Delta,D290N,-2.4011805
Delta,D290R,-0.4375209
Delta,D290S,-2.4812474
Delta,D290V,-3.0928059
Delta,D290Y,-0.042950390000000005
Delta,C291A,-2.897246
Delta,C291F,-3.3329358
Delta,C291G,-1.9660571
Delta,C291L,-4.163973
Delta,C291M,-2.7747638
Delta,C291R,-3.8279257
Delta,C291S,-2.4484317
Delta,C291V,-4.108499
Delta,C291W,-3.8646593
Delta,C291Y,-3.9668486
Delta,A292C,-0.5244963
Delta,A292D,-2.145591
Delta,A292E,0.0
Delta,A292G,0.11584585
Delta,A292K,-1.9017404
Delta,A292P,0.0
Delta,A292R,-2.0023406
Delta,A292S,0.14869770999999998
Delta,A292T,-0.3359979
Delta,A292V,-1.4028185400000002
Delta,L293F,-0.249189925
Delta,L293I,-0.7166232
Delta,L293M,-0.21372303
Delta,L293P,-4.726192
Delta,L293Q,0.09061113
Delta,L293R,-1.0547371
Delta,L293T,-0.4487733
Delta,L293V,-0.49384338
Delta,D294A,-2.7183113
Delta,D294C,-0.3893456
Delta,D294E,-1.9820428
Delta,D294G,-0.61568643
Delta,D294H,-2.825776
Delta,D294N,-0.640032213
Delta,D294P,-3.4975529
Delta,D294T,-2.8542566
Delta,D294V,0.0
Delta,D294Y,-2.262355
Delta,P295A,0.0
Delta,P295L,-2.388711
Delta,P295Q,-3.619588
Delta,P295S,-2.5690641
Delta,P295T,-2.5367305
Delta,L296H,-3.4443183
Delta,L296I,-0.1407676
Delta,L296M,-1.2901372
Delta,L296P,-2.0744312
Delta,L296S,-2.4906685
Delta,S297A,-0.2741332
Delta,S297C,0.0
Delta,S297F,-3.2831066
Delta,S297L,-5.4867916
Delta,S297P,-3.0594807
Delta,S297Q,-2.0022712
Delta,S297T,-2.1805537
Delta,S297Y,-1.85914
Delta,E298A,0.0
Delta,E298D,-1.6713133
Delta,E298G,-1.5969400299999998
Delta,E298K,-3.247543
Delta,E298Q,-1.15206765
Delta,E298R,-3.2767754
Delta,E298V,-3.049648
Delta,E298*,-2.3718064
Delta,T299A,-0.27075196999999995
Delta,T299I,-0.10451307500000001
Delta,T299K,-3.5549934
Delta,T299L,0.1656723
Delta,T299N,-3.06452
Delta,K300E,-2.925479
Delta,K300M,-0.43840075
Delta,K300N,-2.1065452
Delta,K300Q,-0.6106315
Delta,K300R,-0.34274904000000006
Delta,K300S,-1.5286309
Delta,K300T,0.0
Delta,K300*,-1.8173649
Delta,C301E,-3.097256
Delta,C301F,-3.8063545
Delta,C301R,-1.0868611
Delta,C301S,-1.5203384
Delta,C301V,-2.9920185
Delta,C301Y,-3.8462577
Delta,C301*,0.0
Delta,T302A,-1.845843
Delta,T302I,-0.4470584999999998
Delta,T302K,-1.4732143
Delta,T302N,-1.8374931
Delta,T302R,-2.309142
Delta,T302S,-0.42258069
Delta,T302V,-2.1022046
Delta,T302Y,-2.4892745
Delta,L303F,-0.41873196
Delta,L303I,-0.09837088
Delta,L303M,-0.13869525
Delta,L303P,-4.3769026
Delta,L303Q,-1.3099526
Delta,L303R,-2.819409
Delta,L303V,-0.35142803
Delta,K304E,-0.6428879700000001
Delta,K304N,0.45168015
Delta,K304Q,-0.40109143
Delta,K304R,0.06160939
Delta,S305A,-0.030266329999999994
Delta,S305F,-3.6465695
Delta,S305I,-2.6056626
Delta,S305L,-0.76381356
Delta,S305N,-0.1969409
Delta,S305P,-3.3151088
Delta,S305T,-0.11765317899999998
Delta,S305Y,-3.538438
Delta,F306I,-0.378761481
Delta,F306L,0.14774927
Delta,F306P,0.0
Delta,F306S,-2.321857
Delta,F306V,-0.7531495
Delta,F306Y,-1.8734126
Delta,T307A,-0.37331833
Delta,T307C,-1.2004617
Delta,T307D,0.123926274
Delta,T307E,-0.25490046
Delta,T307F,-0.6570474
Delta,T307G,-0.5134192
Delta,T307H,-0.024498145000000006
Delta,T307I,-0.1425831614
Delta,T307K,-0.36986786000000005
Delta,T307L,-0.34276426
Delta,T307M,0.26679785
Delta,T307N,0.004058239999999991
Delta,T307P,-4.95894
Delta,T307Q,-0.19641174
Delta,T307R,-0.57086104
Delta,T307S,0.001840911
Delta,T307V,-0.201115113
Delta,T307W,-0.3973072
Delta,T307Y,-0.07155312999999999
Delta,T307*,-3.2571964
Delta,V308A,-4.410211
Delta,V308C,-1.749464
Delta,V308E,0.0
Delta,V308I,0.04482739000000002
Delta,V308L,-0.06142443
Delta,V308M,-2.6736927
Delta,V308Q,0.0
Delta,E309A,0.0562254057
Delta,E309D,-0.36196403699999996
Delta,E309G,-0.06373697
Delta,E309H,0.37453958
Delta,E309K,-0.25860766
Delta,E309Q,-0.074766695
Delta,E309R,-0.40105247
Delta,E309V,-0.054092824
Delta,E309*,-2.4046144
Delta,K310E,-2.8789833
Delta,K310N,-2.8463078
Delta,K310R,-0.50874678
Delta,K310S,-2.4092479
Delta,K310T,1.171136
Delta,G311C,-2.7466931
Delta,G311D,-3.715041
Delta,G311E,-0.91622055
Delta,G311F,-1.5138479599999999
Delta,G311N,-3.9304013
Delta,G311R,-3.2671056
Delta,G311S,-3.3671365
Delta,G311V,-2.185207
Delta,I312F,-1.3582017
Delta,I312L,-0.41877598
Delta,I312M,-0.3272281
Delta,I312N,-1.8309588
Delta,I312Q,0.0
Delta,I312S,-2.0957785
Delta,I312T,-0.7034797
Delta,I312V,-0.476033
Delta,Y313C,-3.0651052
Delta,Y313D,0.0
Delta,Y313H,-0.6843751999999999
Delta,Y313I,-2.7596333
Delta,Y313L,-2.3203769
Delta,Y313N,-2.028946
Delta,Y313Q,-2.507073
Delta,Y313R,-2.5956829
Delta,Y313S,-1.2463857
Delta,Y313*,-1.2506133
Delta,Y313-,-2.6613505
Delta,Q314E,0.0
Delta,Q314H,-0.3434455
Delta,Q314K,0.032766740000000016
Delta,Q314L,-1.03525687
Delta,Q314N,-3.336138
Delta,Q314P,-0.11542951
Delta,Q314R,-0.156390229
Delta,Q314T,-0.43675154
Delta,Q314*,-3.020571
Delta,Q314-,-1.5537068
Delta,T315A,-1.1046714
Delta,T315E,-2.0851176
Delta,T315I,-0.15061313999999998
Delta,T315L,-0.22516283
Delta,T315N,-0.9228406
Delta,T315S,-2.3406608
Delta,T315-,-2.0650847
Delta,S316A,-0.16315046
Delta,S316C,-0.0026006312
Delta,S316F,-1.5477973
Delta,S316G,-0.45375648
Delta,S316I,-2.8052418
Delta,S316L,-1.0014554
Delta,S316N,0.13342555
Delta,S316P,-1.881587
Delta,S316R,-1.0443581
Delta,S316T,-0.12083817000000002
Delta,S316Y,-0.5023112
Delta,S316-,-1.3121957
Delta,N317D,-2.4454155
Delta,N317G,0.0
Delta,N317I,-0.5358027
Delta,N317K,-1.3643981
Delta,N317S,0.13953316999999998
Delta,N317T,-0.05378636000000003
Delta,N317-,-0.7244423
Delta,F318C,-3.0824924
Delta,F318I,-2.467631
Delta,F318L,-0.8083461000000001
Delta,F318N,-1.5505009
Delta,F318S,-4.2665734
Delta,F318V,-3.2204826
Delta,F318Y,-0.58170067
Delta,F318-,-1.4206554
Delta,R319E,-3.2105544
Delta,R319G,-5.165398
Delta,R319I,-1.0672504
Delta,R319K,-0.7498042
Delta,R319L,-3.4780948
Delta,R319M,-1.9592886
Delta,R319S,-3.030945
Delta,R319T,-3.6327214
Delta,R319W,-2.2193246
Delta,R319-,-2.0330815
Delta,V320A,-0.31216679999999997
Delta,V320D,-0.6180849
Delta,V320F,-0.31652103
Delta,V320G,-1.2154927
Delta,V320I,-0.55210954
Delta,V320L,-1.7733591
Delta,V320S,-0.6861185
Delta,V320T,-0.27370802
Delta,V320-,-3.2300937
Delta,Q321E,-0.10531
Delta,Q321H,0.14778503000000004
Delta,Q321K,-0.08806711999999994
Delta,Q321L,0.08109766000000002
Delta,Q321N,-0.7385457
Delta,Q321P,-0.75686276
Delta,Q321R,0.11298193
Delta,Q321S,-0.59585667
Delta,Q321T,0.0
Delta,Q321*,-3.8438468
Delta,P322A,-0.33048037
Delta,P322L,-1.5247552530000001
Delta,P322N,-2.6881742
Delta,P322Q,-4.463463
Delta,P322R,-0.40506843
Delta,P322S,-0.12634730000000016
Delta,P322T,-0.7078418
Delta,T323A,-0.31112865
Delta,T323C,-0.79177886
Delta,T323I,0.06785471000000004
Delta,T323K,0.04842421000000002
Delta,T323M,-0.3697687
Delta,T323P,-3.024962
Delta,T323Q,-0.15554962
Delta,T323R,-0.15794607000000002
Delta,T323S,0.0547738
Delta,T323-,1.0910966
Delta,E324A,0.033481079999999996
Delta,E324D,-0.008871477
Delta,E324G,0.12968345000000003
Delta,E324I,-1.096721
Delta,E324K,-0.151222
Delta,E324N,-0.4207235
Delta,E324Q,-0.2157710285
Delta,E324T,-0.563119
Delta,E324V,-0.007226209999999997
Delta,E324*,-2.3073926
Delta,S325A,-0.26195586
Delta,S325F,-0.42382437000000006
Delta,S325G,-0.500061048
Delta,S325I,-2.1754663
Delta,S325K,-0.19812632
Delta,S325L,-0.7162106
Delta,S325N,-0.051072057
Delta,S325Q,-0.60183483
Delta,S325R,-0.23176875000000008
Delta,S325T,-0.04375838
Delta,S325Y,-0.22597743
Delta,I326L,0.034255690000000005
Delta,I326N,0.32266155
Delta,I326T,-1.1872932
Delta,I326V,-0.18609671
Delta,V327A,-0.12280538
Delta,V327C,-0.75444794
Delta,V327E,-1.6714714
Delta,V327F,-0.46149907
Delta,V327G,0.0
Delta,V327I,-0.14463189
Delta,V327L,-0.3008901
Delta,V327M,-0.18445106000000006
Delta,V327Y,-0.7120463
Delta,R328C,-3.6035602
Delta,R328D,-2.6873786
Delta,R328G,-2.0860052
Delta,R328K,-4.9910016
Delta,R328M,-2.9900632
Delta,R328P,-2.1799557
Delta,R328S,-2.4598296
Delta,R328T,-1.6756338
Delta,R328W,0.33916354
Delta,F329C,0.0
Delta,F329I,-1.2080832
Delta,F329L,-0.8477149900000001
Delta,F329S,-2.0779085
Delta,F329V,-2.0170077596000002
Delta,F329Y,-0.5947499
Delta,P330A,-0.10732444999999996
Delta,P330G,-1.6586303
Delta,P330H,-2.2170897
Delta,P330L,-0.9585385999999999
Delta,P330Q,-3.0238085
Delta,P330S,-0.15564280999999996
Delta,P330T,-0.51097412
Delta,N331D,-0.6270368
Delta,N331E,-0.6908016
Delta,N331H,-0.7315566
Delta,N331I,-0.34636757
Delta,N331K,-0.13500962
Delta,N331S,-0.5262015
Delta,N331T,-0.29357243
Delta,N331Y,-1.1395181
Delta,I332A,0.0
Delta,I332L,0.36978975
Delta,I332M,0.0
Delta,I332N,-0.45794803
Delta,I332P,-3.1854837
Delta,I332T,-0.9162498000000001
Delta,I332V,-0.60584384
Delta,I332Y,-0.27029783
Delta,T333A,-0.5508454
Delta,T333F,-0.3182247
Delta,T333I,-0.45216520000000004
Delta,T333K,0.05486211000000002
Delta,T333L,-0.7545559
Delta,T333N,-0.5570331
Delta,T333P,-0.9912654
Delta,T333S,0.12927201
Delta,T333Y,-1.1685425
Delta,N334D,-0.7841083600000001
Delta,N334H,0.24032553999999998
Delta,N334I,0.0
Delta,N334K,0.3231053
Delta,N334Q,0.18044217
Delta,N334S,-0.108317444
Delta,N334T,-0.11272381
Delta,N334Y,-0.36546418
Delta,L335A,-0.35726768
Delta,L335F,-0.125896106
Delta,L335M,0.013809523
Delta,L335P,0.017650739999999998
Delta,L335Q,-0.36039254
Delta,L335R,0.1797709
Delta,L335S,0.023665935
Delta,L335T,-0.08757384
Delta,L335V,0.019190717
Delta,C336F,-1.2380428
Delta,C336R,-0.15023857
Delta,C336S,-1.5126936
Delta,C336T,-2.4581418
Delta,C336V,-2.843086
Delta,C336Y,-2.5995913
Delta,C336*,-2.9988298
Delta,P337A,0.0
Delta,P337H,-0.010529759999999999
Delta,P337L,-0.028293899999999983
Delta,P337Q,0.10446213000000001
Delta,P337R,-0.08074421
Delta,P337S,0.05075843999999999
Delta,P337T,-0.04684790000000005
Delta,F338I,-0.95277274
Delta,F338L,0.031217069999999986
Delta,F338S,-3.1291826
Delta,D339A,-0.04529379
Delta,D339C,-0.4631993999999997
Delta,D339E,0.071656416
Delta,D339F,-0.30849603
Delta,D339G,-0.16953711500000002
Delta,D339H,0.03354614
Delta,D339I,0.16414788
Delta,D339K,-0.098559685
Delta,D339L,0.032092042
Delta,D339M,0.16739243
Delta,D339N,-0.04090219
Delta,D339P,-0.6637912
Delta,D339Q,-0.050444987
Delta,D339R,-0.2526943
Delta,D339S,-0.059146729999999995
Delta,D339T,-0.13668539
Delta,D339V,-0.415483418
Delta,D339W,-0.19855018
Delta,D339Y,-0.21978
Delta,D339*,-3.8070374
Delta,E340A,-0.31707352
Delta,E340D,-0.34198756
Delta,E340G,-0.1404498700000001
Delta,E340K,-0.042521329999999996
Delta,E340Q,-0.029529460000000007
Delta,E340S,-0.30277902
Delta,E340V,-0.6109973
Delta,E340*,-3.1890275
Delta,V341A,-0.51804703
Delta,V341E,-1.36948
Delta,V341F,-0.58130074
Delta,V341G,0.0
Delta,V341I,0.13020436
Delta,V341L,-0.1277991647
Delta,V341M,-0.004432960000000041
Delta,V341S,-2.5463395
Delta,F342I,-0.34031604000000004
Delta,F342L,-0.03525621000000001
Delta,F342S,-3.1105013
Delta,F342Y,-3.4714766
Delta,F342-,-3.062912
Delta,N343D,-0.36835289
Delta,N343K,-1.2067622
Delta,N343S,-0.5658177
Delta,N343T,0.0
Delta,N343Y,-0.41860992
Delta,A344D,-0.03125840000000002
Delta,A344F,-0.98526865
Delta,A344R,-0.33755347
Delta,A344S,-0.09014587000000002
Delta,A344T,-0.1330755
Delta,A344V,-0.36463302
Delta,A344-,-0.07698874
Delta,T345A,0.0
Delta,T345H,-0.7350915
Delta,T345I,-2.714518
Delta,T345N,-0.9505796
Delta,T345S,-0.08910818
Delta,T345-,-0.2532377
Delta,R346G,-0.18274253000000001
Delta,R346I,-0.02744301
Delta,R346K,0.045404506
Delta,R346M,-0.114643686
Delta,R346Q,-0.052320104
Delta,R346S,0.0940299356
Delta,R346T,0.039671799
Delta,R346W,-0.68418705
Delta,R346-,0.050754495
Delta,F347C,-2.32015474721
Delta,F347I,-2.223222
Delta,F347L,-1.8217624
Delta,F347R,-1.763421
Delta,F347S,-2.169689
Delta,F347V,0.0
Delta,F347Y,-1.8847167
Delta,F347-,0.0
Delta,A348C,-1.7874517
Delta,A348D,-3.080525
Delta,A348E,-1.1682048
Delta,A348G,-0.65970635
Delta,A348L,-1.8802067
Delta,A348P,0.187294152
Delta,A348S,-0.11399103
Delta,A348T,-0.13904870000000003
Delta,A348V,-0.5146786000000001
Delta,A348-,0.0
Delta,S349A,-0.12179109999999982
Delta,S349F,-2.7378564
Delta,S349I,-2.8315933
Delta,S349L,-2.6750755
Delta,S349P,-0.12694384000000003
Delta,S349Q,-0.28505743
Delta,S349T,-1.4194386
Delta,S349Y,-3.2087262
Delta,S349-,0.0
Delta,V350A,-0.22286059999999974
Delta,V350C,-3.2950647
Delta,V350D,0.0775305
Delta,V350F,-3.6483812
Delta,V350G,0.0
Delta,V350I,-0.48109500000000005
Delta,V350L,-3.190833
Delta,V350-,0.0
Delta,Y351C,-1.8266894
Delta,Y351F,-0.07346109
Delta,Y351H,-0.33660310000000004
Delta,Y351L,-2.2595203
Delta,Y351M,-2.212332
Delta,Y351N,-0.22266772
Delta,Y351*,-2.589396
Delta,Y351-,0.0
Delta,A352C,-1.1536855
Delta,A352D,-0.1715915600000001
Delta,A352G,0.06716513
Delta,A352L,0.0
Delta,A352M,-0.13190036
Delta,A352N,0.058970276
Delta,A352S,0.17770674000000003
Delta,A352T,-0.05483530000000014
Delta,A352V,-0.2767415
Delta,W353C,-2.9329429
Delta,W353F,-0.9926812
Delta,W353G,-2.3776057
Delta,W353L,-2.2891324
Delta,W353R,-4.518847
Delta,W353*,-6.948935
Delta,N354D,-0.151155295
Delta,N354H,-0.15630321
Delta,N354I,-0.028113578
Delta,N354K,0.038627522
Delta,N354S,-0.13347977
Delta,N354T,-0.18933778299999998
Delta,N354Y,0.5252231999999999
Delta,R355G,-2.9722598
Delta,R355K,-3.437952
Delta,R355M,-2.9374642
Delta,R355Q,-0.79761004
Delta,R355S,-2.984066
Delta,R355T,-2.541054
Delta,R355W,-1.4495682
Delta,K356E,-0.06986672000000005
Delta,K356G,-0.45067054000000006
Delta,K356M,0.20702548299999998
Delta,K356N,0.0029493000000000436
Delta,K356Q,0.029217726
Delta,K356R,-0.058799067999999996
Delta,K356T,-0.030285209999999993
Delta,K356W,-1.399682
Delta,K356Y,-0.24078909
Delta,R357E,-0.33645657
Delta,R357G,-0.1013923000000001
Delta,R357I,0.18031839
Delta,R357K,-0.23379667999999998
Delta,R357M,0.01407432
Delta,R357S,-0.076576576
Delta,R357T,0.08114177
Delta,R357W,-0.16337803
Delta,R357-,0.0
Delta,I358E,-0.789262
Delta,I358F,-1.464024
Delta,I358L,-0.002644853
Delta,I358N,-2.857667
Delta,I358S,-2.362114
Delta,I358T,-0.7619772
Delta,I358V,-0.15823469999999995
Delta,S359A,0.40121686
Delta,S359C,-0.3407091
Delta,S359F,0.2962175
Delta,S359G,-0.33437510000000004
Delta,S359I,-0.26672598
Delta,S359L,-3.0270898
Delta,S359N,-0.14630301
Delta,S359R,0.15384425000000002
Delta,S359T,-0.011039370000000007
Delta,N360A,-2.262238
Delta,N360D,0.23726055
Delta,N360F,-0.6920075
Delta,N360I,0.18176079
Delta,N360K,-0.89791634
Delta,N360L,-1.3545076
Delta,N360S,-0.24898422000000003
Delta,N360T,-2.0781434
Delta,N360Y,-0.11511880000000008
Delta,C361F,-1.7899765
Delta,C361G,-1.9368979
Delta,C361I,-2.0207765
Delta,C361N,-3.3148503
Delta,C361R,-4.5954547
Delta,C361S,0.0
Delta,C361T,-2.9829926
Delta,C361V,-2.6329823
Delta,C361Y,-1.3453201499999998
Delta,C361*,-1.735684
Delta,V362A,-0.6777287
Delta,V362E,-1.6123012
Delta,V362F,-1.1365237499999998
Delta,V362G,-1.1710165
Delta,V362I,-0.28552385
Delta,V362L,-0.29141688
Delta,V362M,0.11109433000000002
Delta,A363D,-2.9775846
Delta,A363L,0.18785302
Delta,A363P,0.0
Delta,A363S,0.01565386999999996
Delta,A363T,-0.030951000000000062
Delta,A363V,0.03555806
Delta,D364E,-1.0023173
Delta,D364G,-2.827283
Delta,D364N,-0.24327873
Delta,D364S,-3.2493463
Delta,D364Y,-0.7631001
Delta,D364-,-2.9338198
Delta,Y365A,0.0
Delta,Y365C,-1.6023494
Delta,Y365D,-2.4163241
Delta,Y365E,-2.3162155
Delta,Y365F,-0.31033750000000004
Delta,Y365H,-0.63238524
Delta,Y365N,0.0
Delta,Y365S,-2.76193
Delta,Y365*,-1.8787969
Delta,Y365-,-2.0592117
Delta,S366A,-0.42582172
Delta,S366F,-2.2530022
Delta,S366I,-2.2426248
Delta,S366L,-0.59526604
Delta,S366P,-0.60910484
Delta,S366T,0.09056213
Delta,S366Y,-0.26423299999999994
Delta,V367A,-0.065364495
Delta,V367E,-0.1413494
Delta,V367F,-0.564163
Delta,V367G,-0.17903519
Delta,V367I,-0.351286385
Delta,V367L,-0.29781491
Delta,V367M,-0.046819903
Delta,L368F,-0.7064928
Delta,L368H,0.0
Delta,L368I,-0.14793245
Delta,L368P,-0.5576522999999998
Delta,L368Q,-0.70752525
Delta,L368S,-2.671776
Delta,Y369C,-2.327173
Delta,Y369D,0.0
Delta,Y369F,-0.19387144
Delta,Y369H,-0.11652284600000001
Delta,Y369N,-0.841735
Delta,Y369Q,0.39707926
Delta,Y369*,-1.8876932
Delta,N370D,0.054901466
Delta,N370H,-0.100228414
Delta,N370I,0.0
Delta,N370K,0.032082755
Delta,N370S,-0.127371122
Delta,N370-,-0.4642214
Delta,A372D,-0.26953736
Delta,A372E,-0.15830989
Delta,A372G,0.0
Delta,A372L,-0.09654082
Delta,A372P,-0.307484027
Delta,A372R,-1.0487814
Delta,A372S,-0.6253458
Delta,A372T,-1.08584967
Delta,A372V,-0.11250127700000001
Delta,A372-,-0.6726853
Delta,P373A,0.48258281
Delta,P373C,-3.577803
Delta,P373D,0.15190113
Delta,P373E,-0.24073523
Delta,P373F,-0.36070605
Delta,P373G,-0.24526751
Delta,P373H,-0.50276333
Delta,P373I,-1.9699342
Delta,P373K,-1.1968722
Delta,P373L,-1.2933207100000002
Delta,P373M,-1.2376745
Delta,P373N,-0.43646953
Delta,P373Q,-0.28040388
Delta,P373R,-0.6915862
Delta,P373S,0.10359330000000003
Delta,P373T,-0.114835545
Delta,P373V,-1.8230882
Delta,P373W,-1.9154652
Delta,P373Y,0.1040063
Delta,P373*,-4.055633
Delta,P373-,-0.21465051
Delta,F374C,0.0
Delta,F374I,-0.068184085
Delta,F374L,-0.29218511
Delta,F374R,0.0
Delta,F374S,-0.44409066
Delta,F374V,-0.066868834
Delta,F374Y,0.14464196
Delta,F375A,0.026519340000000002
Delta,F375C,-0.1354021
Delta,F375D,0.5064843
Delta,F375E,0.57582307
Delta,F375G,0.094691955
Delta,F375H,0.2935562
Delta,F375I,0.32499418
Delta,F375K,-0.56087625
Delta,F375L,0.1455542
Delta,F375M,0.08711191
Delta,F375N,0.48923512
Delta,F375P,0.43526087999999996
Delta,F375Q,0.28775078
Delta,F375R,-1.2362778
Delta,F375S,0.59111789
Delta,F375T,0.40631747
Delta,F375V,-0.09009911
Delta,F375W,-0.18069808
Delta,F375Y,0.37363963
Delta,F375*,-3.9377313
Delta,F375-,-0.21766168
Delta,T376A,-0.5142207400000001
Delta,T376C,-3.7556374
Delta,T376D,0.27361554
Delta,T376E,0.017259216
Delta,T376F,-0.69113314
Delta,T376G,-0.3105604
Delta,T376H,0.124008484
Delta,T376I,-0.028747402
Delta,T376K,-0.19220072
Delta,T376L,-0.06686871
Delta,T376M,-0.22394437
Delta,T376N,-0.052844279999999993
Delta,T376P,-1.4339851
Delta,T376Q,0.22948427
Delta,T376R,-0.12823977
Delta,T376S,-0.052653446
Delta,T376V,-0.12484583
Delta,T376W,-0.31714365
Delta,T376Y,0.0030086634
Delta,T376*,-3.2172947
Delta,T376-,0.1489827
Delta,F377I,-0.4252492
Delta,F377K,0.0
Delta,F377L,-0.27129532
Delta,F377M,-1.1870986
Delta,F377S,-0.3924244
Delta,F377V,-0.15570947
Delta,F377Y,0.0
Delta,K378E,-0.32317898
Delta,K378M,-0.790391509
Delta,K378N,-0.41351330000000003
Delta,K378Q,-0.034012042
Delta,K378R,0.28637122
Delta,C379F,-3.2047143
Delta,C379G,0.0
Delta,C379N,0.0
Delta,C379R,-2.6906216
Delta,C379S,1.2480714
Delta,C379W,-2.118603
Delta,C379Y,-3.8629658
Delta,C379*,-2.487108
Delta,Y380C,-2.650144
Delta,Y380E,-0.6142218
Delta,Y380F,-0.17515227330000002
Delta,Y380H,-0.15807273
Delta,Y380L,-3.6775053
Delta,Y380N,-1.8550385
Delta,Y380W,0.05772627
Delta,Y380*,0.8408328
Delta,G381A,0.20329551
Delta,G381E,-1.6194742
Delta,G381L,-1.5113035
Delta,G381R,-0.211039545
Delta,G381S,-0.700506
Delta,G381V,-3.197597
Delta,G381*,-3.401435
Delta,V382A,-0.6638721
Delta,V382E,-1.6982888
Delta,V382G,0.0
Delta,V382L,-0.26972836
Delta,V382M,0.10388975
Delta,S383A,-0.8639301
Delta,S383C,-2.6584966
Delta,S383F,-3.187108
Delta,S383G,-0.49585826000000005
Delta,S383I,-2.8556218
Delta,S383N,-2.605116
Delta,S383P,0.0
Delta,S383R,-1.6435198
Delta,S383Y,0.0
Delta,S383-,-0.4723519
Delta,P384A,-0.09363074
Delta,P384C,-0.8122041999999999
Delta,P384D,-0.84075715
Delta,P384E,-0.13889116
Delta,P384F,-0.26109583000000003
Delta,P384G,-0.6132779
Delta,P384H,-0.093122154
Delta,P384I,-0.10020403400000001
Delta,P384K,-0.5075741
Delta,P384L,-0.03621600999999999
Delta,P384M,-0.16289642
Delta,P384N,-0.10430095
Delta,P384Q,-0.30205595
Delta,P384R,0.18983847000000004
Delta,P384S,0.0007426199999999994
Delta,P384T,-0.08335808
Delta,P384V,-0.17355926
Delta,P384W,-0.07961061
Delta,P384Y,0.05114966
Delta,P384*,-1.8822993741848
Delta,T385A,-0.42840718
Delta,T385I,-0.21922118999999998
Delta,T385K,0.059952457
Delta,T385M,-0.51765645
Delta,T385N,-0.105244922
Delta,T385S,-0.045377452
Delta,T385-,-1.6961615
Delta,K386I,-3.036542
Delta,K386L,-2.05441
Delta,K386N,1.0019981
Delta,K386R,-0.5659588
Delta,K386T,0.0
Delta,K386-,-2.4790902
Delta,L387M,-0.93450195
Delta,L387P,-3.1273954
Delta,L387R,0.0
Delta,L387S,-1.5633277
Delta,N388A,-0.45365986
Delta,N388D,-0.5959059
Delta,N388K,-0.31107935
Delta,N388S,-0.43335757
Delta,N388Y,0.36677697
Delta,D389A,-1.3631833
Delta,D389E,-0.2303829
Delta,D389G,-0.20167406999999998
Delta,D389H,-0.55031854
Delta,D389L,-1.526955
Delta,D389N,-0.28399584
Delta,D389T,-0.8450679
Delta,D389Y,-0.9148918
Delta,D389-,-2.8382258
Delta,L390F,-2.3625765
Delta,L390I,-0.19577156
Delta,L390M,-0.7121241
Delta,L390P,-5.4065266
Delta,L390Q,-0.76745897
Delta,L390R,-1.7940884
Delta,L390V,-0.79547007
Delta,C391F,-0.9883945239999999
Delta,C391I,-1.7670537
Delta,C391M,-3.2476134
Delta,C391R,-2.172552
Delta,C391S,0.0
Delta,C391W,0.0
Delta,C391Y,-2.8638086
Delta,C391*,0.0
Delta,F392I,0.0
Delta,F392L,-0.6106033
Delta,F392S,0.07298868999999997
Delta,F392V,-1.3998711
Delta,F392Y,1.4135978
Delta,F392-,-0.5403543
Delta,T393A,0.05655699
Delta,T393D,0.0
Delta,T393I,-2.2596827
Delta,T393M,-2.8755014
Delta,T393N,-0.45933253
Delta,T393S,-0.19000317
Delta,T393-,-0.496622
Delta,N394D,0.012211456999999995
Delta,N394H,-0.63884205
Delta,N394I,-1.1708206
Delta,N394K,0.17505291000000006
Delta,N394Q,-0.84541774
Delta,N394R,0.0
Delta,N394S,-0.0841759
Delta,N394T,-0.3039065
Delta,N394Y,-0.71920763
Delta,N394-,-2.1140661
Delta,V395A,-0.15781935999999985
Delta,V395D,0.0
Delta,V395F,-0.7637167
Delta,V395G,0.0
Delta,V395I,-0.44469174
Delta,V395L,-0.056285117
Delta,Y396C,0.0
Delta,Y396D,-1.034141
Delta,Y396F,-0.2142945
Delta,Y396H,0.01408838999999995
Delta,Y396N,-0.006432089
Delta,Y396*,-1.2824714
Delta,A397D,-2.447298
Delta,A397L,-0.560203
Delta,A397S,-0.6542132
Delta,A397T,-0.2582652000000001
Delta,A397V,0.08045641999999997
Delta,D398E,-2.559721
Delta,D398H,0.0
Delta,D398N,-3.7945726
Delta,D398Y,-2.1667538
Delta,D398-,0.4722995
Delta,S399F,-0.541631
Delta,S399L,-2.485243
Delta,S399P,-2.1354058
Delta,S399Y,-0.5819373
Delta,S399-,1.458807
Delta,F400A,-1.1084061
Delta,F400E,-2.7221441
Delta,F400I,-0.6230882
Delta,F400L,-4.407531
Delta,F400M,-0.46980512
Delta,F400S,-0.305047
Delta,F400V,0.0
Delta,F400Y,1.4733934
Delta,F400-,0.0
Delta,V401A,-0.60578245
Delta,V401E,-1.8888108
Delta,V401I,-1.4416674
Delta,V401L,-0.4723178000000001
Delta,V401M,-3.4536204
Delta,V401-,0.0
Delta,I402F,0.0
Delta,I402L,-0.40097353
Delta,I402M,-2.693415
Delta,I402N,-2.6286235
Delta,I402T,-1.9144251
Delta,I402V,-0.17382717
Delta,I402-,0.0
Delta,R403G,-0.66474933
Delta,R403I,-1.16897437
Delta,R403K,-0.03055281
Delta,R403M,-0.025278980000000006
Delta,R403S,-0.5404477099999999
Delta,R403T,0.1649311
Delta,R403W,-2.2806718
Delta,R403-,0.0
Delta,G404A,-0.7874086
Delta,G404C,-2.5366442
Delta,G404D,0.11649005
Delta,G404E,-0.31162049999999997
Delta,G404H,0.0
Delta,G404R,-0.2748367999999999
Delta,G404S,-2.431129
Delta,G404V,-3.7761834
Delta,G404*,-2.7629452
Delta,G404-,0.0
Delta,D405A,-0.06961637
Delta,D405C,-1.7594205
Delta,D405E,0.09573155
Delta,D405F,-0.4053642
Delta,D405G,-0.26913503
Delta,D405H,-0.07689824
Delta,D405I,-0.409976
Delta,D405K,-3.418275
Delta,D405L,-0.73862433
Delta,D405M,-0.31351018
Delta,D405N,-0.07051902999999993
Delta,D405P,-4.0834794
Delta,D405Q,-0.23417687
Delta,D405R,-1.4707868
Delta,D405S,0.1695498
Delta,D405T,-0.6188964
Delta,D405V,-0.75386584
Delta,D405W,-2.1019807
Delta,D405Y,-0.5364287
Delta,D405*,-3.2783515
Delta,D405-,0.0
Delta,E406D,-0.3267576000000001
Delta,E406G,-4.092975
Delta,E406K,-4.6701555
Delta,E406Q,0.004004930000000018
Delta,E406V,-0.37706897
Delta,E406*,-1.930849
Delta,E406-,0.0
Delta,V407A,-2.2365344
Delta,V407E,0.0
Delta,V407I,0.08153597600000001
Delta,V407L,-0.04633135955
Delta,V407M,-1.2011462
Delta,V407S,-3.5924156
Delta,V407-,0.0
Delta,R408A,-0.17138728
Delta,R408C,-3.5387416
Delta,R408D,-0.29874027
Delta,R408E,-0.3040938
Delta,R408F,-0.4124087
Delta,R408G,-0.3027409
Delta,R408H,-0.24202251
Delta,R408I,-0.38734168
Delta,R408K,0.09708495
Delta,R408L,-1.2632151
Delta,R408M,-0.59136343
Delta,R408N,-0.2745572
Delta,R408P,-0.2901171
Delta,R408Q,-0.07526588
Delta,R408S,-0.20891279
Delta,R408T,-0.29679126
Delta,R408V,-0.31788337
Delta,R408W,-0.42766932
Delta,R408Y,-0.12837537
Delta,R408*,-4.1785917
Delta,R408-,0.0
Delta,Q409E,-0.2201666000000001
Delta,Q409H,-0.23048249999999992
Delta,Q409K,-1.1982045000000001
Delta,Q409L,-0.8564996
Delta,Q409R,-0.7340685999999998
Delta,Q409*,-3.5950494
Delta,Q409-,0.0
Delta,I410L,-0.5366441
Delta,I410N,-2.4746654
Delta,I410S,-1.7603209
Delta,I410T,-2.980513
Delta,I410V,-0.39421526
Delta,I410-,0.0
Delta,A411C,-3.6178074
Delta,A411D,-0.45289120000000005
Delta,A411G,-0.0008320317
Delta,A411L,-0.84558344
Delta,A411P,-1.7790351
Delta,A411S,-0.1567170000000001
Delta,A411T,-1.2192305
Delta,A411V,-0.5006048999999997
Delta,A411-,0.0
Delta,P412H,-3.2042093
Delta,P412L,-3.2151287
Delta,P412N,-0.6787155
Delta,P412Q,-2.1909688
Delta,P412S,-1.0267572
Delta,P412T,-2.6278806
Delta,P412-,1.1321892
Delta,G413A,-0.60495513
Delta,G413C,-0.3175127
Delta,G413E,-1.6086493
Delta,G413R,-0.032503490000000024
Delta,G413S,0.18838743000000002
Delta,G413V,-0.36921170000000014
Delta,G413W,-2.1424344
Delta,G413*,-3.5652838
Delta,G413-,-1.620945
Delta,Q414H,-1.4692366
Delta,Q414K,-0.04380534
Delta,Q414L,-0.20759309999999997
Delta,Q414P,0.0
Delta,Q414R,0.22077693
Delta,Q414*,-2.6925735
Delta,Q414-,0.19828711
Delta,T415A,0.003468280000000018
Delta,T415I,-0.05023300999999997
Delta,T415K,0.06010965
Delta,T415L,-1.3971888
Delta,T415N,0.02278026999999999
Delta,T415P,-0.20996065
Delta,T415R,0.2804773
Delta,T415S,0.11223174
Delta,T415-,-0.065029316
Delta,G416C,0.0
Delta,G416D,-5.358312
Delta,G416E,-2.9152014
Delta,G416N,-3.0000393
Delta,G416R,-1.1638898
Delta,G416S,-2.6359646
Delta,G416V,-2.7632716
Delta,G416W,-2.4568436
Delta,G416-,-0.73612565
Delta,N417A,-0.003063914000000001
Delta,N417C,0.12748965
Delta,N417D,-0.22129430000000005
Delta,N417E,-0.1536959
Delta,N417F,-0.071762994
Delta,N417G,-0.04662435999999992
Delta,N417H,-0.061076153
Delta,N417I,0.08250126
Delta,N417K,0.036658739999999995
Delta,N417L,0.029427295000000006
Delta,N417M,-0.10120072
Delta,N417P,-0.10739267100000001
Delta,N417Q,-0.37616178
Delta,N417R,0.303404706
Delta,N417S,-0.012470380000000003
Delta,N417T,0.076462531
Delta,N417V,-0.049922453000000006
Delta,N417W,-1.09965969
Delta,N417Y,-0.5721782599999999
Delta,N417*,-2.9480658
Delta,N417-,0.0
Delta,I418L,-2.300225
Delta,I418N,0.0
Delta,I418S,0.0
Delta,I418T,0.1932973
Delta,I418V,-0.6024279
Delta,I418-,0.0
Delta,A419D,-1.7957369
Delta,A419I,-2.4015758
Delta,A419S,-0.25394580000000033
Delta,A419T,-0.35863259999999997
Delta,A419V,-0.3384800000000001
Delta,A419-,0.0
Delta,D420A,0.17280151
Delta,D420E,-0.47305501
Delta,D420G,-3.338653
Delta,D420H,0.0
Delta,D420I,-2.685287
Delta,D420N,-0.0025733882
Delta,D420R,-0.687252
Delta,D420Y,0.030678299999999936
Delta,Y421A,-2.731354
Delta,Y421F,-0.2728115
Delta,Y421H,-0.7536784
Delta,Y421I,-1.7987809
Delta,Y421N,0.4919166
Delta,Y421*,-1.8514833
Delta,Y423F,0.0
Delta,Y423H,-2.21891
Delta,Y423N,-3.023133
Delta,Y423W,-1.4294534
Delta,Y423*,-1.7232267
Delta,K424E,-2.4754834
Delta,K424G,-1.3845294
Delta,K424N,-0.23390810000000006
Delta,K424Q,-2.5835311
Delta,K424R,-0.159279186
Delta,L425I,0.17132421
Delta,L425M,-0.34631232000000006
Delta,L425P,-1.7168791
Delta,L425R,0.0
Delta,L425V,0.007720270000000001
Delta,P426H,-2.4927084
Delta,P426L,-2.2771177
Delta,P426S,0.1787862
Delta,P426T,-0.8335703400000001
Delta,D427A,-0.5747975
Delta,D427E,-0.5333261499999999
Delta,D427G,-0.38672423
Delta,D427H,0.03586482999999996
Delta,D427N,-0.076796435
Delta,D427R,-0.28796867
Delta,D427S,0.0
Delta,D427V,-0.565284
Delta,D427Y,-0.040782240000000025
Delta,D427-,-2.2848494
Delta,D428A,-0.30004229299999996
Delta,D428E,-0.006116308
Delta,D428G,-0.006063340000000084
Delta,D428H,-0.12295599
Delta,D428N,-2.8516788
Delta,D428V,-0.39229852
Delta,D428Y,-0.062044199999999994
Delta,F429I,-1.7156106
Delta,F429L,-0.5755331000000001
Delta,F429S,-3.1398745
Delta,F429V,-0.2594878
Delta,F429Y,-0.82039031
Delta,T430A,-0.96824986
Delta,T430I,0.053504054999999995
Delta,T430K,-1.7837224
Delta,T430M,-0.07695697
Delta,T430R,0.0
Delta,T430S,-0.6267527
Delta,G431C,-3.2740629
Delta,G431D,-2.5448325
Delta,G431R,-0.85756856
Delta,G431S,-2.5488627
Delta,G431V,-2.9229522
Delta,C432F,-1.4188619
Delta,C432G,-2.406102
Delta,C432R,-2.0279303
Delta,C432S,-1.9440385
Delta,C432W,-1.631071
Delta,C432Y,-2.9532878
Delta,C432*,0.0
Delta,V433A,-2.4767995
Delta,V433E,-0.560253
Delta,V433F,0.0
Delta,V433G,0.0
Delta,V433I,-0.27388444900000003
Delta,V433L,-2.8307493
Delta,V433M,-1.312503
Delta,I434F,-0.027342878
Delta,I434L,-0.69661695
Delta,I434M,-0.30752605
Delta,I434T,-1.1378173
Delta,I434V,-0.04250676999999997
Delta,A435G,0.0
Delta,A435P,0.0
Delta,A435S,-0.126718041
Delta,A435T,-0.05956613999999999
Delta,A435V,-0.42183035
Delta,W436C,-1.9149756
Delta,W436G,-2.4639444
Delta,W436L,-1.1679491
Delta,W436R,-0.33199
Delta,W436*,-3.6677625
Delta,N437D,0.0
Delta,N437K,-1.109447
Delta,N437S,-0.41029059999999995
Delta,S438A,-0.2183047
Delta,S438G,-1.6348782
Delta,S438I,-3.1823905
Delta,S438N,-1.0949381000000002
Delta,S438R,-3.3920493
Delta,S438T,0.03176790000000007
Delta,S438Y,-3.0093775
Delta,N439A,-0.06996005
Delta,N439C,-2.1721282
Delta,N439D,-0.007674300000000023
Delta,N439E,-0.3586317
Delta,N439F,-0.284943955
Delta,N439G,-0.12909879999999996
Delta,N439H,-0.24058408
Delta,N439I,-0.20630820000000005
Delta,N439K,-0.24366049999999995
Delta,N439L,-0.27023318999999996
Delta,N439M,-0.38988248
Delta,N439P,-3.9660704
Delta,N439Q,-0.69456834
Delta,N439R,-0.5004801999999999
Delta,N439S,-0.6160410700000001
Delta,N439T,-0.31814226
Delta,N439V,-0.193434
Delta,N439W,-0.46227163
Delta,N439Y,0.17178172999999997
Delta,N439*,-2.544556
Delta,N439-,-0.4512837
Delta,K440A,-0.050583746
Delta,K440C,-3.2610142
Delta,K440D,-0.10233946
Delta,K440E,-0.14452999
Delta,K440F,-0.33021869000000004
Delta,K440G,-0.24870612450000001
Delta,K440H,-0.24230327999999998
Delta,K440I,-0.17410033999999996
Delta,K440L,-0.14252230000000005
Delta,K440M,0.07781459000000002
Delta,K440N,-0.1601508
Delta,K440P,-0.28017656999999996
Delta,K440Q,-0.049104125
Delta,K440R,-0.032064050000000004
Delta,K440S,-0.050577125000000014
Delta,K440T,-0.15862014500000002
Delta,K440V,-0.06741973000000001
Delta,K440W,-1.7789485
Delta,K440Y,-0.17800998
Delta,K440*,-2.09801
Delta,K440-,0.17653415
Delta,L441F,-0.036688149999999975
Delta,L441H,-3.1248755
Delta,L441I,0.017797658
Delta,L441K,-0.055878412
Delta,L441M,-0.19325474
Delta,L441P,0.1273242000000001
Delta,L441Q,0.083923556
Delta,L441R,-0.09668972
Delta,L441S,-1.0083468
Delta,L441V,0.1740792
Delta,L441Y,-0.34501797
Delta,L441-,-0.95978093
Delta,D442E,-0.33009521000000003
Delta,D442F,-2.4281604
Delta,D442G,-3.1211407
Delta,D442I,-0.35446665
Delta,D442N,-2.2341015
Delta,D442V,-3.4553978
Delta,D442Y,-2.453412
Delta,D442-,-0.89620894
Delta,S443A,0.15390939999999997
Delta,S443C,-0.6413356
Delta,S443D,0.0
Delta,S443E,-2.5179064
Delta,S443F,-1.7194775000000002
Delta,S443G,-1.0838203
Delta,S443I,0.6084935
Delta,S443L,-0.79789911
Delta,S443N,-0.20373933000000005
Delta,S443R,-0.23005304999999998
Delta,S443T,-0.49529803
Delta,S443Y,-0.94376355
Delta,S443-,0.0
Delta,K444E,-0.084772332
Delta,K444F,0.06301831
Delta,K444G,0.0
Delta,K444I,-0.35263532
Delta,K444L,-0.17371367000000001
Delta,K444M,0.026585285
Delta,K444N,-0.04459729000000001
Delta,K444R,-0.0799105323
Delta,K444T,-0.13142645
Delta,K444Y,0.07747565
Delta,K444-,-1.3627774
Delta,V445A,-0.063070446
Delta,V445D,0.17869757
Delta,V445E,-0.20323722
Delta,V445F,0.054859250000000026
Delta,V445G,-0.05705053
Delta,V445I,0.018771369999999996
Delta,V445L,-0.043296795
Delta,V445M,-0.13624488559
Delta,V445T,0.020910583
Delta,V445-,-0.44495016
Delta,S446A,0.060648646
Delta,S446C,-3.497259
Delta,S446D,0.12103925
Delta,S446E,0.03982039
Delta,S446F,-0.32909438
Delta,S446G,0.256118805
Delta,S446H,-0.029541887
Delta,S446I,-0.62099767
Delta,S446K,-0.4955283
Delta,S446L,-0.48093307
Delta,S446M,-0.31250548
Delta,S446N,-0.00094570074
Delta,S446P,-0.29825383
Delta,S446Q,-0.13243107
Delta,S446R,0.22647320000000004
Delta,S446T,0.06524231
Delta,S446V,0.201281
Delta,S446W,-1.1208305
Delta,S446Y,-0.29737702
Delta,S446*,-4.3376555
Delta,S446-,-0.06646346
Delta,G447C,-2.971184
Delta,G447D,0.02013501000000001
Delta,G447F,-0.17420258
Delta,G447S,-0.08738386999999997
Delta,G447V,-0.3046703599999999
Delta,G447-,0.036780052
Delta,N448D,-0.08107083
Delta,N448G,-0.2605994
Delta,N448I,0.0
Delta,N448K,-0.1322747500000001
Delta,N448S,0.04107595
Delta,N448T,-0.09762083999999999
Delta,N448Y,-0.2456010999999999
Delta,N448-,-0.2092324
Delta,Y449D,-0.021434607
Delta,Y449F,0.0058430889000000005
Delta,Y449G,0.1543054
Delta,Y449H,-0.005712889999999998
Delta,Y449N,-0.13167824999999997
Delta,Y449S,0.17514473
Delta,Y449V,-0.015545942
Delta,Y449*,-1.2361153
Delta,Y449-,-0.8160782
Delta,N450D,-0.025739639999999994
Delta,N450G,0.16879912
Delta,N450H,-0.19110021
Delta,N450K,-0.18067309999999998
Delta,N450Q,0.020133706
Delta,N450S,-0.45454907
Delta,N450T,-0.14554529
Delta,N450Y,-0.21628559
Delta,N450-,0.0
Delta,Y451D,-2.2450552
Delta,Y451F,1.281034
Delta,Y451H,-0.18143715000000005
Delta,Y451L,-0.4532335
Delta,Y451N,-1.3438777
Delta,Y451*,-2.501554
Delta,L452A,0.08882974
Delta,L452C,-1.0006167
Delta,L452D,-0.3031484
Delta,L452E,-0.6134703340000001
Delta,L452F,-0.055785682
Delta,L452G,-0.344994073
Delta,L452H,0.484727994
Delta,L452I,-0.309397216
Delta,L452K,-0.07918498
Delta,L452M,0.18694106
Delta,L452N,-0.04718476999999999
Delta,L452P,-4.836885
Delta,L452Q,0.29699805
Delta,L452R,0.022616556588999998
Delta,L452S,-0.19504452
Delta,L452T,-0.40767577
Delta,L452V,-0.22951663
Delta,L452W,-0.020001117
Delta,L452Y,-0.0530649
Delta,L452*,-4.8815384
Delta,Y453C,-1.5856981
Delta,Y453F,-0.11786906
Delta,Y453H,0.24807208999999997
Delta,Y453N,0.0
Delta,Y453R,-0.55881864
Delta,Y453S,-0.51500934
Delta,Y453*,-0.5663001
Delta,R454E,-1.2320489
Delta,R454G,-1.3879466000000003
Delta,R454I,-3.9253135
Delta,R454K,-3.607903
Delta,R454*,-0.7241315
Delta,L455F,0.15696769000000002
Delta,L455I,0.12957036
Delta,L455M,-0.010498298485716
Delta,L455P,-0.28360543
Delta,L455Q,0.40061212
Delta,L455R,0.0
Delta,L455S,-0.125944386
Delta,L455V,-0.19475691
Delta,F456I,-0.7471308005999999
Delta,F456L,0.10039229999999999
Delta,F456M,0.0
Delta,F456S,-1.5408128
Delta,F456V,-0.13549367
Delta,F456Y,-0.054590855
Delta,R457G,-2.545448
Delta,R457K,-0.1790168000000001
Delta,R457M,-3.27097
Delta,R457Q,-2.7352417
Delta,R457S,-1.1262591
Delta,R457T,-1.5643757000000003
Delta,R457W,-0.35600415
Delta,R457-,0.0
Delta,K458E,0.05588815
Delta,K458L,-0.5391624
Delta,K458M,-0.60368496
Delta,K458N,0.07171369
Delta,K458Q,-0.17338443
Delta,K458R,0.188374195
Delta,K458S,0.000644323
Delta,K458T,-0.13303200999999998
Delta,S459A,0.33421642
Delta,S459C,-0.13446358
Delta,S459F,-0.15095893999999999
Delta,S459G,-0.1973906
Delta,S459I,-0.27674457
Delta,S459K,-0.6310108
Delta,S459N,-0.024553152
Delta,S459P,-0.20730849
Delta,S459R,-0.40473902
Delta,S459Y,-0.38548568
Delta,N460D,-0.65797675
Delta,N460H,0.0
Delta,N460I,-0.12446671
Delta,N460K,0.022543759000000003
Delta,N460S,-0.12603241
Delta,N460T,-0.18223828
Delta,N460Y,-0.29097217
Delta,L461F,-1.6645184
Delta,L461I,0.12772192
Delta,L461M,-0.22524910000000004
Delta,L461P,-2.543601258001
Delta,L461Q,-2.040093
Delta,L461R,0.0
Delta,L461V,0.0
Delta,L461-,-2.279994
Delta,K462E,-0.09982866000000001
Delta,K462G,0.6895502
Delta,K462I,-0.6433926852999999
Delta,K462L,-0.43533936
Delta,K462N,-0.1151653065
Delta,K462Q,0.134585372
Delta,K462R,0.15571725
Delta,K462T,-0.39402035
Delta,K462-,0.0
Delta,P463A,-0.012651294
Delta,P463H,-0.7028645
Delta,P463L,-4.1602273
Delta,P463Q,-1.8947315
Delta,P463R,-1.8459444
Delta,P463S,0.031987599999999894
Delta,P463T,-0.25920560000000004
Delta,P463-,0.0
Delta,F464I,-0.88160163
Delta,F464L,-0.41811146999999993
Delta,F464S,-0.15649329999999995
Delta,F464V,-2.2088668
Delta,F464Y,-0.31468797
Delta,F464-,-1.3559188
Delta,E465A,0.16014090000000003
Delta,E465D,-0.62563342
Delta,E465G,-0.73553133
Delta,E465K,-1.8814901
Delta,E465Q,-0.7571256
Delta,E465*,-2.8599522
Delta,E465-,-1.26726625
Delta,R466G,-4.9124093
Delta,R466I,-1.2736111
Delta,R466K,-0.13424190000000003
Delta,R466M,0.09661759999999997
Delta,R466S,-1.18888456
Delta,R466W,-0.8050463
Delta,R466-,-2.263842
Delta,D467E,-2.994605
Delta,D467G,-3.0634842
Delta,D467L,-1.8640854
Delta,D467N,-2.816963
Delta,D467Y,-2.7175167
Delta,I468F,-0.30443758
Delta,I468L,-0.206444652
Delta,I468M,-0.31909853
Delta,I468N,-1.0848043
Delta,I468S,-0.59744275
Delta,I468T,-0.07128187
Delta,I468V,-0.28487134
Delta,S469A,-0.15559173000000004
Delta,S469C,0.0
Delta,S469G,-0.014372969999999985
Delta,S469I,-1.6497926
Delta,S469L,-1.929508
Delta,S469N,-0.16043620000000003
Delta,S469Q,-0.09842433
Delta,S469R,-0.27829087
Delta,S469T,-0.011862809
Delta,T470A,0.04487979999999997
Delta,T470I,-0.09144655000000002
Delta,T470K,-0.28095832
Delta,T470N,0.1312387425
Delta,T470R,0.18759121
Delta,T470S,-0.3169405
Delta,E471A,-0.12429646999999999
Delta,E471D,-0.07737084
Delta,E471G,-0.0698588
Delta,E471K,-0.3666395
Delta,E471Q,0.012755630000000018
Delta,E471V,-0.1846511
Delta,E471*,-2.3036666
Delta,I472F,-0.27631813
Delta,I472L,0.56231266
Delta,I472N,-2.4736154
Delta,I472S,0.0
Delta,I472T,-0.22887201000000001
Delta,I472V,0.08015105
Delta,Y473C,-3.4688504
Delta,Y473F,-0.015837356
Delta,Y473H,-0.26122869
Delta,Y473N,-1.0132478
Delta,Y473*,-2.3974178
Delta,Q474E,-0.11193078
Delta,Q474G,0.0
Delta,Q474H,-0.21677435999999994
Delta,Q474K,-0.019645339999999956
Delta,Q474L,-0.46894905
Delta,Q474P,-0.79414284
Delta,Q474R,-0.1158189999999999
Delta,Q474*,-2.9172456
Delta,A475D,-0.7880255
Delta,A475L,-0.76833546
Delta,A475P,0.0
Delta,A475S,-0.13830373
Delta,A475T,0.04444284999999998
Delta,A475V,-0.017159620000000014
Delta,G476A,-0.24228986
Delta,G476C,-2.761102
Delta,G476D,-0.09752180999999999
Delta,G476K,-1.7404239
Delta,G476S,-0.102072865
Delta,G476V,-0.98792787
Delta,N477A,-0.34291979499999997
Delta,N477C,-1.650713
Delta,N477D,0.15450273
Delta,N477E,-0.5384027100000001
Delta,N477F,-0.10274059
Delta,N477G,-0.12863837
Delta,N477H,0.18824774
Delta,N477I,-0.09440820999999999
Delta,N477K,-0.3240088
Delta,N477L,-0.012696509999999994
Delta,N477M,-0.071718742
Delta,N477P,-0.23978145
Delta,N477Q,-0.0010752092
Delta,N477R,-0.16625658999999998
Delta,N477S,-0.032759488
Delta,N477T,-0.05602482
Delta,N477V,-0.058409236
Delta,N477W,0.06342720000000002
Delta,N477Y,0.020469899999999985
Delta,N477*,-2.0159786
Delta,K478A,0.013964754
Delta,K478C,-2.5662723
Delta,K478D,0.03345022
Delta,K478E,0.114574775
Delta,K478F,-0.54763806
Delta,K478G,-0.541484
Delta,K478H,-0.21009704
Delta,K478I,-0.112905614
Delta,K478L,-0.16018021
Delta,K478M,-0.08093292
Delta,K478N,-0.118467749
Delta,K478P,-1.1219909
Delta,K478Q,0.030496739
Delta,K478R,-0.056849573
Delta,K478S,0.15040072
Delta,K478T,0.17793187
Delta,K478V,0.022366656
Delta,K478W,-0.91413474
Delta,K478Y,-0.09291107
Delta,K478*,-3.5535648
Delta,P479A,-0.27705705
Delta,P479D,0.0
Delta,P479H,-0.30106765999999996
Delta,P479L,-0.05039786000000002
Delta,P479N,0.0
Delta,P479Q,-0.0155536765
Delta,P479R,-0.54349136
Delta,P479S,-0.150103245
Delta,P479T,-0.003010965
Delta,P479Y,0.0
Delta,C480F,-2.8048654
Delta,C480L,-1.6239765
Delta,C480N,0.0
Delta,C480R,-3.2661579
Delta,C480S,-1.1021415
Delta,C480V,-1.4044423
Delta,C480Y,-3.1417735
Delta,C480*,-1.4830649
Delta,C480-,-2.9553342
Delta,N481D,-0.21295224
Delta,N481E,0.0
Delta,N481G,0.0
Delta,N481H,-0.09913545
Delta,N481I,-0.32410065
Delta,N481K,-0.11090014
Delta,N481S,-0.12554823399999998
Delta,N481T,-1.8386809
Delta,N481Y,-0.3123561
Delta,G482D,-0.25477310799999997
Delta,G482E,0.29083261
Delta,G482P,-0.522321
Delta,G482R,0.028405900000000095
Delta,G482S,-0.07519782000000003
Delta,G482V,-0.26246079999999994
Delta,G482*,-2.6601467
Delta,G482-,0.46698067
Delta,V483A,-0.007721136
Delta,V483E,-0.0368703
Delta,V483F,0.13231243999999998
Delta,V483G,-0.01322809845
Delta,V483I,-0.2471301
Delta,V483L,-0.11856397
Delta,V483M,-0.087770045
Delta,V483Q,0.0
Delta,V483S,-0.061199225
Delta,V483-,0.17610706
Delta,A484C,-1.22849264
Delta,A484D,-0.20663399999999998
Delta,A484E,-0.1004367377905
Delta,A484F,-0.48567874
Delta,A484G,-0.28447716
Delta,A484H,-0.23669705
Delta,A484I,-0.46051453
Delta,A484K,-0.09374044
Delta,A484L,-0.17931388599999998
Delta,A484M,-0.114994146
Delta,A484N,-0.3027473
Delta,A484P,-0.16259871
Delta,A484Q,-0.053949963
Delta,A484R,-0.27016336
Delta,A484S,-0.07350473
Delta,A484T,-0.037175602
Delta,A484V,-0.36662081
Delta,A484W,-0.15350850000000005
Delta,A484Y,-0.3797216
Delta,A484*,-2.7384868
Delta,G485A,0.21191537
Delta,G485C,-2.7848387
Delta,G485D,-0.22110784
Delta,G485R,-0.3507597
Delta,G485S,0.21315963999999998
Delta,G485T,-0.31145474
Delta,G485V,-0.5879055
Delta,F486C,0.0
Delta,F486I,0.07781632
Delta,F486L,-0.051132140000000006
Delta,F486P,0.11143083
Delta,F486S,0.07378734
Delta,F486V,-0.119456016
Delta,F486Y,-0.10376951
Delta,F486-,-0.17925778
Delta,N487D,-0.257964442
Delta,N487G,0.0
Delta,N487I,-2.5034866
Delta,N487K,-0.54747757
Delta,N487S,0.041984856
Delta,N487T,-0.04028163
Delta,C488F,-3.5454178
Delta,C488L,-2.1359522
Delta,C488R,-3.7166831
Delta,C488S,0.0
Delta,C488V,-2.8600924
Delta,C488W,-3.3215864
Delta,C488Y,-4.840055
Delta,C488*,-1.9346994
Delta,Y489C,-2.9881287
Delta,Y489F,-0.02712466
Delta,Y489H,-0.235871892
Delta,Y489L,-0.53211963
Delta,Y489N,0.0
Delta,Y489W,-0.10577965
Delta,Y489*,-2.075294
Delta,F490I,-0.33787188
Delta,F490L,-0.11056102000000001
Delta,F490R,-0.23907909
Delta,F490S,0.09477856999999999
Delta,F490V,-0.25156489000000004
Delta,F490Y,0.08213211
Delta,P491A,0.0
Delta,P491H,-1.9319106
Delta,P491L,-3.9398565
Delta,P491Q,-0.6272104999999999
Delta,P491S,-0.13994600000000013
Delta,P491T,-2.3274212
Delta,L492F,-0.7836080999999999
Delta,L492H,-1.1360823
Delta,L492I,-0.51244752
Delta,L492P,-1.8617101
Delta,L492S,-2.16337
Delta,L492T,-3.1412742
Delta,L492V,-2.754315
Delta,R493A,-0.3803317
Delta,R493C,-4.588224
Delta,R493D,-1.3975844
Delta,R493E,-0.36959538
Delta,R493F,-1.989399
Delta,R493G,-0.9433152
Delta,R493H,0.16763176000000002
Delta,R493I,-1.0907606
Delta,R493K,-0.03531313000000001
Delta,R493L,-0.07697449999999995
Delta,R493M,-0.73477656
Delta,R493N,-0.6497319
Delta,R493P,-0.3205372999999998
Delta,R493Q,-0.09364609000000002
Delta,R493S,-0.71548754
Delta,R493T,-0.80015045
Delta,R493V,-0.57442266
Delta,R493W,-2.620794
Delta,R493Y,-1.3253524
Delta,R493*,-2.9987867
Delta,R493-,-0.47726712
Delta,S494A,-0.3710502
Delta,S494F,-0.42880823
Delta,S494K,-0.5590435
Delta,S494L,-0.2773043599999999
Delta,S494P,0.032808144
Delta,S494T,0.05494193
Delta,S494Y,-0.72793835
Delta,S494-,-0.67680967
Delta,Y495C,-1.0153483
Delta,Y495D,-2.7412438
Delta,Y495F,-1.1849973
Delta,Y495H,-0.6073176999999998
Delta,Y495N,-2.28625
Delta,Y495S,-1.3767188
Delta,Y495W,-2.8239427
Delta,Y495-,-0.9854462
Delta,S496A,0.21952721
Delta,S496C,-1.8206699
Delta,S496D,0.22308847
Delta,S496E,-0.09234274
Delta,S496F,-0.67532516
Delta,S496G,0.07220732999999999
Delta,S496H,-0.114204004
Delta,S496I,-0.06597397
Delta,S496K,-0.42059737
Delta,S496L,-0.76210946
Delta,S496M,-0.14796513
Delta,S496N,0.033654515
Delta,S496P,-2.5898468
Delta,S496Q,0.14230056
Delta,S496R,0.4812605700000001
Delta,S496T,0.07729565
Delta,S496V,0.05052749799999999
Delta,S496W,-2.4108028
Delta,S496Y,-0.30913356000000003
Delta,S496*,-3.007248
Delta,S496-,0.4325169
Delta,F497H,-2.515812
Delta,F497I,0.0
Delta,F497L,-2.877475
Delta,F497S,-2.5839577
Delta,F497V,0.0
Delta,F497W,-2.8819044
Delta,F497-,-0.41970995
Delta,R498A,-0.036466755
Delta,R498C,-2.1934032
Delta,R498D,-3.039022
Delta,R498E,-0.23821266
Delta,R498F,-0.103720576
Delta,R498G,-0.42723832
Delta,R498H,-0.047501475
Delta,R498I,-0.64994043
Delta,R498K,0.11845699
Delta,R498L,-0.42733788
Delta,R498M,-0.06313854
Delta,R498N,-0.25739336
Delta,R498P,-3.1929288
Delta,R498Q,-0.0108718274883
Delta,R498S,0.010979656
Delta,R498T,-0.5578758509999999
Delta,R498V,-0.21965563
Delta,R498W,-0.3323682
Delta,R498Y,0.04853418
Delta,R498*,-2.7085605
Delta,R498-,-1.1703181
Delta,P499H,-0.11359207999999998
Delta,P499L,-0.26725650000000023
Delta,P499Q,-0.72418046
Delta,P499R,-0.6701437
Delta,P499S,-0.26653042
Delta,P499T,-0.022853380000000034
Delta,P499V,-0.5067336
Delta,T500A,0.1016766286
Delta,T500I,-0.10630264
Delta,T500N,0.18733491
Delta,T500P,0.018470101
Delta,T500S,0.10928834050000001
Delta,Y501A,0.011632740000000003
Delta,Y501C,-4.1316357
Delta,Y501D,-0.056091832
Delta,Y501E,0.070040815
Delta,Y501F,0.06243722
Delta,Y501G,0.23170154399999998
Delta,Y501H,-0.086226925
Delta,Y501I,-0.007838609999999968
Delta,Y501K,-0.6109225999999999
Delta,Y501L,0.153145901
Delta,Y501M,-0.114233703
Delta,Y501N,0.036144256199999995
Delta,Y501P,-0.006643900000000036
Delta,Y501Q,0.11595548
Delta,Y501R,-0.23851929999999966
Delta,Y501S,0.008474621
Delta,Y501T,0.0012831867
Delta,Y501V,-0.17024350000000002
Delta,Y501W,0.0027347399999999578
Delta,Y501*,-3.4363906
Delta,Y501-,-2.3734994
Delta,G502E,-1.5095574
Delta,G502R,-3.3626025
Delta,G502S,-0.13425733
Delta,G502V,-1.8583637
Delta,G502*,-3.4749112
Delta,G502-,0.0
Delta,V503A,-0.10985018
Delta,V503E,0.24162057
Delta,V503F,-0.123172276
Delta,V503G,-0.5976168
Delta,V503I,-0.04977670000000001
Delta,V503L,0.24176979
Delta,V503M,0.14479116
Delta,V503Q,0.11610133
Delta,V503-,-2.4637454
Delta,G504C,-1.8002754
Delta,G504D,-0.082345474
Delta,G504N,-0.17525329
Delta,G504S,-0.016955769999999995
Delta,G504V,-0.25349806
Delta,G504-,0.0
Delta,H505A,-0.26539585
Delta,H505C,-3.2007241
Delta,H505D,0.07146846
Delta,H505E,0.17463349
Delta,H505F,-0.3045025
Delta,H505G,-0.3778736
Delta,H505I,-2.4243186
Delta,H505K,-1.4906503
Delta,H505L,-0.02625761
Delta,H505M,0.017977117
Delta,H505N,-0.14751253
Delta,H505P,-4.6873083
Delta,H505Q,-0.06851608
Delta,H505R,-0.90755403
Delta,H505S,-0.19442493
Delta,H505T,-0.71850824
Delta,H505V,-1.7054161
Delta,H505W,-0.18447591
Delta,H505Y,-0.033834434000000004
Delta,H505*,-1.9520595
Delta,H505-,-1.90577005
Delta,Q506H,0.0
Delta,Q506K,-2.6889923
Delta,Q506R,-3.061518
Delta,Q506*,-3.3052332
Delta,Q506-,-2.6158817
Delta,P507A,-0.19937380999999998
Delta,P507L,-3.1571918
Delta,P507Q,-3.0341256
Delta,P507S,-0.5756962000000001
Delta,P507T,0.6021885
Delta,P507-,0.0
Delta,Y508C,-0.2805887
Delta,Y508F,-0.1580985
Delta,Y508H,0.0004042833000000006
Delta,Y508N,0.027400332
Delta,Y508*,-2.9511135
Delta,Y508-,-1.2402381
Delta,R509G,-5.2174573
Delta,R509K,-0.64140273
Delta,R509M,-4.407257
Delta,R509S,-3.6553595
Delta,R509T,0.5373261
Delta,R509W,-1.3087733
Delta,R509-,-3.1713076
Delta,V510A,0.0
Delta,V510E,-3.1347883
Delta,V510I,-0.47483402
Delta,V510L,-0.5158568000000001
Delta,V510M,-0.14686540000000003
Delta,V510-,-0.77194506
Delta,V511A,-0.39192462
Delta,V511E,-2.092523
Delta,V511I,-2.3906255
Delta,V511L,-1.788300036
Delta,V511M,-0.8377338
Delta,V511-,0.0
Delta,V512A,-1.5968263
Delta,V512E,0.0
Delta,V512F,-3.1097584
Delta,V512I,-1.5620954
Delta,V512L,-3.7872863
Delta,V512M,-3.900307
Delta,V512-,0.0
Delta,L513F,-0.33066595
Delta,L513I,0.22370393999999993
Delta,L513M,-0.42982996
Delta,L513P,-2.8066945
Delta,L513Q,-3.0104952
Delta,L513R,0.17463699
Delta,L513T,-0.08539388
Delta,L513V,-2.1563025
Delta,L513-,0.0
Delta,S514A,-0.2591272
Delta,S514F,-0.11795239999999985
Delta,S514N,0.007086343
Delta,S514P,-2.6318593
Delta,S514T,-0.050596144
Delta,S514Y,-0.27996306
Delta,S514-,0.0
Delta,F515C,-1.6402045
Delta,F515I,0.43099234
Delta,F515L,0.17020610000000003
Delta,F515S,-3.6417043
Delta,F515V,-1.4579661
Delta,F515Y,-0.58140445
Delta,F515-,0.0
Delta,E516A,-0.8636666
Delta,E516D,0.22284624
Delta,E516G,-0.3658163400000001
Delta,E516K,-0.01227939999999994
Delta,E516Q,-0.07805055999999999
Delta,E516S,-0.22039692
Delta,E516V,-0.9950012
Delta,E516*,-3.402897
Delta,L517F,0.0005592499999999834
Delta,L517H,-0.65730584
Delta,L517I,0.16290534
Delta,L517M,0.06831835
Delta,L517P,-0.5162418200000001
Delta,L517Q,0.31292874
Delta,L517R,-2.892928
Delta,L517T,-0.7821518
Delta,L517V,-0.45018755099999996
Delta,L517Y,-0.99314785
Delta,L518F,0.18977201
Delta,L518H,-0.52762395
Delta,L518I,0.12742242
Delta,L518M,-0.13540682
Delta,L518P,-0.12814808000000005
Delta,L518Q,-0.017856989
Delta,L518V,-0.08251355
Delta,H519A,-1.0098039
Delta,H519D,-0.077336006
Delta,H519L,-0.51582325
Delta,H519N,-0.8345249
Delta,H519P,0.14846772000000003
Delta,H519Q,-0.039582739
Delta,H519R,-0.30971921
Delta,H519Y,-0.09643094
Delta,A520D,-0.73403686
Delta,A520E,0.061818965000000003
Delta,A520G,0.52727379
Delta,A520L,0.097767726
Delta,A520P,-0.60132403
Delta,A520S,-0.0046860585000000005
Delta,A520T,-0.76844406
Delta,A520V,-0.64656474
Delta,P521A,-1.1229842
Delta,P521H,-0.1278721
Delta,P521L,-0.7078213
Delta,P521Q,0.197545074
Delta,P521R,-0.1726887
Delta,P521S,0.054650350000000014
Delta,P521T,-0.19326088
Delta,A522C,-0.38750789399999996
Delta,A522D,-1.30595345
Delta,A522E,-1.0262530600000002
Delta,A522F,-0.396820824
Delta,A522G,-0.3510264
Delta,A522H,-1.3489201
Delta,A522I,-0.08042044000000004
Delta,A522K,-0.6665460999999999
Delta,A522L,-1.3251399
Delta,A522M,-0.07643345000000001
Delta,A522N,-1.7905267
Delta,A522P,0.10805464000000001
Delta,A522Q,-2.6628091
Delta,A522R,-1.0834733
Delta,A522S,-0.13429396999999998
Delta,A522T,-0.6311946
Delta,A522V,-0.06703604999999999
Delta,A522W,-0.4727750700000001
Delta,A522Y,0.08787884
Delta,A522*,-3.8802555
Delta,A522-,-0.3864122
Delta,T523A,-0.29927970000000004
Delta,T523I,-0.63436
Delta,T523K,-1.0898855
Delta,T523N,-0.2533628
Delta,T523P,-0.30084005
Delta,T523R,0.0
Delta,T523S,-0.07008126
Delta,V524A,-2.5062864
Delta,V524C,-1.0451419
Delta,V524E,-1.2920989
Delta,V524I,0.0
Delta,V524L,-2.0130339
Delta,V524M,-2.2768831
Delta,C525F,-1.9078177
Delta,C525R,0.0
Delta,C525S,-2.6082563
Delta,C525W,-3.2592442
Delta,C525Y,-3.7430127
Delta,C525*,-1.7589406
Delta,G526E,-3.4116628
Delta,G526P,-0.44324866
Delta,G526R,-4.724111
Delta,G526V,-2.7458584
Delta,G526*,-1.4863077
Delta,P527A,0.0
Delta,P527K,-1.6540524
Delta,P527L,-2.2679927
Delta,P527Q,-2.395589
Delta,P527S,-1.8793595
Delta,P527T,-0.65706724
Delta,P527-,-2.1743271
Delta,K528E,-0.6667833
Delta,K528I,-0.57931558
Delta,K528M,0.0
Delta,K528N,-1.1458108
Delta,K528P,-1.9139376
Delta,K528Q,0.061008327
Delta,K528R,-0.20458679665644
Delta,K528T,0.14126551
Delta,K528W,-0.46951565
Delta,K529E,-0.2079576
Delta,K529G,-0.72693914
Delta,K529L,-0.5433175
Delta,K529M,-0.452596173
Delta,K529N,-0.04769319999999999
Delta,K529Q,0.31495737
Delta,K529R,-0.169918375
Delta,K529T,-0.1247882907
Delta,S530C,-1.7679694
Delta,S530F,-1.1473709
Delta,S530G,-1.2996292
Delta,S530I,-0.297581147
Delta,S530N,-0.94023946
Delta,S530P,-0.6216543
Delta,S530R,-2.4690726
Delta,S530T,0.24419913
Delta,S530V,-0.6965873
Delta,S530W,-2.1466806
Delta,T531A,-0.72226682
Delta,T531G,-0.514735
Delta,T531I,-3.0498095
Delta,T531L,-2.3333435
Delta,T531N,-1.2353354
Delta,T531S,-0.37499952
Delta,T531-,-1.67328845
Delta,N532D,-0.03008032
Delta,N532E,2.3360329
Delta,N532H,0.13798168
Delta,N532I,0.003511168
Delta,N532K,-0.08646121
Delta,N532P,0.21640167
Delta,N532S,-0.013253643
Delta,N532T,-0.013720823
Delta,N532V,-0.47920936
Delta,N532Y,-0.48111682
Delta,L533F,-1.2131491
Delta,L533K,-1.8609334
Delta,L533M,-0.40470176999999996
Delta,L533P,-3.5009367
Delta,L533Q,-2.7053528
Delta,L533R,-0.7079075
Delta,L533T,0.0
Delta,L533V,-1.271995
Delta,V534A,-1.1969795507
Delta,V534F,-3.9668415
Delta,V534G,-0.41795558
Delta,V534I,-0.08634061950000001
Delta,V534L,-0.5966032
Delta,V534M,-0.93959033
Delta,V534P,-2.000875
Delta,V534-,0.0
Delta,K535E,-2.6313984
Delta,K535M,0.3004230893
Delta,K535N,-3.0787847
Delta,K535R,-0.30623121000000003
Delta,K535T,-0.25647923
Delta,K535V,-0.67877614
Delta,K535Y,0.07594421
Delta,K535-,0.0
Delta,N536D,-0.39547026
Delta,N536H,-0.060736552
Delta,N536K,-0.27664274
Delta,N536P,-2.6878984
Delta,N536Q,-0.42716745
Delta,N536S,-0.22040706000000004
Delta,N536T,-2.0272582
Delta,N536W,-1.1955112
Delta,N536Y,0.37720588
Delta,N536-,0.0
Delta,K537E,-0.45223152999999994
Delta,K537G,-0.9903358
Delta,K537M,-0.42328683000000006
Delta,K537N,-3.447749
Delta,K537Q,0.02660816
Delta,K537R,-0.3149328
Delta,K537T,0.021582456
Delta,K537*,0.0
Delta,K537-,0.0
Delta,C538F,-2.527486
Delta,C538M,-3.299
Delta,C538S,-2.761773
Delta,C538W,-2.4345062
Delta,C538Y,-2.3124664
Delta,C538-,0.0
Delta,V539A,-2.1360195
Delta,V539C,-0.8942356
Delta,V539F,-1.026641
Delta,V539G,-1.3117491
Delta,V539I,-0.26653913
Delta,V539L,-1.43221494
Delta,V539M,-1.8323373
Delta,V539-,0.0
Delta,N540D,-0.33467484
Delta,N540H,0.04165609
Delta,N540I,-1.8569725
Delta,N540K,0.08339894
Delta,N540Q,-2.0830345
Delta,N540S,-0.23956081
Delta,N540T,0.06452358000000002
Delta,N540Y,-0.7372247
Delta,N540-,0.0
Delta,F541I,-2.9905086
Delta,F541L,-4.7255864
Delta,F541P,0.0
Delta,F541S,-3.0309615
Delta,F541Y,0.11388316
Delta,F541-,0.0
Delta,N542D,-0.89997923
Delta,N542H,-2.8803601
Delta,N542K,-1.5081966
Delta,N542Q,-1.9638944
Delta,N542S,-0.7752714
Delta,F543I,0.21434122
Delta,F543L,-0.9823649300000001
Delta,F543S,-3.0547209
Delta,F543T,-1.6666034
Delta,F543V,-0.32656255
Delta,F543W,-2.8532135
Delta,F543Y,-1.4372481
Delta,F543-,0.3499868
Delta,N544D,-3.0574994
Delta,N544G,-0.081119604
Delta,N544I,0.0
Delta,N544K,-0.9644137
Delta,N544M,-0.012081546
Delta,N544S,0.17008059
Delta,N544Y,-0.261925
Delta,N544-,-0.7345621
Delta,G545A,-1.1419823
Delta,G545E,-3.5197964
Delta,G545R,-2.9586036
Delta,G545V,-2.8464608
Delta,G545*,-2.8226726
Delta,L546F,0.19145115
Delta,L546I,1.2042577
Delta,L546M,-0.08605671
Delta,L546P,-3.0423017
Delta,L546Q,-0.03705369196
Delta,L546V,-0.17671584
Delta,K547A,-0.31879926
Delta,K547C,-0.63368416
Delta,K547D,-2.6520746
Delta,K547E,-1.6477933
Delta,K547F,-1.2654542
Delta,K547G,-1.0580238
Delta,K547H,-0.41774482
Delta,K547I,-0.022190139999999997
Delta,K547L,-0.89789206
Delta,K547M,-0.37392297
Delta,K547N,-2.4443798
Delta,K547P,-3.5801697
Delta,K547Q,-0.1611565
Delta,K547R,0.06541076
Delta,K547S,-0.20893157
Delta,K547T,0.049743243000000006
Delta,K547V,-0.03424953
Delta,K547W,-3.115682
Delta,K547Y,-1.2188238
Delta,K547*,-3.4639664
Delta,G548A,-2.114067
Delta,G548C,-2.618346
Delta,G548D,-5.335204
Delta,G548P,-1.741905
Delta,G548S,-4.601959
Delta,G548T,0.0
Delta,G548V,-2.928298
Delta,T549A,-0.11554921999999998
Delta,T549I,-0.149143629
Delta,T549K,0.10078329000000003
Delta,T549P,-2.641665
Delta,T549Q,-0.5884478
Delta,T549R,0.0
Delta,T549S,0.18923468999999998
Delta,G550A,-1.1199737
Delta,G550C,0.0
Delta,G550E,-2.5625563
Delta,G550K,-0.2514909
Delta,G550R,-2.492166
Delta,G550V,-2.2833292
Delta,G550W,1.1015542
Delta,G550*,-4.062316
Delta,V551A,-2.6764815
Delta,V551E,-1.3009634
Delta,V551F,-0.3409177
Delta,V551G,-2.3581688
Delta,V551I,-0.04438109
Delta,V551K,-2.5776417
Delta,V551L,-0.83352983
Delta,V551M,-0.51476376
Delta,V551W,-1.899371
Delta,L552F,-2.0402853
Delta,L552I,0.21910414499999997
Delta,L552M,-1.4289678
Delta,L552P,-3.1150403
Delta,L552Q,-1.0737628
Delta,L552R,-1.261969493767
Delta,L552V,-0.4359111
Delta,L552W,-3.2809625
Delta,T553A,-0.93452096
Delta,T553G,-1.257971
Delta,T553I,0.016772800000000032
Delta,T553K,-0.49178717
Delta,T553L,-0.6621261
Delta,T553N,-2.1509156
Delta,T553R,0.0
Delta,T553S,-0.01178246999999999
Delta,T553V,-2.0160017
Delta,E554A,0.108471066
Delta,E554D,0.0893873403
Delta,E554G,-0.448252874
Delta,E554K,0.36158545000000003
Delta,E554L,-0.9393568
Delta,E554P,-0.9109084
Delta,E554Q,0.01319135
Delta,E554R,-0.095974006
Delta,E554S,-0.056297116
Delta,E554V,-0.007869490000000035
Delta,E554W,-2.227299
Delta,E554*,-2.4836965
Delta,S555C,0.0
Delta,S555F,-2.5258577
Delta,S555G,-3.9050577
Delta,S555I,0.0
Delta,S555L,-1.3254673
Delta,S555N,-5.2719593
Delta,S555P,-3.5608582
Delta,S555R,-2.6785786
Delta,S555T,-2.814582
Delta,N556D,-0.6703552
Delta,N556I,-0.053000599999999995
Delta,N556K,0.009658759999999988
Delta,N556P,-0.3027466
Delta,N556S,0.099986137
Delta,N556T,-0.20124187
Delta,N556V,-0.19389728
Delta,N556Y,-0.29859775
Delta,K557E,-2.0040598
Delta,K557L,-3.4008095
Delta,K557N,-0.89573455
Delta,K557P,-2.6192195
Delta,K557Q,-3.5413604
Delta,K557R,-0.3554083
Delta,K557T,-1.9083894
Delta,K558E,-0.37633081
Delta,K558M,-0.321657425
Delta,K558N,-0.04950388000000003
Delta,K558P,0.02951051
Delta,K558Q,0.11113661
Delta,K558R,-0.086868325
Delta,K558S,-0.37748393
Delta,K558T,-0.9981461
Delta,K558W,-1.269062
Delta,F559G,-1.5805559
Delta,F559I,-3.8268604
Delta,F559L,-2.463882
Delta,F559S,-2.4554343
Delta,F559T,-2.2996771
Delta,F559V,-1.9266833
Delta,F559W,-2.5313373
Delta,L560C,-0.6974363
Delta,L560G,0.24151394
Delta,L560M,-0.010368657
Delta,L560P,-4.4076777
Delta,L560Q,-0.114698075
Delta,L560R,0.51851577
Delta,L560S,-1.1945164
Delta,L560V,0.0
Delta,L560W,-0.98075473
Delta,P561A,-0.47191477
Delta,P561G,-0.36145985
Delta,P561H,-0.3779805
Delta,P561L,-0.6629127
Delta,P561Q,-0.2940286
Delta,P561S,0.06986069
Delta,P561T,-0.44530803
Delta,F562L,-1.1728775699999998
Delta,F562S,-0.56870938
Delta,F562V,-1.9103931
Delta,F562W,0.905567
Delta,F562Y,0.28263456
Delta,Q563K,-3.182557
Delta,Q563L,0.0
Delta,Q563R,-2.5666282
Delta,Q563*,-2.7365916
Delta,Q563-,0.0
Delta,Q564E,-1.2291569
Delta,Q564H,0.118393097
Delta,Q564K,-1.773249
Delta,Q564L,0.36387579999999997
Delta,Q564R,-2.2986991
Delta,Q564T,0.0
Delta,Q564*,-2.237272
Delta,F565C,-1.2140846
Delta,F565I,0.19943395400000002
Delta,F565L,-0.71093093
Delta,F565S,-1.2813966
Delta,F565V,-0.0067217504
Delta,F565Y,0.11763223
Delta,G566A,-1.8405131
Delta,G566C,-2.9884782
Delta,G566D,-3.034882
Delta,G566S,-0.40200463
Delta,G566V,-2.5162556
Delta,G566-,-1.6300867
Delta,R567G,-5.6424217
Delta,R567I,-0.10863036
Delta,R567K,0.16481689
Delta,R567M,-0.3675805
Delta,R567N,-1.8112049
Delta,R567S,-0.79805084
Delta,R567T,-0.53922033
Delta,R567W,-1.8089757
Delta,D568E,-1.9495914
Delta,D568G,-0.94630855
Delta,D568H,0.0
Delta,D568K,0.0
Delta,D568N,-0.21860939999999984
Delta,D568V,0.0
Delta,D568Y,-2.3616104
Delta,I569F,-0.05798958999999998
Delta,I569L,-0.035283297
Delta,I569M,-0.21886328
Delta,I569N,-0.4343826
Delta,I569S,-0.3186893
Delta,I569T,-0.1298995
Delta,I569V,-0.012357124
Delta,A570C,-4.5562716
Delta,A570D,-0.2757314999999998
Delta,A570E,-1.1880281000000001
Delta,A570F,-1.08631314
Delta,A570G,-0.60663635
Delta,A570H,-1.1274756
Delta,A570I,-0.11872315999999994
Delta,A570K,-0.50028324
Delta,A570L,-0.5652115
Delta,A570M,-0.7842212399999999
Delta,A570N,-3.0157216
Delta,A570P,-3.1669784
Delta,A570Q,-0.7266177
Delta,A570R,-0.06248779999999998
Delta,A570S,-0.071168912
Delta,A570T,0.174523174
Delta,A570V,-0.06244760000000005
Delta,A570W,-0.8631737999999998
Delta,A570Y,-0.70927746
Delta,A570*,-4.027386
Delta,D571A,0.0
Delta,D571E,-0.12781966
Delta,D571G,0.0788695003
Delta,D571H,0.0
Delta,D571N,-3.213169
Delta,D571V,0.0
Delta,D571Y,-0.9859429399999999
Delta,D571-,0.0
Delta,T572A,-0.10826201000000002
Delta,T572C,-0.69147348
Delta,T572D,-1.181027722
Delta,T572E,-0.37156599999999995
Delta,T572F,0.12036207
Delta,T572G,-0.293837478
Delta,T572H,0.15397898999999998
Delta,T572I,-0.04878490000000002
Delta,T572K,0.2098735
Delta,T572L,0.08354799999999996
Delta,T572M,-0.04543536000000001
Delta,T572N,0.15352054999999998
Delta,T572P,-5.207558
Delta,T572Q,0.327141
Delta,T572R,0.22537029000000003
Delta,T572S,-0.126874413
Delta,T572V,-0.08533083
Delta,T572W,-0.29022688
Delta,T572Y,-0.22558781999999997
Delta,T572*,-4.555845
Delta,T572-,0.0
Delta,T573A,-0.6337107
Delta,T573I,0.12347992000000002
Delta,T573K,-0.087152936
Delta,T573L,0.34975338
Delta,T573N,-1.6328253
Delta,T573P,-0.3334994
Delta,T573R,-3.0317264
Delta,T573S,-0.15781605
Delta,T573V,0.42757666
Delta,T573-,0.0
Delta,D574E,-2.1723046
Delta,D574G,0.0
Delta,D574H,-0.7858128999999999
Delta,D574N,0.275420957
Delta,D574V,0.1671985
Delta,D574Y,-0.5567681999999998
Delta,D574-,0.0
Delta,A575D,-3.4878695
Delta,A575G,-0.46331220000000006
Delta,A575S,-0.26096237
Delta,A575T,-0.35372159999999986
Delta,A575V,-1.4258862399999999
Delta,V576A,-0.69662326
Delta,V576F,-2.8019674
Delta,V576I,-0.251288063
Delta,V576L,-0.55316925
Delta,V576M,-2.1396587
Delta,R577C,-3.4841332
Delta,R577G,-3.610788
Delta,R577K,-0.09956677
Delta,R577L,-3.0934372
Delta,R577M,-0.27441269999999984
Delta,R577S,-2.2869048
Delta,R577W,-1.669973189773
Delta,D578E,-2.4127436
Delta,D578G,-3.1528625
Delta,D578H,-0.80097985
Delta,D578N,-4.1601067
Delta,D578Y,-2.0182753
Delta,P579A,0.0
Delta,P579L,-1.1772778
Delta,P579Q,-2.555665
Delta,P579S,-2.1867757
Delta,P579T,-2.811189
Delta,Q580E,-0.7426651
Delta,Q580H,-0.52494106
Delta,Q580I,0.0
Delta,Q580K,0.1144251688
Delta,Q580L,-0.139695876
Delta,Q580M,0.31998628
Delta,Q580P,-2.4385395
Delta,Q580R,-0.076609395
Delta,Q580*,-2.5223937
Delta,T581I,-2.7102804
Delta,T581K,-2.3641543
Delta,T581N,-1.7548025
Delta,T581S,-0.45712173
Delta,L582F,0.142215336
Delta,L582H,-0.43578607
Delta,L582M,0.055316348
Delta,L582N,1.7282602
Delta,L582R,-0.04243637
Delta,L582S,0.25376478
Delta,L582V,-1.0760605
Delta,L582W,0.0
Delta,E583A,-0.32762740999999995
Delta,E583D,-0.33801182999999996
Delta,E583G,-0.9541945999999999
Delta,E583K,-0.6828992200000001
Delta,E583L,-1.0078386
Delta,E583Q,-0.52072364
Delta,E583V,-0.77154466
Delta,E583*,-2.4971483
Delta,E583-,0.34931582
Delta,I584F,-1.6348732
Delta,I584L,-0.36349022
Delta,I584M,-3.5252771
Delta,I584N,-0.6568965
Delta,I584P,-2.227789
Delta,I584T,-1.9221324
Delta,I584V,0.11384016
Delta,I584-,-1.6006602
Delta,L585F,-0.75660991
Delta,L585I,0.1170141
Delta,L585K,-2.4603126
Delta,L585M,-0.05273581000000005
Delta,L585P,-3.3009326
Delta,L585V,-0.13684201
Delta,D586A,-0.29726732
Delta,D586E,-1.24958122
Delta,D586G,-0.46709477999999993
Delta,D586H,-0.2752393
Delta,D586N,0.04094398000000002
Delta,D586S,-0.39393967
Delta,D586T,-1.4519503
Delta,D586W,-2.1473024
Delta,D586Y,-3.1857445
Delta,I587G,-3.6819248
Delta,I587L,-0.98197365
Delta,I587N,-2.1440105
Delta,I587T,-3.5045857
Delta,I587V,-1.2875204
Delta,T588A,0.33270506
Delta,T588I,-0.2493763
Delta,T588K,-0.30062896000000006
Delta,T588R,-0.032797094
Delta,T588S,-0.3313592
Delta,T588V,-0.13927779
Delta,P589A,-0.5756117
Delta,P589H,-2.2048376
Delta,P589L,-2.2962751
Delta,P589Q,-0.36858040000000003
Delta,P589R,0.0
Delta,P589S,-0.6840711000000002
Delta,P589T,-1.7565483
Delta,C590F,-1.2144054
Delta,C590L,-0.4869501
Delta,C590R,-4.0579476
Delta,C590V,0.0
Delta,C590W,0.0
Delta,C590Y,-2.7457063
Delta,C590*,0.0
Delta,S591A,-0.194845558
Delta,S591F,-0.30957979999999985
Delta,S591H,-0.059519116
Delta,S591P,-0.38896357000000004
Delta,S591T,-0.21170819
Delta,S591Y,-0.14527063
Delta,F592I,-0.5545791
Delta,F592L,-1.1621919
Delta,F592P,-3.8061008
Delta,F592S,0.0125343496
Delta,F592V,-0.044466972
Delta,F592Y,-0.023885288999999997
Delta,G593C,-1.1047214
Delta,G593E,-4.0263524
Delta,G593R,-5.15492
Delta,G593S,-1.0302907
Delta,G593V,-0.7296677
Delta,G593*,-2.649565
Delta,G594C,-0.6034655
Delta,G594D,-1.2024744
Delta,G594E,-0.39840603
Delta,G594F,-0.5398864
Delta,G594R,-0.06132100000000007
Delta,G594S,0.07679013
Delta,G594V,-0.4667668
Delta,G594W,-0.33012
Delta,G594*,-2.571767
Delta,V595A,-2.506397
Delta,V595G,-3.2371588
Delta,V595I,0.047195605
Delta,V595L,0.10889359999999992
Delta,V595M,-1.1359416
Delta,S596A,-0.010444601
Delta,S596C,-0.12715451
Delta,S596F,0.30084032
Delta,S596I,-2.6515362
Delta,S596N,-0.35514313
Delta,S596P,-2.3014219
Delta,S596R,-0.701603362
Delta,S596T,-1.9150928
Delta,S596Y,-0.51337251
Delta,V597G,0.0
Delta,V597I,-0.94289774
Delta,V597L,-3.5363815
Delta,V597M,-1.6130847
Delta,V597-,-0.39303032
Delta,I598L,-1.17144124
Delta,I598N,-1.936717
Delta,I598T,-1.5333012
Delta,I598V,-0.6214741
Delta,I598-,1.4732691
Delta,T599A,-4.0576386
Delta,T599H,-3.577927
Delta,T599I,-1.2839871
Delta,T599K,-2.6276748
Delta,T599R,0.0
Delta,T599-,0.6109582
Delta,P600A,-0.21818866
Delta,P600H,-3.86985
Delta,P600L,-1.5870648200000002
Delta,P600R,-1.4283274
Delta,P600S,-3.6845567
Delta,P600T,-2.4682539
Delta,P600-,0.9955267
Delta,G601C,0.13933802
Delta,G601D,-4.5684733
Delta,G601H,-2.5727108
Delta,G601S,-3.4367838
Delta,G601V,-2.293844
Delta,T602A,-2.6650367
Delta,T602H,0.0
Delta,T602I,-1.32423443
Delta,T602L,-2.8531203
Delta,T602N,-2.960999
Delta,T602S,0.11472452
Delta,T602-,0.0
Delta,N603D,0.25396582
Delta,N603H,-0.08072432
Delta,N603I,-0.77526743
Delta,N603K,0.09508243
Delta,N603R,-0.5000937
Delta,N603S,-0.06092974
Delta,N603T,-0.2782773
Delta,N603Y,-0.31031984
Delta,N603-,-1.7580414
Delta,T604A,-0.24333921
Delta,T604I,0.03279434999999999
Delta,T604L,-0.3808272
Delta,T604N,-0.40557913
Delta,T604S,-0.29681063
Delta,T604V,-0.15654832
Delta,T604Y,-1.0002284
Delta,T604-,0.035703108
Delta,S605A,-1.9379122
Delta,S605C,-0.402773085
Delta,S605F,-2.5693786
Delta,S605G,-0.43878364000000003
Delta,S605I,-2.463286
Delta,S605L,-2.8939154
Delta,S605N,-4.210886
Delta,S605R,-2.849402
Delta,S605T,-0.21125135
Delta,S605-,-0.35288092
Delta,N606D,-0.119349993
Delta,N606G,-0.49463424
Delta,N606H,0.0
Delta,N606K,-0.3499955
Delta,N606L,-0.82091576
Delta,N606S,-0.15850078
Delta,N606T,0.617262926
Delta,N606Y,-0.3902354
Delta,Q607E,0.09707554
Delta,Q607H,-0.29776925
Delta,Q607K,0.003136225999999999
Delta,Q607L,-0.27631505
Delta,Q607R,-0.3372766
Delta,Q607V,-0.41594818
Delta,Q607*,-2.0365324
Delta,V608A,-2.199985
Delta,V608D,-2.9009707
Delta,V608E,0.0
Delta,V608F,-0.022133286999999998
Delta,V608I,-0.1305046
Delta,V608L,-2.3079123
Delta,V608M,-3.1498008
Delta,A609D,-2.338272
Delta,A609L,-1.037567
Delta,A609S,-3.265524
Delta,A609T,-3.3571188
Delta,A609V,-4.430852
Delta,V610A,-2.8002276
Delta,V610E,-1.5381285
Delta,V610F,-2.0802424
Delta,V610G,0.0
Delta,V610I,-0.7793168
Delta,V610L,-0.34764076
Delta,V610M,-2.6834717
Delta,L611F,-0.18662570999999994
Delta,L611I,-1.5218389
Delta,L611P,-2.5809147
Delta,L611R,-2.4204276
Delta,L611V,-2.1491523
Delta,Y612C,-3.2210171
Delta,Y612F,-0.05365911000000001
Delta,Y612H,-1.9240349128
Delta,Y612N,-1.9396908
Delta,Y612Q,0.0
Delta,Y612*,-2.3481355
Delta,Y612-,0.0
Delta,Q613E,-0.11355887
Delta,Q613H,0.18351364
Delta,Q613K,-1.0168203
Delta,Q613L,-0.93645465
Delta,Q613P,-1.6388084
Delta,Q613R,0.056072114
Delta,Q613*,-2.6050203
Delta,Q613-,0.0
Delta,G614A,-0.454430927
Delta,G614C,-2.1123147
Delta,G614D,-0.31149355
Delta,G614E,-1.2984613
Delta,G614F,-2.5326204
Delta,G614H,-0.62255657
Delta,G614I,-4.5882287
Delta,G614K,-0.7282237999999999
Delta,G614L,-0.61531943
Delta,G614M,0.10490868000000003
Delta,G614N,-0.04486796
Delta,G614P,-1.8928937
Delta,G614Q,-0.6403912
Delta,G614R,-1.5275834
Delta,G614S,-0.37428071
Delta,G614T,-0.552499
Delta,G614V,-2.5835154
Delta,G614W,-2.6150076
Delta,G614Y,0.0
Delta,G614*,-2.9915628
Delta,G614-,0.0
Delta,V615A,-0.21418046000000002
Delta,V615E,-2.9172928
Delta,V615F,-0.7086591500000001
Delta,V615G,0.0
Delta,V615I,-0.265358855
Delta,V615L,-0.06668729000000001
Delta,V615M,0.20305484599999998
Delta,V615-,0.0
Delta,N616D,-0.0915234972
Delta,N616I,-0.6780846
Delta,N616K,0.0161598094
Delta,N616L,0.17598389
Delta,N616R,0.0
Delta,N616S,-0.29998075399999996
Delta,N616T,-0.20161109
Delta,N616-,0.0
Delta,C617F,-2.0764704
Delta,C617L,-3.6293015
Delta,C617R,-2.9443092
Delta,C617S,-3.0970254
Delta,C617Y,-4.9250355
Delta,C617*,-2.1709468
Delta,T618A,-0.17552104999999998
Delta,T618I,-0.25011056
Delta,T618K,0.04240978
Delta,T618N,-0.0043787747
Delta,T618P,0.0
Delta,T618R,-0.37016844
Delta,T618S,-0.15866211
Delta,E619A,-0.06785027000000005
Delta,E619D,-0.30411655
Delta,E619G,-0.1926005999999999
Delta,E619K,-0.13480309000000001
Delta,E619Q,-0.10678787
Delta,E619R,-0.21593603
Delta,E619V,-0.7496554500000001
Delta,E619*,-2.3569229
Delta,E619-,-1.7495693
Delta,V620A,-1.8778142
Delta,V620F,-4.2173824
Delta,V620I,-0.60231417
Delta,V620L,-0.8116029300000001
Delta,V620M,-0.8337618600000001
Delta,V620-,-1.3570733
Delta,P621A,0.011924500000000001
Delta,P621G,0.24070293
Delta,P621H,-0.226878
Delta,P621L,-0.15165910000000005
Delta,P621Q,0.0
Delta,P621R,-0.22578852
Delta,P621S,-0.06304617
Delta,P621T,-0.3523087993497681
Delta,P621-,-0.23582858
Delta,V622A,0.07859971999999998
Delta,V622C,-0.534057055
Delta,V622D,-0.160734826
Delta,V622E,0.03791297
Delta,V622F,0.015177389999999999
Delta,V622G,0.271819625
Delta,V622H,0.0455307125
Delta,V622I,0.054257385
Delta,V622K,-0.198769802
Delta,V622L,-0.08771367999999999
Delta,V622M,0.09500180000000001
Delta,V622N,-0.0982586805
Delta,V622P,0.01524798000000005
Delta,V622Q,0.15356351000000001
Delta,V622R,-0.157448874541603
Delta,V622S,0.020805500000000005
Delta,V622T,-0.300612608
Delta,V622W,0.19346672399999998
Delta,V622Y,-0.059427574999999996
Delta,V622*,-4.337532
Delta,V622-,0.05986954
Delta,A623D,-1.0683122
Delta,A623I,-0.224572
Delta,A623L,0.019815195
Delta,A623S,-0.08019838
Delta,A623T,-0.2498919
Delta,A623V,-0.13837884
Delta,A623-,-0.28888366
Delta,I624K,0.0
Delta,I624L,0.055614464
Delta,I624M,-0.025612600000000013
Delta,I624N,-1.342356
Delta,I624T,-0.4410334600000001
Delta,I624V,-0.31633534
Delta,H625L,-0.20876878499999998
Delta,H625N,0.16247496
Delta,H625P,0.0
Delta,H625Q,-0.265794963
Delta,H625R,0.11355209
Delta,H625S,0.5674117
Delta,H625Y,-0.1769147499999999
Delta,H625-,-1.630605
Delta,A626D,-0.33620684
Delta,A626E,-0.53531057
Delta,A626G,0.0
Delta,A626L,-1.6091604
Delta,A626Q,-0.41766584
Delta,A626R,-1.9138279
Delta,A626S,-0.151762104
Delta,A626T,-0.3791572
Delta,A626V,-0.24474828
Delta,A626-,-0.6256176
Delta,D627A,0.01004946000000001
Delta,D627E,-0.07489417999999999
Delta,D627G,-0.28228492
Delta,D627H,-0.24563189000000002
Delta,D627N,-0.026275104
Delta,D627P,0.0
Delta,D627S,0.24083348
Delta,D627T,-1.3283272
Delta,D627V,-0.546604
Delta,D627Y,-0.4881308000000001
Delta,D627-,-0.49519634
Delta,Q628D,-0.23139738
Delta,Q628E,0.329825046
Delta,Q628H,-0.62431073
Delta,Q628K,0.035382250000000004
Delta,Q628L,-0.531307945
Delta,Q628P,-2.108812
Delta,Q628R,0.20669369599999998
Delta,Q628*,-3.1359525
Delta,Q628-,-1.1052188
Delta,L629C,-0.36297548
Delta,L629F,-2.349686
Delta,L629H,-1.3050137
Delta,L629I,-0.08530989700000001
Delta,L629P,-1.2930815
Delta,L629V,-0.07831204
Delta,L629Y,-1.0498904
Delta,L629-,-0.3779049
Delta,T630A,0.2152208
Delta,T630C,-2.624993
Delta,T630I,-0.9119885000000001
Delta,T630K,-1.0309580999999999
Delta,T630L,-3.4295323
Delta,T630N,-0.6176532
Delta,T630S,-0.25968385400000005
Delta,T630-,-0.5009785
Delta,P631H,-0.239713974
Delta,P631L,-0.50102973
Delta,P631Q,-0.417330348
Delta,P631S,-0.84696584
Delta,P631T,-0.21685045999999997
Delta,P631V,0.0
Delta,P631Y,-0.7504667
Delta,P631-,-2.2803824
Delta,T632A,0.137836255
Delta,T632G,0.028993625
Delta,T632I,-0.19411203
Delta,T632N,0.045114829999999995
Delta,T632P,-0.14733444
Delta,T632S,-0.034824826
Delta,T632-,0.0
Delta,W633C,-2.8524456
Delta,W633R,-3.5262957
Delta,W633*,-2.9633784
Delta,W633-,-1.2264818
Delta,R634G,-0.544016
Delta,R634H,-0.20381534
Delta,R634K,-0.018777210000000003
Delta,R634L,-0.3613169
Delta,R634M,-0.13643683
Delta,R634Q,0.0
Delta,R634S,-0.53082612
Delta,R634W,-1.4232149
Delta,R634-,-1.928959634
Delta,V635A,-0.20014359
Delta,V635F,0.10577097
Delta,V635G,-0.08771975
Delta,V635I,-0.131508486
Delta,V635L,-0.08469808
Delta,V635-,-1.02063689
Delta,Y636C,-0.2642894
Delta,Y636F,-0.011906368
Delta,Y636H,-0.5406272
Delta,Y636L,-1.3665369
Delta,Y636N,-3.0308726
Delta,Y636*,-3.133784
Delta,Y636-,-0.64494693
Delta,S637A,0.06572857
Delta,S637C,-0.22528042
Delta,S637F,-0.4702596
Delta,S637G,-1.089318
Delta,S637I,-0.32106036
Delta,S637N,-1.7070393000000001
Delta,S637R,-0.60354877
Delta,S637T,0.061571863
Delta,S637Y,-0.59718037
Delta,S637-,-0.41296056
Delta,T638A,-0.05580763999999999
Delta,T638I,-0.12797641999999998
Delta,T638K,0.1408864
Delta,T638R,-0.09494149
Delta,T638S,0.027821913
Delta,T638-,-1.2517858
Delta,G639A,-0.00014319999999989896
Delta,G639C,-2.04618552
Delta,G639D,-0.19553739999999986
Delta,G639R,-1.6443216
Delta,G639S,-0.24155706
Delta,G639V,-0.7281063000000003
Delta,G639Y,-3.3752737
Delta,G639-,0.20100167
Delta,S640A,-0.063104846
Delta,S640C,-0.706608886
Delta,S640D,-0.018100126
Delta,S640E,-0.43496534499999995
Delta,S640F,-0.5678861
Delta,S640G,-0.13149099
Delta,S640H,-0.3465233613
Delta,S640I,-0.118921905
Delta,S640K,0.50212804
Delta,S640L,-0.06173381
Delta,S640M,-0.169998549
Delta,S640N,0.0996177
Delta,S640P,-0.044959749999999965
Delta,S640Q,-0.040052487000000005
Delta,S640R,-0.15145792
Delta,S640T,-0.207455886
Delta,S640V,0.018603563
Delta,S640Y,-0.22366647
Delta,S640*,-3.7011065
Delta,S640-,0.13049383
Delta,N641D,-0.34489167
Delta,N641G,-1.7621576
Delta,N641H,0.03623459
Delta,N641I,-0.054649983
Delta,N641K,0.133878002
Delta,N641R,-0.004958501
Delta,N641S,-0.16155571
Delta,N641T,-0.39941148000000004
Delta,N641Y,-0.97753022
Delta,N641-,-0.32250106
Delta,V642A,-0.27651748
Delta,V642E,-1.5587894
Delta,V642F,-0.51249886
Delta,V642G,-0.46206103
Delta,V642I,-0.105710484
Delta,V642L,-0.265481745
Delta,V642M,0.1606932
Delta,V642R,-1.0563637
Delta,V642S,0.0
Delta,V642T,-0.8373829
Delta,V642-,-0.48538575
Delta,F643H,0.0
Delta,F643I,-0.20119448
Delta,F643L,-0.13696256
Delta,F643S,-2.2696476
Delta,F643V,0.26729074
Delta,F643Y,-0.16913588
Delta,F643-,-0.9110541
Delta,Q644E,0.0
Delta,Q644H,-0.46596211
Delta,Q644K,-3.610797
Delta,Q644L,-0.71419495
Delta,Q644N,0.0
Delta,Q644P,0.0
Delta,Q644R,-4.2628493
Delta,Q644S,-0.20751484
Delta,Q644T,-0.10188771
Delta,Q644*,-3.347246
Delta,T645A,-1.7879128
Delta,T645H,-2.7694287
Delta,T645I,-1.3081496
Delta,T645N,-2.1307354
Delta,R646G,0.07266581999999999
Delta,R646H,-0.10542186
Delta,R646K,0.23401971
Delta,R646L,0.016205732
Delta,R646M,0.105214566
Delta,R646P,0.042592086
Delta,R646Q,-0.28529453
Delta,R646S,-0.20972487
Delta,R646T,-0.07486937
Delta,R646W,-1.4251263
Delta,A647C,-1.7484138
Delta,A647D,-1.7755395
Delta,A647E,-0.7475382
Delta,A647F,-0.20029667
Delta,A647P,-0.945669
Delta,A647S,-0.37721752
Delta,A647T,-0.78122505
Delta,A647V,-0.12339707999999999
Delta,G648C,-2.8306463
Delta,G648D,-5.6323805
Delta,G648P,0.0
Delta,G648S,-2.2368262
Delta,G648V,-2.5119686
Delta,G648-,0.0
Delta,C649F,-1.8152536
Delta,C649G,-4.6347713
Delta,C649H,0.0
Delta,C649L,-2.8350403
Delta,C649R,-3.2735004
Delta,C649S,2.2031438
Delta,C649Y,-4.1961355
Delta,C649*,-1.8123763
Delta,C649-,0.0
Delta,L650C,-2.996317
Delta,L650F,-3.9597564
Delta,L650I,-0.84954673
Delta,L650M,-1.5460248
Delta,L650N,-2.6464968
Delta,L650P,-1.9885253
Delta,L650Q,-1.8157233
Delta,L650R,0.0
Delta,L650S,-2.6648808
Delta,L650-,0.0
Delta,I651F,-0.56876725
Delta,I651M,-2.4120102
Delta,I651N,0.0
Delta,I651S,0.0
Delta,I651T,-0.8380424500000001
Delta,I651V,-0.09503983999999999
Delta,I651Y,-1.9889566
Delta,I651-,-2.7242484
Delta,G652A,-4.1676636
Delta,G652E,-3.0786853
Delta,G652F,0.0
Delta,G652L,-0.7759927739
Delta,G652R,-2.3412013
Delta,G652S,-3.6094751
Delta,G652V,-3.346108
Delta,G652*,-3.1000972
Delta,A653C,-0.63301884
Delta,A653D,-4.494845
Delta,A653E,-4.2572203
Delta,A653F,-3.6551342
Delta,A653G,-3.4003358
Delta,A653H,-2.9883955
Delta,A653I,-1.9086699100000002
Delta,A653K,-3.6364996
Delta,A653L,-6.209114
Delta,A653M,-3.7136438
Delta,A653N,-4.2327895
Delta,A653P,-5.321561
Delta,A653Q,-3.9264805
Delta,A653R,-4.662969
Delta,A653S,-6.574297
Delta,A653T,-1.5237202599999997
Delta,A653V,-0.1403015286
Delta,A653W,-3.2971501
Delta,A653Y,-3.173642
Delta,A653*,-3.8668377
Delta,E654A,-0.25299066
Delta,E654D,-1.47318137
Delta,E654G,-1.3473642
Delta,E654K,0.06333886999999999
Delta,E654Q,0.07310628
Delta,E654R,0.068535805
Delta,E654T,0.16637999
Delta,E654V,-0.051479056
Delta,E654*,-2.3055189
Delta,E654-,-0.4362673
Delta,Y655A,-1.05449303
Delta,Y655C,-2.4459631
Delta,Y655D,-3.6685476
Delta,Y655E,-3.0183065
Delta,Y655F,-0.32982032
Delta,Y655G,-2.39957646
Delta,Y655H,-0.6931546500000001
Delta,Y655I,-0.8131878
Delta,Y655K,-0.7557036
Delta,Y655L,-0.5673644099999999
Delta,Y655M,-0.457835896
Delta,Y655N,-1.3491139999999997
Delta,Y655P,-0.9887274
Delta,Y655Q,-0.9723222
Delta,Y655R,-0.8482158
Delta,Y655S,-1.2190433
Delta,Y655T,-1.28776316
Delta,Y655V,-0.8404611
Delta,Y655W,-0.42933279
Delta,Y655*,-3.9276419
Delta,Y655-,-0.6448843
Delta,V656A,-1.2549801
Delta,V656E,-1.0552968
Delta,V656I,-0.4073603
Delta,V656L,-0.95620847
Delta,V656M,-0.8211559399999999
Delta,V656Q,-2.0423872
Delta,V656T,-0.18900928
Delta,N657D,0.025852995
Delta,N657H,-0.027003890000000003
Delta,N657I,-0.86832684
Delta,N657K,-0.30239472
Delta,N657S,-0.26789668
Delta,N657T,-0.23352198
Delta,N657Y,-0.31634323
Delta,N657-,-1.6954942
Delta,N658D,-0.04475014999999999
Delta,N658G,1.2055869
Delta,N658H,-0.0063078413
Delta,N658I,-0.028046127
Delta,N658K,-0.18111073200000002
Delta,N658S,0.26280736
Delta,N658T,0.061257295
Delta,N658V,0.324434306
Delta,N658Y,-0.062357203299887
Delta,S659A,-0.05544550000000001
Delta,S659F,-0.99625003
Delta,S659L,-0.5374778729999999
Delta,S659P,-0.83979684
Delta,S659T,0.126213391
Delta,S659Y,-0.5223836
Delta,S659-,-1.1235181300000001
Delta,Y660C,-2.264954
Delta,Y660D,-1.7796904
Delta,Y660F,-0.05498244
Delta,Y660H,-0.6438368
Delta,Y660K,-0.41848606
Delta,Y660L,0.054440144
Delta,Y660N,-1.7456051
Delta,Y660*,-1.4440631
Delta,Y660-,-2.2254207
Delta,E661A,-0.10070075
Delta,E661D,-0.264426194
Delta,E661G,-0.8561652
Delta,E661K,-0.21050797
Delta,E661Q,-0.1012438
Delta,E661V,-0.53668061
Delta,E661*,-3.764451
Delta,E661-,-1.1114297
Delta,C662F,-2.2279892
Delta,C662G,-2.381458
Delta,C662R,-2.237506
Delta,C662S,1.712495
Delta,C662W,0.0
Delta,C662Y,-3.6674244
Delta,C662*,-0.6357619
Delta,C662-,-2.7952752
Delta,D663A,0.0
Delta,D663E,-2.7940004
Delta,D663G,-4.800295
Delta,D663H,0.0
Delta,D663N,-3.6844814
Delta,D663R,-2.4612474
Delta,D663Y,-2.6348197
Delta,D663-,-1.4198377
Delta,I664F,-3.167688
Delta,I664K,-2.7453418
Delta,I664L,-3.418027
Delta,I664N,0.0
Delta,I664T,-3.2265103
Delta,I664V,-1.3997678
Delta,I664-,-3.0725472
Delta,P665H,-1.577256
Delta,P665Q,-4.3038707
Delta,P665S,-4.008485
Delta,P665T,-3.7654302
Delta,P665-,-1.7208984
Delta,I666C,-1.3263222
Delta,I666L,-1.0498444
Delta,I666N,-4.5608454
Delta,I666S,-3.0710108
Delta,I666T,0.0
Delta,I666V,-0.25374377
Delta,I666-,1.1807239
Delta,G667A,-1.0123981
Delta,G667C,-0.08413228
Delta,G667E,-3.0647845
Delta,G667F,-2.8713224
Delta,G667R,-3.667837
Delta,G667S,-0.5459852500000001
Delta,G667V,-3.292866
Delta,G667*,-1.6370146
Delta,G667-,-2.2937682
Delta,A668E,-1.4890230500000001
Delta,A668G,-0.10800668
Delta,A668R,0.0
Delta,A668S,-0.328813214
Delta,A668T,-1.6358851
Delta,A668V,-1.3699107000000001
Delta,A668-,-1.2597111
Delta,G669A,-2.043100644
Delta,G669C,-3.2783427
Delta,G669D,-4.097181
Delta,G669N,-3.2966783
Delta,G669R,-2.5068421
Delta,G669S,-4.1629543
Delta,G669V,-2.1614132
Delta,G669-,-1.9060078
Delta,I670L,0.18063508
Delta,I670M,-0.571538416
Delta,I670N,-0.93908197
Delta,I670R,0.0
Delta,I670T,-1.5843938499999999
Delta,I670V,-0.1493138
Delta,C671F,0.80777496
Delta,C671G,-1.2238635
Delta,C671R,-6.4985805
Delta,C671S,-3.0204823
Delta,C671Y,-3.7796288
Delta,C671*,-1.2157786
Delta,A672D,-3.2453794
Delta,A672R,-2.221605
Delta,A672S,-1.5013553800000001
Delta,A672T,-1.1953603406
Delta,A672V,0.0015092499999999898
Delta,A672-,-0.3130881
Delta,S673A,-1.7397199
Delta,S673F,-2.7578475
Delta,S673G,-0.7530059
Delta,S673I,-3.307913
Delta,S673L,-2.8101919
Delta,S673P,-4.41801
Delta,S673R,-0.09755880000000003
Delta,S673T,-0.10878338000000001
Delta,S673Y,-2.9862192
Delta,Y674C,-2.298095
Delta,Y674D,0.0
Delta,Y674F,-0.30469423
Delta,Y674H,-0.8867802
Delta,Y674*,-1.8317783
Delta,Y674-,0.0
Delta,Q675E,0.0
Delta,Q675H,-0.085099136
Delta,Q675K,-0.016480299
Delta,Q675L,-0.10146312000000002
Delta,Q675N,-0.23555522
Delta,Q675P,-0.5049802
Delta,Q675R,0.10860374
Delta,Q675T,0.27518302
Delta,Q675W,0.2778476
Delta,Q675*,-3.0811632
Delta,Q675-,-0.31193358
Delta,T676A,0.025015106
Delta,T676I,0.035871163000000005
Delta,T676N,0.06619772
Delta,T676P,0.046231247
Delta,T676R,-0.5256532
Delta,T676S,-0.0762757
Delta,T676-,0.47387204
Delta,Q677A,0.036306445
Delta,Q677C,-0.14345317000000002
Delta,Q677D,-0.058648912
Delta,Q677E,-0.02934455
Delta,Q677F,0.176792758
Delta,Q677G,0.181896448
Delta,Q677H,0.141191747
Delta,Q677I,0.185423544
Delta,Q677K,0.092731635
Delta,Q677L,0.16452902000000003
Delta,Q677M,0.013746874
Delta,Q677N,0.14143842
Delta,Q677P,-0.058475784999999995
Delta,Q677R,0.06860679
Delta,Q677S,0.141691514
Delta,Q677T,0.24496252000000002
Delta,Q677V,0.25220617
Delta,Q677W,0.065141641
Delta,Q677Y,0.10892645
Delta,Q677*,-2.619309
Delta,Q677-,0.37184756480000003
Delta,T678A,-0.15053301
Delta,T678C,-0.30256700999999997
Delta,T678D,0.1102504403
Delta,T678E,0.020645475
Delta,T678F,-0.084828824
Delta,T678G,-0.12243797599999999
Delta,T678H,0.036608482
Delta,T678I,-0.040714785
Delta,T678K,-0.12894878
Delta,T678L,0.029311313999999998
Delta,T678M,-0.046703666
Delta,T678N,0.144956553
Delta,T678P,-0.058554435
Delta,T678Q,-0.20274799
Delta,T678R,-0.10041168
Delta,T678S,0.034538724
Delta,T678V,-0.052085772
Delta,T678W,0.26498999
Delta,T678Y,-0.07685047
Delta,T678*,-2.4368992
Delta,T678-,0.075612747
Delta,K679A,0.034357452999999996
Delta,K679C,-0.23080663
Delta,K679D,0.30516873
Delta,K679E,0.1005414217
Delta,K679F,0.309509828
Delta,K679G,0.08660366674696
Delta,K679H,0.07447781
Delta,K679I,0.049553410000000006
Delta,K679L,-0.032065581999999995
Delta,K679M,0.185043115
Delta,K679N,0.065514556248
Delta,K679P,-0.07502641900000001
Delta,K679Q,-0.027539546
Delta,K679R,-0.14074209599999998
Delta,K679S,0.025108710000000006
Delta,K679T,0.008608232
Delta,K679V,-0.11140004999999999
Delta,K679W,0.156648173
Delta,K679Y,0.011720132
Delta,K679*,-4.260044
Delta,K679-,0.018885627
Delta,S680A,-0.008940969
Delta,S680C,0.22793017
Delta,S680F,-0.071378355
Delta,S680G,0.26060653699999997
Delta,S680H,0.07270844
Delta,S680I,0.046331067
Delta,S680N,0.09501686
Delta,S680P,-0.11984304
Delta,S680R,-0.054918047
Delta,S680T,-0.02407829
Delta,S680W,-0.13456783
Delta,S680Y,0.156896296
Delta,S680-,0.12274529
Delta,H681A,0.0032783316500000002
Delta,H681C,-0.25834185
Delta,H681D,0.33697117499999996
Delta,H681E,0.302631246
Delta,H681F,0.013600503
Delta,H681G,0.121999187
Delta,H681I,-0.097807384
Delta,H681K,-0.09109547999999999
Delta,H681L,-0.0064383284
Delta,H681M,-0.039019313
Delta,H681N,0.144210934
Delta,H681P,0.07578075
Delta,H681Q,0.08741264000000001
Delta,H681R,-0.126043844059
Delta,H681S,0.10032305
Delta,H681T,0.111929838
Delta,H681V,0.115464804
Delta,H681W,-0.022392742
Delta,H681Y,-0.044457354
Delta,H681*,-2.8335311
Delta,H681-,0.31108207
Delta,R682G,0.1418962696
Delta,R682H,0.22877914
Delta,R682K,0.41534187
Delta,R682L,0.171331498
Delta,R682M,0.43349692
Delta,R682P,0.27980357
Delta,R682Q,0.107645094
Delta,R682S,0.31993956
Delta,R682W,0.27550435
Delta,R682-,0.03718875
Delta,R683G,0.380851237
Delta,R683K,-0.022447285000000004
Delta,R683L,0.054080684
Delta,R683M,-0.028266976
Delta,R683P,0.09339081
Delta,R683Q,0.17345761
Delta,R683S,-0.0023150146
Delta,R683T,0.0
Delta,R683W,-0.029612616
Delta,R683Y,-0.028354572
Delta,A684E,-0.042678806
Delta,A684F,0.26226792
Delta,A684L,-0.35601705
Delta,A684M,0.0
Delta,A684P,-0.09874926107
Delta,A684S,-0.08791704
Delta,A684T,-0.06858059
Delta,A684V,0.05118942
Delta,R685C,0.09379668
Delta,R685G,0.5190395999999999
Delta,R685H,0.08247632
Delta,R685K,0.17165053
Delta,R685L,0.3215041
Delta,R685M,0.2869409
Delta,R685S,0.23429598
Delta,R685W,-0.20307538
Delta,R685-,3.4350167115000003
Delta,S686F,-0.080936968
Delta,S686G,0.268395709
Delta,S686I,0.33744085
Delta,S686N,0.23713185
Delta,S686P,0.1470991
Delta,S686R,-0.026518686
Delta,S686T,0.20896456
Delta,S686Y,-0.3372984
Delta,S686-,0.4091181
Delta,V687A,0.11038925800000002
Delta,V687E,0.91744146
Delta,V687I,0.077978835
Delta,V687L,0.0050160633
Delta,V687M,0.11280946999999998
Delta,V687S,0.59054595
Delta,V687-,0.09609385000000001
Delta,A688C,-0.1337153141956332
Delta,A688D,-0.15914314000000002
Delta,A688E,-0.39191502600000006
Delta,A688F,0.020464117999999996
Delta,A688G,0.180583076
Delta,A688H,-0.214133555
Delta,A688I,-0.21365942
Delta,A688K,0.2182528792
Delta,A688L,-0.073500276
Delta,A688M,-0.08852429
Delta,A688N,0.062353015
Delta,A688P,0.11199043
Delta,A688Q,0.122465566
Delta,A688R,-0.056077503
Delta,A688S,0.004111873000000002
Delta,A688T,-0.013630994
Delta,A688V,0.07139282
Delta,A688W,0.01375253999999998
Delta,A688Y,-0.18826382
Delta,A688*,-2.525809
Delta,A688-,-0.31100255
Delta,S689C,0.0
Delta,S689D,-0.19337805
Delta,S689G,-0.23842471
Delta,S689I,-0.08660546
Delta,S689K,0.7314122
Delta,S689N,-0.055007864
Delta,S689Q,-0.10078353
Delta,S689R,0.011753133
Delta,S689T,-0.012470947
Delta,S689-,-0.87108195
Delta,Q690H,0.123481736
Delta,Q690K,0.12123091
Delta,Q690L,-0.31473622
Delta,Q690P,0.04814453
Delta,Q690R,-0.014209337
Delta,Q690S,-0.23825656
Delta,Q690*,0.853091
Delta,S691A,-0.21825168
Delta,S691C,0.0053557516
Delta,S691D,-0.39565763
Delta,S691F,-0.30543679
Delta,S691G,0.07804031
Delta,S691I,-0.43927452
Delta,S691N,-0.017445229000000007
Delta,S691P,-0.30249491
Delta,S691R,0.113558018
Delta,S691T,0.009963663
Delta,S691Y,-0.28889927
Delta,I692F,-0.21973531000000002
Delta,I692L,-0.3518236
Delta,I692M,-0.3619876
Delta,I692S,-2.1864417
Delta,I692T,-1.7861574
Delta,I692V,-1.3819976
Delta,I693F,-1.141979877
Delta,I693L,-0.6902592
Delta,I693N,-2.5044346
Delta,I693S,-3.5058734
Delta,I693T,-1.933807
Delta,I693V,-0.047842462887041
Delta,I693-,0.0
Delta,A694D,-0.50585955
Delta,A694F,0.19105582
Delta,A694P,-2.4103389
Delta,A694S,-0.6936829
Delta,A694T,-0.5332492999999998
Delta,A694V,0.073703215
Delta,A694-,0.0
Delta,Y695C,-0.6619607
Delta,Y695D,0.0
Delta,Y695F,-0.24610332
Delta,Y695H,-4.2442894
Delta,Y695N,0.50200164
Delta,Y695*,-2.5719287
Delta,Y695-,0.0
Delta,T696A,-1.6477934
Delta,T696I,-0.23507075
Delta,T696K,-0.2712149
Delta,T696N,-1.9010799
Delta,T696S,0.0
Delta,T696-,0.0
Delta,M697I,-0.6494875
Delta,M697K,0.0
Delta,M697L,-0.18378487
Delta,M697R,-1.4862881
Delta,M697T,-3.8340905
Delta,M697V,-0.4468911
Delta,M697-,0.0
Delta,S698A,-1.0172615
Delta,S698C,-0.807572
Delta,S698G,-0.7474682
Delta,S698I,-0.6631841
Delta,S698K,0.0
Delta,S698L,-0.4937879
Delta,S698N,-0.18858724999999998
Delta,S698R,0.78363687
Delta,S698T,0.0
Delta,S698-,0.0
Delta,L699F,-3.2013986
Delta,L699I,0.0021337200000000056
Delta,L699M,-0.43857184
Delta,L699P,-1.48094053
Delta,L699Q,-2.7162051
Delta,L699R,-2.1408985
Delta,L699V,0.064388394
Delta,G700C,0.0
Delta,G700E,-3.2755187
Delta,G700R,-3.7676551
Delta,G700V,-2.680379
Delta,G700*,-1.3345386
Delta,G700-,1.390264
Delta,A701C,-0.26442257
Delta,A701D,0.019337362
Delta,A701E,0.037318040000000025
Delta,A701F,-0.6017781600000001
Delta,A701G,-0.006462990000000002
Delta,A701H,-0.06722859
Delta,A701I,-0.21800585999999997
Delta,A701K,0.0067569027
Delta,A701L,-0.9921051000000001
Delta,A701M,-0.15453227999999997
Delta,A701N,-0.07960444
Delta,A701P,-0.07826755000000002
Delta,A701Q,-0.053538118
Delta,A701R,0.05995834
Delta,A701S,0.032435612999999995
Delta,A701T,-0.012691906000000003
Delta,A701V,-0.036401139999999985
Delta,A701W,-0.6172732
Delta,A701Y,-0.12627876000000005
Delta,A701*,-2.8680956
Delta,E702A,0.024644885
Delta,E702D,-0.17880762
Delta,E702G,-0.24289023999999998
Delta,E702K,-0.15405200000000008
Delta,E702Q,-0.1361105600000001
Delta,E702T,0.054762833
Delta,E702V,-0.12287083000000004
Delta,E702*,-0.32555807
Delta,N703D,-0.12222067000000003
Delta,N703F,-0.206187694
Delta,N703H,-0.0344699
Delta,N703I,0.45632116999999994
Delta,N703K,0.31643006
Delta,N703Q,0.28327835
Delta,N703S,0.1821770316
Delta,N703T,-0.005138829999999983
Delta,N703Y,-0.122591478
Delta,S704A,-0.12689303
Delta,S704C,0.0
Delta,S704F,0.107693546
Delta,S704L,-0.09083770999999999
Delta,S704M,0.0
Delta,S704P,0.052816500000000044
Delta,S704T,0.06446869000000001
Delta,S704Y,0.10156306
Delta,V705A,-1.369106181
Delta,V705D,-0.9932673
Delta,V705E,0.0
Delta,V705F,-0.7851283
Delta,V705I,0.07991932
Delta,V705L,-0.046542484
Delta,V705M,0.24319730000000006
Delta,V705P,-0.80699474
Delta,A706C,-0.8050432
Delta,A706D,0.09280559999999993
Delta,A706G,-1.9023391
Delta,A706L,-0.8043133
Delta,A706P,0.37575892
Delta,A706S,0.06121116999999998
Delta,A706T,-1.9593332
Delta,A706V,-0.2757392000000001
Delta,Y707C,-2.1222825
Delta,Y707F,-0.30318078
Delta,Y707H,-3.3478696
Delta,Y707N,0.0
Delta,Y707*,-3.4278328
Delta,S708A,-0.26554394
Delta,S708C,-0.40866183
Delta,S708F,-2.4159593404
Delta,S708G,-0.17657723
Delta,S708I,-2.6569061
Delta,S708L,0.0
Delta,S708N,-1.09437543
Delta,S708P,-1.4920964
Delta,S708R,-1.145539
Delta,S708T,-0.17065983
Delta,N709D,-0.16375573
Delta,N709H,0.28833795
Delta,N709I,-0.33977290000000004
Delta,N709K,-0.11279829999999991
Delta,N709S,0.041515599999999875
Delta,N709T,-0.16569349999999994
Delta,N709V,-2.1586251
Delta,N709Y,-0.42701449999999985
Delta,N710D,-0.155304518
Delta,N710H,0.00083103613
Delta,N710I,-0.21255143
Delta,N710K,-0.372300474
Delta,N710Q,-1.105218
Delta,N710S,-0.12995033
Delta,N710T,-0.26500767
Delta,N710V,0.14551376
Delta,N710Y,-0.31727993
Delta,S711A,-0.43612570000000006
Delta,S711F,-0.6495708999999998
Delta,S711G,0.07052116
Delta,S711I,0.16191622
Delta,S711K,-2.8798165
Delta,S711L,0.0
Delta,S711N,0.03468459999999984
Delta,S711P,-3.2026086
Delta,S711R,-0.71139435
Delta,S711T,-0.03622216
Delta,S711-,0.0
Delta,I712L,-2.414205
Delta,I712N,-2.6338046
Delta,I712S,-3.611355
Delta,I712T,-0.25860202
Delta,I712V,-0.4505452000000001
Delta,I712-,0.0
Delta,A713D,-0.7717938200000001
Delta,A713G,-1.5050637
Delta,A713P,-2.312729
Delta,A713Q,-0.1048775
Delta,A713S,-0.09056210000000009
Delta,A713T,-4.5388527
Delta,A713V,-4.056439
Delta,A713-,0.0
Delta,I714L,-0.7870704
Delta,I714M,-2.28288
Delta,I714T,-2.0277848
Delta,I714V,0.030733389999999985
Delta,I714Y,-3.2951024
Delta,P715A,0.0
Delta,P715L,-3.138572
Delta,P715Q,-3.0200834
Delta,P715S,-0.68227172
Delta,P715T,-2.56198
Delta,T716A,-0.3135588
Delta,T716C,-0.28677148100000005
Delta,T716D,-3.011769
Delta,T716E,-0.15369718999999998
Delta,T716F,-1.1345612
Delta,T716G,-0.1264227
Delta,T716H,-0.7665297
Delta,T716I,-0.425532
Delta,T716K,-0.29818927999999995
Delta,T716L,0.06309711500000001
Delta,T716M,0.31593528000000004
Delta,T716N,-0.7375920200000001
Delta,T716P,-2.3973746781
Delta,T716Q,0.345735546
Delta,T716R,-0.04092794999999999
Delta,T716S,-0.33477423
Delta,T716V,-4.228965
Delta,T716W,-3.7692494
Delta,T716Y,-0.6918312
Delta,T716*,-2.9644523
Delta,N717D,-0.7496781000000001
Delta,N717H,-2.2010605
Delta,N717K,-0.3695535000000001
Delta,N717L,-2.222353
Delta,N717S,-0.5087809999999999
Delta,N717T,-2.6974058
Delta,N717Y,-0.14952507000000004
Delta,F718C,0.0
Delta,F718I,-2.8841286
Delta,F718L,-2.407213
Delta,F718S,-0.35064468
Delta,F718V,-1.1563267
Delta,F718Y,-1.3352646
Delta,T719A,-0.5116312000000001
Delta,T719I,-0.42087249999999976
Delta,T719N,-0.27080179999999987
Delta,T719S,-0.16136898
Delta,T719-,-0.63850904
Delta,I720L,-1.4198694
Delta,I720M,0.0
Delta,I720T,-1.3386798
Delta,I720V,-0.500505454
Delta,I720-,-1.8258492
Delta,S721C,0.0
Delta,S721F,-1.1647836
Delta,S721G,-0.10390269
Delta,S721L,-0.3363895
Delta,S721P,-2.3878863
Delta,S721R,-0.20321526
Delta,S721T,0.013672449
Delta,S721Y,-0.67273986
Delta,S721-,-1.8893416
Delta,V722A,-0.8156619
Delta,V722D,-2.0123901
Delta,V722E,0.0
Delta,V722F,-0.04829739
Delta,V722I,-0.258586135
Delta,V722L,0.0
Delta,V722M,-0.25269264
Delta,V722P,-0.015594669
Delta,V722-,0.8649899
Delta,T723A,-0.01171936
Delta,T723I,-0.08910024
Delta,T723N,0.42389998
Delta,T723S,0.045718994
Delta,T723V,0.023977293
Delta,T723-,0.0
Delta,T724A,-0.570148746
Delta,T724I,-0.559898
Delta,T724K,-0.51660544
Delta,T724P,-0.035426516
Delta,T724S,0.049896738
Delta,T724-,0.0
Delta,E725D,-0.2082442
Delta,E725G,-0.7560994
Delta,E725K,-3.8258793
Delta,E725Q,0.0
Delta,E725V,-1.1195084
Delta,E725*,-2.9854262
Delta,E725-,0.0
Delta,I726K,0.022431998
Delta,I726M,0.0
Delta,I726N,0.0
Delta,I726T,0.06989195
Delta,I726V,0.22116186
Delta,I726-,0.0
Delta,L727I,-0.39655846
Delta,L727M,-0.24451572
Delta,L727P,-2.1844282
Delta,L727Q,-0.09175192000000004
Delta,L727V,-0.33608782
Delta,L727Y,-1.4284767
Delta,L727-,0.0
Delta,P728A,0.0
Delta,P728H,-2.1052434
Delta,P728L,-1.3958367699999998
Delta,P728Q,0.0
Delta,P728S,-0.36000412
Delta,P728T,-1.2387795
Delta,P728-,0.0
Delta,V729A,-3.3590682
Delta,V729C,-0.7635711
Delta,V729E,-1.659478
Delta,V729L,-0.98457706
Delta,V729M,-2.7942188
Delta,V729-,0.0
Delta,S730C,0.098368905
Delta,S730F,0.80554674
Delta,S730G,-2.5466168
Delta,S730I,-3.0993981
Delta,S730L,-2.1685042
Delta,S730N,-4.166417
Delta,S730R,-1.0745368
Delta,S730V,-1.0713533
Delta,S730-,-1.3466116
Delta,M731I,-0.6460021300000001
Delta,M731K,-2.7919316
Delta,M731L,0.011023809999999995
Delta,M731T,-1.0600869999999998
Delta,M731V,-0.8825867
Delta,M731-,-0.093909204
Delta,T732A,0.059236042
Delta,T732I,0.026505396
Delta,T732K,0.0
Delta,T732N,-1.6553687
Delta,T732P,0.380755847
Delta,T732S,0.034464918
Delta,T732V,0.0
Delta,T732-,0.0
Delta,K733E,-2.472
Delta,K733M,0.0
Delta,K733N,-2.2921042
Delta,K733Q,-2.5657406
Delta,K733R,-0.5099641
Delta,K733T,0.0
Delta,K733-,0.0
Delta,T734A,-0.28167078
Delta,T734H,-0.7879277
Delta,T734I,0.04187472000000003
Delta,T734K,-2.8870826
Delta,T734N,-0.8453094
Delta,T734S,-0.8080492
Delta,T734-,0.0
Delta,S735A,-0.06103649
Delta,S735D,0.0
Delta,S735F,-0.15272662199999998
Delta,S735I,-0.88288254
Delta,S735L,-0.18487102999999994
Delta,S735P,-3.7062347
Delta,S735Q,-0.077940464
Delta,S735Y,0.30396315
Delta,S735-,0.0
Delta,V736A,0.0
Delta,V736E,-0.45283818
Delta,V736G,-2.1172912
Delta,V736I,-0.21521813
Delta,V736L,-0.7908994
Delta,V736M,-0.6378193000000001
Delta,V736Y,-2.5516994
Delta,V736-,0.0
Delta,D737E,-0.017242100000000038
Delta,D737G,-3.377754
Delta,D737N,-3.0592003
Delta,D737Q,-2.4374619
Delta,D737V,-0.27499348
Delta,D737Y,-0.057174962
Delta,D737-,0.0
Delta,C738F,-1.2778474
Delta,C738G,0.0
Delta,C738R,-3.513508
Delta,C738S,-2.186066
Delta,C738W,-3.0324209
Delta,C738Y,-3.436632
Delta,C738*,1.576602
Delta,C738-,0.0
Delta,T739A,0.15718977
Delta,T739I,0.03635018000000001
Delta,T739K,-0.5138089
Delta,T739L,-0.35195288
Delta,T739S,-0.78786991
Delta,T739-,0.0
Delta,M740F,-0.43120086
Delta,M740I,-0.32822406
Delta,M740K,-0.28553566
Delta,M740L,0.04453010000000002
Delta,M740R,0.30092886
Delta,M740S,-0.42814022
Delta,M740T,0.1447439355
Delta,M740V,-0.17340835359999998
Delta,M740-,0.0
Delta,Y741C,-0.05868344
Delta,Y741F,-0.80969256
Delta,Y741H,-3.3869085
Delta,Y741P,-2.2708747
Delta,Y741V,-2.525499
Delta,Y741*,-2.1508343
Delta,Y741-,0.0
Delta,I742L,-0.39631277
Delta,I742N,0.23120959
Delta,I742R,-3.1956618
Delta,I742S,0.0
Delta,I742T,-2.445573
Delta,I742V,0.43774936
Delta,I742Y,-2.505263
Delta,I742-,0.0
Delta,C743D,-1.3850018
Delta,C743F,-1.1954324
Delta,C743G,-2.6295521
Delta,C743H,-2.310344
Delta,C743R,-3.715957
Delta,C743S,-2.7066386
Delta,C743Y,-3.76998
Delta,C743-,0.0
Delta,G744D,-1.9846573
Delta,G744E,0.014023269999999977
Delta,G744Q,-1.0163847
Delta,G744R,-0.72016955
Delta,G744S,-0.22745262
Delta,G744V,-1.4687022
Delta,G744*,-1.5391985
Delta,G744-,0.0
Delta,D745A,0.013700228
Delta,D745E,-0.23484004000000008
Delta,D745G,0.33536421
Delta,D745H,-0.56552726
Delta,D745N,-2.7543108
Delta,D745V,0.10277704
Delta,D745Y,0.15061829000000002
Delta,D745-,0.0
Delta,S746G,-1.10654545
Delta,S746I,-0.520844
Delta,S746N,-0.435761272
Delta,S746R,0.1172885
Delta,S746T,0.546196
Delta,S746-,0.0
Delta,T747A,0.19553876399999998
Delta,T747I,0.252651734
Delta,T747K,0.0
Delta,T747N,-0.06766292
Delta,T747P,-0.381407064
Delta,T747S,-0.23457306
Delta,T747V,-0.15168475
Delta,T747-,0.0
Delta,E748A,0.0
Delta,E748D,-0.565762256
Delta,E748G,-0.6622758
Delta,E748K,-1.15253314
Delta,E748Q,-0.70420314
Delta,E748R,-0.39471722
Delta,E748V,-0.14032962000000004
Delta,E748*,-2.2048836
Delta,E748-,0.0
Delta,C749F,-2.0112112
Delta,C749G,0.7219331
Delta,C749L,-2.731407
Delta,C749R,0.0
Delta,C749S,-1.8346598
Delta,C749W,0.0
Delta,C749Y,-4.567046
Delta,C749*,1.519029
Delta,C749-,0.0
Delta,S750C,-0.7182715
Delta,S750G,0.09212605
Delta,S750I,-0.0021090499999999457
Delta,S750K,-0.07848752
Delta,S750N,-0.169593638
Delta,S750R,-0.17982702
Delta,S750T,-0.0328312
Delta,S750Y,1.3916885e-05
Delta,S750-,0.0
Delta,N751D,-0.14201811999999997
Delta,N751F,-0.2120915
Delta,N751I,-0.32439446
Delta,N751K,-0.023666600000000003
Delta,N751R,0.0
Delta,N751S,0.05634342
Delta,N751T,0.14558426
Delta,N751Y,-0.330734658
Delta,N751-,0.0
Delta,L752F,-0.4518926000000001
Delta,L752I,-0.37479627
Delta,L752M,0.14989
Delta,L752P,-3.6661048
Delta,L752Q,-1.5038428
Delta,L752R,-0.5631332
Delta,L752V,-0.6338054
Delta,L752-,0.0
Delta,L753C,-2.5661228
Delta,L753F,-1.8402873
Delta,L753M,-1.6931776
Delta,L753P,-3.4025111
Delta,L753Q,-3.7231045
Delta,L753V,-0.10578332000000001
Delta,L753-,0.0
Delta,L754C,-0.40377212
Delta,L754F,-0.173865058
Delta,L754H,-0.66630095
Delta,L754I,-0.27885821
Delta,L754P,-0.65251448
Delta,L754S,-0.50060153
Delta,L754V,-0.313522022
Delta,L754W,-0.4483205
Delta,L754-,0.0
Delta,Q755A,-0.01317366
Delta,Q755E,-0.042959128
Delta,Q755H,0.0
Delta,Q755K,-0.5924854
Delta,Q755N,-0.74515194
Delta,Q755R,-0.069990635
Delta,Q755*,-1.5983279
Delta,Q755-,0.0
Delta,Y756A,-3.7454908
Delta,Y756C,-3.1215224
Delta,Y756F,-1.7483269
Delta,Y756H,-2.5936356
Delta,Y756I,-2.9151793
Delta,Y756L,-2.364134
Delta,Y756M,-3.034347
Delta,Y756*,0.0
Delta,G757A,-2.26221
Delta,G757C,-2.4556835
Delta,G757D,0.17712269999999997
Delta,G757N,-1.5697219
Delta,G757S,-0.012564800000000043
Delta,G757V,-1.8300303
Delta,G757W,-3.5986495
Delta,S758A,-0.038928628
Delta,S758F,0.172379063
Delta,S758G,-0.477910352
Delta,S758I,-0.008353867
Delta,S758P,-0.62114672
Delta,S758Q,0.20637101
Delta,S758T,-0.056693683
Delta,S758V,0.061565332
Delta,S758Y,0.23147658
Delta,F759C,-1.1466401
Delta,F759I,-1.4383885
Delta,F759L,-0.47162479999999996
Delta,F759S,-0.14553519999999998
Delta,F759V,0.02027666
Delta,F759Y,-0.01613909
Delta,C760F,-0.29223981
Delta,C760L,-2.2036378
Delta,C760N,0.0
Delta,C760R,-3.4381082
Delta,C760S,0.0
Delta,C760W,0.0
Delta,C760Y,-2.679375
Delta,C760*,-1.103709
Delta,T761A,0.019577548
Delta,T761C,-0.89589036
Delta,T761E,0.22524086
Delta,T761I,-0.214417014
Delta,T761K,-0.18751731600000002
Delta,T761N,0.101719774
Delta,T761R,-0.27129912
Delta,T761S,0.028551886
Delta,T761Y,-0.12385521
Delta,Q762E,0.6828758
Delta,Q762H,-0.95086677
Delta,Q762K,-1.6984156
Delta,Q762L,-2.396251
Delta,Q762N,-0.110991076
Delta,Q762R,0.0
Delta,Q762T,0.06370902
Delta,Q762*,-2.2105157
Delta,L763F,-1.4711344
Delta,L763H,-1.856282
Delta,L763I,-0.0097198
Delta,L763M,0.20369178
Delta,L763P,-1.3269805
Delta,L763R,0.0
Delta,L763S,-0.45852266999999997
Delta,L763V,-0.864702
Delta,L763-,0.0
Delta,K764A,-0.077012904
Delta,K764C,-0.4968518
Delta,K764D,-1.893182
Delta,K764E,-4.302591
Delta,K764F,-1.89766
Delta,K764G,-0.21239534
Delta,K764H,-0.52276874
Delta,K764I,-1.7522755
Delta,K764L,-0.6884386
Delta,K764M,-0.23693797
Delta,K764N,-0.07065480999999996
Delta,K764P,-3.2414722
Delta,K764Q,0.19131118
Delta,K764R,0.040636472
Delta,K764S,-0.165892336
Delta,K764T,-0.118661284
Delta,K764V,-0.30927044
Delta,K764W,-0.5705308
Delta,K764Y,-0.5083205
Delta,K764*,-4.0530763
Delta,K764-,0.0
Delta,R765C,-0.2074303
Delta,R765G,0.008759200000000023
Delta,R765H,-0.72758734
Delta,R765K,0.16801986
Delta,R765L,-0.41062388
Delta,R765M,-0.4433016
Delta,R765P,0.0
Delta,R765Q,0.0
Delta,R765S,-0.062722206
Delta,R765V,-0.5280564
Delta,R765-,0.0
Delta,A766C,-0.8632305
Delta,A766D,-1.6359172
Delta,A766F,-1.0591033
Delta,A766G,-1.6553613
Delta,A766L,-1.9423532
Delta,A766P,0.0
Delta,A766S,-0.8440553599999999
Delta,A766T,-1.6246438
Delta,A766V,-1.01362108
Delta,A766-,0.0
Delta,L767F,-3.377043
Delta,L767M,0.06510447
Delta,L767P,-2.5303535
Delta,L767Q,-0.5163496399999999
Delta,L767V,-2.762195
Delta,T768A,-0.11331466000000001
Delta,T768H,-0.5409958
Delta,T768I,0.33922758999999997
Delta,T768K,-0.6079765
Delta,T768N,0.10301351
Delta,T768R,-0.45460021
Delta,T768S,-0.26637977
Delta,T768-,0.0
Delta,G769A,-0.153930285
Delta,G769C,-0.14034946999999998
Delta,G769D,0.08289437
Delta,G769E,0.00094999233
Delta,G769F,-0.10996403999999999
Delta,G769H,-0.20136395
Delta,G769I,-0.58092299
Delta,G769K,-0.50104922
Delta,G769L,-0.505101867
Delta,G769M,-0.245229943
Delta,G769N,-0.06657762
Delta,G769P,-3.6286447
Delta,G769Q,0.09420200000000001
Delta,G769R,-0.084638875
Delta,G769S,0.054233649999999994
Delta,G769T,-0.12765495999999998
Delta,G769V,-0.3306792
Delta,G769W,-0.2414988
Delta,G769Y,-0.43934206000000003
Delta,G769*,-3.1467469
Delta,G769-,0.0
Delta,I770L,-0.70831746
Delta,I770M,-0.8507973
Delta,I770N,-1.9031607
Delta,I770T,-1.564708
Delta,I770V,-0.6016182
Delta,I770-,0.0
Delta,A771C,-0.07080049
Delta,A771D,-4.3166184
Delta,A771E,-2.914236
Delta,A771F,-4.7032633
Delta,A771G,-0.5024496
Delta,A771H,-1.4331988800000002
Delta,A771I,-2.5618465
Delta,A771K,-3.2856648
Delta,A771L,-1.1978483999999998
Delta,A771M,-3.3319814
Delta,A771N,-0.15816867
Delta,A771P,-3.8970506
Delta,A771Q,-1.8967236
Delta,A771R,-2.40371383
Delta,A771S,-0.06821048000000002
Delta,A771T,-1.33778184
Delta,A771V,-3.456744822
Delta,A771W,-3.4537082
Delta,A771Y,-2.6271813
Delta,A771*,-2.5956361
Delta,A771-,0.0
Delta,V772A,-0.34838001
Delta,V772C,-0.8821495
Delta,V772D,0.5283307
Delta,V772E,-1.2920138
Delta,V772F,-0.73328257
Delta,V772G,-1.1009467
Delta,V772I,-0.023860691
Delta,V772L,-0.30499336
Delta,V772M,-0.355679855
Delta,V772-,0.0
Delta,E773D,-0.06446775999999999
Delta,E773G,-0.51809216
Delta,E773K,-2.499444
Delta,E773N,-0.54924744
Delta,E773Q,-0.008526663
Delta,E773*,-2.5808363
Delta,E773-,0.0
Delta,Q774H,-1.8897169
Delta,Q774K,-3.457106
Delta,Q774L,-3.1008298
Delta,Q774P,-1.0698076
Delta,Q774R,-4.50898
Delta,Q774T,-2.54387
Delta,Q774*,-3.9135094
Delta,Q774-,0.0
Delta,D775E,-2.706697
Delta,D775G,-2.1909375
Delta,D775H,-2.0585756
Delta,D775N,-3.1027892
Delta,D775Q,-3.1671495
Delta,D775R,-3.4730875
Delta,D775T,-2.0022311
Delta,D775V,0.0
Delta,D775Y,-2.9996653
Delta,D775-,0.0
Delta,K776E,-0.59094273
Delta,K776G,0.0
Delta,K776M,0.27860084
Delta,K776N,-3.5465157
Delta,K776Q,0.04658379
Delta,K776R,0.161650774
Delta,K776T,-0.040763222
Delta,K776-,0.0
Delta,N777D,-2.7301698
Delta,N777H,-1.9197689
Delta,N777K,-3.1637068
Delta,N777S,-0.5046309999999998
Delta,N777T,-3.0358992
Delta,N777-,0.0
Delta,T778A,-0.41605221000000003
Delta,T778H,-1.4579391
Delta,T778I,-0.19595523
Delta,T778N,-0.26871873999999996
Delta,T778P,-1.5962411
Delta,T778S,-0.12881824
Delta,T778-,0.0
Delta,Q779E,-0.10485450000000002
Delta,Q779H,0.0005653129
Delta,Q779K,-0.17504454
Delta,Q779L,-0.27628165
Delta,Q779P,-1.8545487
Delta,Q779R,-0.091045946
Delta,Q779*,0.33201838
Delta,Q779-,0.0
Delta,E780A,-0.227817625
Delta,E780D,0.14202931
Delta,E780G,-0.09995697
Delta,E780K,-0.30383956
Delta,E780Q,-0.373983094
Delta,E780R,0.08732446
Delta,E780S,-0.74610517
Delta,E780V,-0.35788864
Delta,E780*,-3.750761
Delta,V781A,-1.8569101
Delta,V781D,-2.4374275
Delta,V781E,0.0
Delta,V781F,-2.439583
Delta,V781G,0.0
Delta,V781I,-0.953691843
Delta,V781L,-0.7527144000000001
Delta,V781M,-2.4301085
Delta,V781S,-2.1355155
Delta,F782C,-3.227003
Delta,F782I,-2.0275528
Delta,F782L,-3.8448992
Delta,F782S,-3.828979
Delta,F782V,-2.7562757
Delta,F782Y,0.2211766
Delta,A783C,-0.69989294
Delta,A783D,0.010141800000000034
Delta,A783E,-0.44534263
Delta,A783G,-0.26447865
Delta,A783H,-0.7786135
Delta,A783K,-0.9400925
Delta,A783P,0.37698144
Delta,A783S,-0.26060946
Delta,A783T,-0.58673135
Delta,A783V,-0.3627206
Delta,Q784H,-0.11308721370000001
Delta,Q784K,-0.4887103857
Delta,Q784L,-0.32097432
Delta,Q784P,-0.9445324
Delta,Q784R,-0.013956139
Delta,Q784S,-0.22997609
Delta,Q784*,-3.3194692
Delta,V785A,-0.14337395
Delta,V785E,0.0
Delta,V785F,-1.2055804
Delta,V785G,0.0
Delta,V785I,-0.07717561
Delta,V785L,-0.6462206
Delta,V785M,0.11226550000000002
Delta,V785Q,-0.11576975
Delta,V785S,-0.2732987
Delta,K786E,-0.09353268
Delta,K786G,0.0
Delta,K786I,0.14198573
Delta,K786M,0.0
Delta,K786N,-0.08624334
Delta,K786Q,0.038892414
Delta,K786R,-0.2070688
Delta,K786T,-0.11367475
Delta,Q787A,-0.33967856
Delta,Q787H,-0.121026926
Delta,Q787K,-0.32733184
Delta,Q787L,-0.176678848
Delta,Q787N,-1.7428528
Delta,Q787R,0.09691760000000005
Delta,Q787*,-4.6636257
Delta,I788F,-3.0779624
Delta,I788L,0.32242298
Delta,I788M,-0.055187985
Delta,I788N,-0.79614407
Delta,I788T,-1.6417183
Delta,I788V,-0.48038865000000003
Delta,Y789C,-3.9524717
Delta,Y789F,0.0
Delta,Y789H,-0.210824245
Delta,Y789N,-2.0943995
Delta,Y789Q,-2.4520063
Delta,Y789T,-3.8606498
Delta,Y789*,-2.7875745
Delta,K790E,-0.8718702
Delta,K790I,-0.47463745
Delta,K790L,0.7421466
Delta,K790M,-0.3495098
Delta,K790N,-0.32390546
Delta,K790Q,-0.16629088
Delta,K790R,0.061923068
Delta,K790T,-0.193928569
Delta,K790*,0.0
Delta,T791A,-0.164285784
Delta,T791H,-0.1821625
Delta,T791I,0.048356984
Delta,T791K,-0.61104465
Delta,T791N,-0.62959075
Delta,T791P,0.22460531
Delta,T791R,0.0
Delta,T791S,0.0
Delta,T791-,-1.3076222
Delta,P792H,0.061422960000000026
Delta,P792L,-0.22374022000000002
Delta,P792Q,-0.407363418
Delta,P792R,-0.48043427
Delta,P792S,-0.1673401
Delta,P792T,-0.08192261999999997
Delta,P792-,-0.47988787
Delta,P793L,-0.2606095492
Delta,P793N,0.09221083
Delta,P793Q,0.120588166
Delta,P793R,0.27290478
Delta,P793S,0.19355655
Delta,P793T,0.07455339
Delta,P793-,-0.6816225
Delta,I794F,0.080904886
Delta,I794L,-0.1096254
Delta,I794M,0.0
Delta,I794N,-0.10798997
Delta,I794T,-0.14802126999999998
Delta,I794V,0.024193002
Delta,K795E,-0.00339600000000001
Delta,K795I,0.18943547
Delta,K795M,-1.2468886
Delta,K795N,-0.21986006000000002
Delta,K795Q,-0.9867976
Delta,K795R,0.014597158933399999
Delta,K795*,-2.1981115
Delta,K795-,-2.0794325
Delta,Y796A,-0.23691042
Delta,Y796C,0.06615868000000003
Delta,Y796D,0.33055178
Delta,Y796E,0.2657245
Delta,Y796F,-0.4534467
Delta,Y796G,-0.31904391
Delta,Y796H,-0.041558765
Delta,Y796I,0.06792561
Delta,Y796K,-0.59813726
Delta,Y796L,0.33817088399999995
Delta,Y796M,0.1391801727
Delta,Y796N,-0.04168588000000001
Delta,Y796P,-1.9154335
Delta,Y796Q,-0.15500332
Delta,Y796R,-0.8238819
Delta,Y796S,0.19168744
Delta,Y796T,-0.04118069999999996
Delta,Y796V,0.17901366000000002
Delta,Y796W,-0.39772149999999995
Delta,Y796*,-3.9691286
Delta,F797C,-0.72344023
Delta,F797I,-0.65761083
Delta,F797L,-0.19897169999999997
Delta,F797S,-3.2381742
Delta,F797V,-0.667933
Delta,F797Y,-0.38435388
Delta,F797-,0.43680316
Delta,G798A,-0.4836481
Delta,G798C,-1.6839049
Delta,G798D,-0.22618772
Delta,G798E,0.05492565999999999
Delta,G798R,-1.9546598
Delta,G798S,-0.331352
Delta,G798V,-2.4338224
Delta,G798W,-0.4963792
Delta,G798*,-1.8832805
Delta,G798-,0.0
Delta,G799C,-0.7160489
Delta,G799D,-2.6686716
Delta,G799S,-1.7390489599999999
Delta,G799V,-2.4362772
Delta,G799W,-3.3168192
Delta,G799-,-0.26769376
Delta,F800I,-2.7832422
Delta,F800L,-3.4765615
Delta,F800S,-3.1512938
Delta,F800V,-1.7090547
Delta,F800Y,-0.36740217
Delta,F800-,-1.2412896
Delta,N801D,0.12141633
Delta,N801G,-0.33524317
Delta,N801I,-1.807478
Delta,N801K,-0.49955413
Delta,N801S,-0.3729924
Delta,N801Y,0.0765355
Delta,F802C,0.0
Delta,F802I,-2.2809217
Delta,F802L,-1.8919098
Delta,F802S,-3.0571241
Delta,F802Y,0.0
Delta,F802-,-2.6747956
Delta,S803A,-0.27771917
Delta,S803F,-1.8732402
Delta,S803G,-0.62722886
Delta,S803H,-0.42020488
Delta,S803I,-0.9350648799999999
Delta,S803L,-0.45592444
Delta,S803N,-0.5581032
Delta,S803P,0.0
Delta,S803R,-0.12169633999999999
Delta,S803T,-0.031089890329999998
Delta,S803-,-2.368432
Delta,Q804H,-0.07000673999999996
Delta,Q804K,-0.18761547039999998
Delta,Q804L,0.21941530000000004
Delta,Q804P,-0.58149608
Delta,Q804R,-0.24551317
Delta,Q804S,0.13712116
Delta,Q804T,0.10700861
Delta,Q804*,0.0
Delta,Q804-,-1.2369932
Delta,I805L,0.06713696
Delta,I805M,0.11203462
Delta,I805N,-2.704699
Delta,I805T,-2.0029
Delta,I805V,-0.24598768
Delta,I805Y,-1.8861603
Delta,I805-,-2.5900536
Delta,L806F,-0.18883692
Delta,L806I,-0.17462409
Delta,L806M,-0.6178160800000001
Delta,L806P,-2.915509
Delta,L806Q,-1.5564091
Delta,L806S,-0.99955827
Delta,L806V,-0.25765413
Delta,L806Y,-1.3348511
Delta,P807A,0.0
Delta,P807H,-0.26373309
Delta,P807L,-0.36648174999999994
Delta,P807Q,-0.17302763
Delta,P807R,-0.37613964
Delta,P807S,0.012554800000000005
Delta,P807T,-0.06306085
Delta,P807-,-2.2085438
Delta,D808A,-0.45480639999999994
Delta,D808E,-0.226904
Delta,D808G,-0.5934261999999999
Delta,D808H,-0.20139247
Delta,D808I,-0.5759639
Delta,D808N,-0.10388197999999998
Delta,D808Q,-0.11612242
Delta,D808R,-0.73451084
Delta,D808S,-0.28657618
Delta,D808V,-0.6874190179999999
Delta,D808Y,-1.2857821
Delta,D808-,-2.3119323
Delta,P809A,-0.13322993
Delta,P809H,0.027116356
Delta,P809L,-0.200734653
Delta,P809Q,-0.19194332
Delta,P809R,-0.413950603
Delta,P809S,-0.16295441
Delta,P809T,-0.16240344
Delta,P809-,-2.182665
Delta,S810A,-0.06226824
Delta,S810G,-0.048465665
Delta,S810I,-0.255564928
Delta,S810L,-0.048525393
Delta,S810N,-0.24156152
Delta,S810P,-0.32899637
Delta,S810Q,-0.23150454
Delta,S810R,-0.12847997
Delta,S810T,-0.038487155
Delta,S810-,-3.498503
Delta,K811E,-0.2085431499999999
Delta,K811I,0.04247574
Delta,K811N,0.03060890999999999
Delta,K811Q,-0.07667107
Delta,K811R,0.43153537999999997
Delta,K811T,0.12644595
Delta,K811*,-1.4118788
Delta,K811-,-2.5568285
Delta,P812A,0.0826134466850134
Delta,P812L,-0.21227388
Delta,P812Q,-0.087999907
Delta,P812R,-0.05108162999999999
Delta,P812S,-0.10243214199999999
Delta,P812T,0.053461295
Delta,P812-,-0.17471662
Delta,S813A,0.013524800000000003
Delta,S813C,-0.21128190000000002
Delta,S813D,-0.16185772
Delta,S813E,-0.25369832
Delta,S813F,-0.29280278000000004
Delta,S813G,-0.11453905999999997
Delta,S813H,-0.07669635999999996
Delta,S813I,-0.23023057000000002
Delta,S813K,0.14116611999999995
Delta,S813L,-0.41521957
Delta,S813M,-0.05715637000000001
Delta,S813N,-0.04977609999999999
Delta,S813P,-0.5007832999999999
Delta,S813Q,-0.08433109000000003
Delta,S813R,-0.22031473999999995
Delta,S813T,-0.01397124234
Delta,S813V,0.11425184999999993
Delta,S813W,0.18002892000000004
Delta,S813Y,-0.05984721000000004
Delta,S813*,-2.5473676
Delta,S813-,-0.4894669
Delta,K814A,0.0
Delta,K814E,-0.060484935
Delta,K814G,0.0
Delta,K814M,0.09156052499999999
Delta,K814N,0.16738009999999998
Delta,K814Q,0.09453936
Delta,K814R,-0.12979363
Delta,K814T,-0.32386227
Delta,R815G,-2.9192429
Delta,R815K,-0.0273190933
Delta,R815M,-0.09427253999999999
Delta,R815S,-1.8489001
Delta,R815W,-0.89307076
Delta,R815-,-0.9240245
Delta,S816C,0.0
Delta,S816F,-2.6059792
Delta,S816H,-2.4449708
Delta,S816P,-2.9967642
Delta,S816Y,-2.965159
Delta,S816-,-1.7969195
Delta,F817I,0.040224146
Delta,F817L,0.23800952
Delta,F817R,0.0
Delta,F817S,-0.41194573000000007
Delta,F817V,-0.02752425
Delta,F817Y,-0.41646364
Delta,F817-,0.0
Delta,I818L,0.0
Delta,I818M,0.0
Delta,I818N,0.0
Delta,I818T,-2.0775821
Delta,I818V,-1.6304628
Delta,I818-,0.0
Delta,E819A,-1.5437354
Delta,E819D,-1.1459243
Delta,E819G,-2.505141
Delta,E819K,-2.7665207
Delta,E819Q,0.5955108
Delta,E819V,0.0
Delta,E819*,-2.9737651
Delta,E819-,0.19841187
Delta,D820A,-0.8342694
Delta,D820E,-0.260272775
Delta,D820G,-0.7437849
Delta,D820H,-1.1716956
Delta,D820I,-2.919741
Delta,D820N,-0.1756085
Delta,D820V,-1.0348947
Delta,D820Y,-1.2317034
Delta,D820-,-1.3383964
Delta,L821I,0.14806427
Delta,L821M,-0.1803413
Delta,L821P,-4.859926
Delta,L821Q,-0.52119955
Delta,L821R,0.62051624
Delta,L821V,-0.34916221000000003
Delta,L821Y,-1.4832475
Delta,L821-,-2.864958
Delta,L822F,-0.43898237
Delta,L822I,0.09177091
Delta,L822M,-0.33770858659999997
Delta,L822P,-3.0145998
Delta,L822Q,-2.3026187
Delta,L822V,-0.43538692999999995
Delta,L822-,0.0
Delta,F823C,-0.7960886
Delta,F823I,-0.6988216
Delta,F823L,-0.8164235
Delta,F823N,0.0
Delta,F823S,-2.4254534
Delta,F823V,-1.0562146
Delta,F823Y,0.016584013
Delta,F823-,-1.498411
Delta,N824D,0.015594241
Delta,N824H,-0.19555779999999995
Delta,N824I,-1.5404215
Delta,N824K,-0.41685417
Delta,N824Q,-2.510804
Delta,N824S,-0.02967032
Delta,N824T,0.247771425
Delta,N824Y,-0.27233392
Delta,N824-,0.0
Delta,K825E,-0.3007325
Delta,K825G,0.0
Delta,K825M,-1.1388483
Delta,K825N,-3.824825
Delta,K825Q,0.025035756
Delta,K825R,-0.19143628
Delta,K825T,-0.2530893
Delta,K825-,0.0
Delta,V826A,-2.4813476
Delta,V826E,-0.5383021
Delta,V826G,-3.1900823
Delta,V826I,-0.15861905
Delta,V826L,-0.244915475
Delta,V826M,-0.1760161936944164
Delta,V826S,-3.183984
Delta,V826-,-0.05490122
Delta,T827A,-0.40656415
Delta,T827H,-0.6259019
Delta,T827I,-0.175095404
Delta,T827K,-0.66537124
Delta,T827L,-0.770645
Delta,T827N,-0.76182083
Delta,T827P,0.0
Delta,T827S,-0.145441235
Delta,T827Y,-2.1842797
Delta,L828F,-0.09805779
Delta,L828H,0.0
Delta,L828I,0.15975043
Delta,L828M,0.07246979
Delta,L828P,-0.7209652000000001
Delta,L828Q,-1.1615558
Delta,L828V,0.0
Delta,A829D,0.14258002
Delta,A829G,0.13753694
Delta,A829L,-0.1064715
Delta,A829P,-0.039925516
Delta,A829Q,-0.24429233
Delta,A829S,0.082375266
Delta,A829T,0.035030026
Delta,A829V,-0.07124216
Delta,D830E,-0.07012942999999999
Delta,D830G,-0.15388942999999994
Delta,D830H,-0.3239796
Delta,D830K,-1.603351
Delta,D830N,-0.25056449399999997
Delta,D830Q,-2.3234806
Delta,D830R,-2.5131092
Delta,D830T,-1.0359021
Delta,D830V,-0.5463622
Delta,D830Y,-0.34254740000000006
Delta,A831D,0.07315589000000003
Delta,A831G,0.4222717
Delta,A831K,0.1100236
Delta,A831S,0.09504171082
Delta,A831T,-0.04088104000000001
Delta,A831V,-0.31318097
Delta,A831-,0.91265
Delta,G832C,-1.636571255
Delta,G832D,-0.01770999999999999
Delta,G832F,-0.098263316
Delta,G832N,0.12257474000000002
Delta,G832S,-0.26046898
Delta,G832V,-0.65905666
Delta,G832-,-0.64997435
Delta,F833H,0.1851025
Delta,F833I,0.06873829
Delta,F833L,-0.109502085
Delta,F833S,-0.12140899
Delta,F833V,-0.40408278
Delta,F833W,-0.94576585
Delta,F833Y,-0.234867922
Delta,F833-,-0.69758564
Delta,I834F,0.11787759
Delta,I834L,0.173111014
Delta,I834M,-0.024179082
Delta,I834N,0.1752588
Delta,I834S,0.05468418
Delta,I834T,0.07441154
Delta,I834V,-0.306630236
Delta,I834-,-1.8506553
Delta,K835E,-0.17718023
Delta,K835H,-0.061968815
Delta,K835I,-0.13942292
Delta,K835N,-0.27168171
Delta,K835Q,-0.27936405
Delta,K835R,-0.034403689
Delta,K835T,0.04311376
Delta,K835-,0.13606143
Delta,Q836E,-0.07141179
Delta,Q836H,0.07685013000000002
Delta,Q836K,-0.24667313
Delta,Q836L,-0.0610083112
Delta,Q836M,0.00013177378
Delta,Q836P,0.09993896999999999
Delta,Q836R,-0.17969372
Delta,Q836*,-2.677822
Delta,Q836-,-1.9790512
Delta,Y837C,-2.2193625
Delta,Y837D,-0.38634142
Delta,Y837F,-0.002019489999999999
Delta,Y837H,-0.32858565
Delta,Y837L,-1.8966727
Delta,Y837N,-1.4502176
Delta,Y837S,-1.4167974
Delta,Y837W,0.011738834
Delta,Y837*,-1.67981
Delta,Y837-,0.1831663
Delta,G838A,0.11306402
Delta,G838C,-1.1415678
Delta,G838D,-0.065236196
Delta,G838E,-0.15603928
Delta,G838L,-1.2774453
Delta,G838R,-0.12387090800000002
Delta,G838S,0.04215853000000003
Delta,G838V,-0.28629887
Delta,G838*,-2.3767984
Delta,G838-,0.53893894
Delta,D839A,-0.5054321799999999
Delta,D839E,0.16476480999999998
Delta,D839G,0.08474429999999988
Delta,D839H,-1.1844985
Delta,D839L,0.0
Delta,D839N,-0.5194176
Delta,D839S,-0.77569544
Delta,D839T,-0.6812449
Delta,D839V,-0.6384094389999999
Delta,D839Y,-0.09393217699999999
Delta,D839-,-0.6531442
Delta,C840A,-2.5845606
Delta,C840F,-2.3286023
Delta,C840G,-2.084787
Delta,C840H,0.0
Delta,C840R,-0.78429836
Delta,C840S,-4.4600644
Delta,C840W,0.0
Delta,C840Y,-0.91480215
Delta,C840*,0.0
Delta,C840-,-0.76470107
Delta,L841F,-0.104004376
Delta,L841I,0.15823983200000002
Delta,L841M,0.15266912
Delta,L841N,-1.0686662
Delta,L841P,-0.5114406
Delta,L841Q,-0.007178435
Delta,L841R,-0.024114950000000024
Delta,L841V,-0.25568697
Delta,L841-,-1.6255093
Delta,G842C,-0.299435
Delta,G842D,0.07157699000000001
Delta,G842E,0.040514242
Delta,G842N,0.094399035
Delta,G842R,0.4231796
Delta,G842S,0.0048038464
Delta,G842V,-0.10015337
Delta,G842*,-4.4210467
Delta,G842-,0.0
Delta,D843A,0.14259008
Delta,D843E,0.0679486089
Delta,D843G,-0.21799752
Delta,D843H,-0.22244196
Delta,D843I,-0.7411616
Delta,D843M,-0.20297751
Delta,D843N,0.067995146
Delta,D843V,0.0
Delta,D843Y,-0.08713501000000001
Delta,D843-,0.0
Delta,I844F,-0.34229243
Delta,I844L,-0.0069146142
Delta,I844M,-0.07320747
Delta,I844N,0.5913957
Delta,I844S,-0.08506646000000001
Delta,I844T,-0.09831552
Delta,I844V,0.333306934
Delta,A845C,-1.0592480000000002
Delta,A845D,-0.08346450000000005
Delta,A845E,-0.13459160000000003
Delta,A845F,-0.1362155399999999
Delta,A845G,-0.11530595
Delta,A845H,-0.16210200000000002
Delta,A845I,-0.17008942999999999
Delta,A845K,-0.029682299999999995
Delta,A845L,-0.13854080000000013
Delta,A845M,-0.22193129999999994
Delta,A845N,-0.038358400000000015
Delta,A845P,-0.34964287
Delta,A845Q,-0.30057704
Delta,A845R,-0.21061623000000007
Delta,A845S,-0.03692212
Delta,A845T,-0.26762524
Delta,A845V,-0.08123120000000006
Delta,A845W,-0.36872949999999993
Delta,A845Y,-0.43630760999999996
Delta,A845*,-3.0940416
Delta,A846C,-1.86788277
Delta,A846D,-0.5752222999999996
Delta,A846E,-0.035728800000000005
Delta,A846F,0.06636306000000003
Delta,A846G,-0.1321259600000001
Delta,A846H,-0.18535499999999994
Delta,A846I,-0.127772
Delta,A846K,-0.5195083999999999
Delta,A846L,-0.08206346000000009
Delta,A846M,-0.4484209
Delta,A846N,-0.11114379999999979
Delta,A846P,0.028422410000000002
Delta,A846Q,0.19387
Delta,A846R,-0.21850389999999997
Delta,A846S,0.005227000000000093
Delta,A846T,0.12702879999999994
Delta,A846V,0.09756006
Delta,A846W,-0.15988416000000005
Delta,A846Y,0.035274140000000065
Delta,A846*,-4.551352
Delta,R847G,-3.4003935
Delta,R847I,-1.0842736000000002
Delta,R847K,0.04661409999999999
Delta,R847L,-1.3807544
Delta,R847M,-0.0344295
Delta,R847N,-1.8574542
Delta,R847S,-0.10373620000000017
Delta,R847T,-0.6846383
Delta,R847W,-1.1266576
Delta,D848E,-0.39781750000000016
Delta,D848G,-0.9631163999999999
Delta,D848N,-5.6938276
Delta,D848P,-3.1111574
Delta,D848V,-2.8139243
Delta,D848Y,-0.8049416600000001
Delta,L849F,-0.04336260000000003
Delta,L849H,-4.025229
Delta,L849I,-0.508718
Delta,L849M,-0.13451970000000013
Delta,L849P,-3.6738352185000003
Delta,L849Q,0.0
Delta,L849R,-2.0590591
Delta,L849V,0.0
Delta,I850F,-0.373366366988316
Delta,I850L,-0.035759430000000036
Delta,I850M,0.3400884
Delta,I850N,-0.21819940000000004
Delta,I850S,-1.464292
Delta,I850T,-0.06272865000000005
Delta,I850V,-0.05851366999999996
Delta,I850-,0.0
Delta,C851F,-1.140175
Delta,C851I,-4.1277413
Delta,C851L,-3.7386491
Delta,C851R,-2.9786925
Delta,C851S,-1.5239407
Delta,C851V,-3.7412283
Delta,C851Y,-1.523174194
Delta,C851*,-1.5448164
Delta,A852D,-0.597342
Delta,A852E,-0.5609203
Delta,A852G,-0.2874102700000001
Delta,A852H,-1.2042168
Delta,A852L,0.12486142
Delta,A852S,0.020274349999999997
Delta,A852T,-0.034118124
Delta,A852V,0.07514721
Delta,Q853E,-0.52110654
Delta,Q853H,0.029992692
Delta,Q853K,0.02924860000000007
Delta,Q853L,0.030358477
Delta,Q853R,0.15729514
Delta,Q853*,-2.9293985
Delta,K854E,-0.22346640000000018
Delta,K854G,0.0
Delta,K854M,0.111633204
Delta,K854N,0.09926259999999987
Delta,K854Q,-2.5680234
Delta,K854R,0.00026123266
Delta,K854S,-1.9301139
Delta,K854T,0.11543960000000009
Delta,K854*,-1.8595102
Delta,F855I,-1.2881687
Delta,F855L,-0.012495294000000004
Delta,F855S,0.016885819999999996
Delta,F855V,-3.0511215
Delta,F855Y,-0.15629903999999994
Delta,K856A,-0.40766284
Delta,K856C,-1.498329
Delta,K856D,-1.5668081700000003
Delta,K856E,-5.2028446
Delta,K856F,-2.482612
Delta,K856G,-2.2491753
Delta,K856H,0.026439002
Delta,K856I,-0.7928486600000001
Delta,K856L,-2.7718184
Delta,K856M,-2.5347857
Delta,K856N,-0.6568919
Delta,K856P,-2.6498818
Delta,K856Q,-2.3946228
Delta,K856R,-0.5187891
Delta,K856S,-0.6322097000000002
Delta,K856T,-1.16784074
Delta,K856V,-0.66156226
Delta,K856W,-0.0785773
Delta,K856Y,-0.5873254
Delta,K856*,-5.3537717
Delta,K856-,-1.1279185
Delta,G857A,-3.5047488
Delta,G857C,-1.8222243
Delta,G857E,-3.5354817
Delta,G857K,0.0
Delta,G857R,-2.9314542
Delta,G857S,-3.2360852
Delta,G857V,-1.6204226999999998
Delta,G857*,-2.7045567
Delta,G857-,-2.6854572
Delta,L858C,-2.3162327
Delta,L858F,-0.4108126999999997
Delta,L858H,-3.3739274
Delta,L858I,0.31886137
Delta,L858M,-0.26497307
Delta,L858P,-2.844193
Delta,L858V,0.47970951
Delta,L858-,-2.349101
Delta,T859A,0.33840811000000004
Delta,T859C,-1.3547938
Delta,T859D,-0.41168624
Delta,T859E,-0.13322589
Delta,T859F,-0.02253907999999999
Delta,T859G,0.11074534999999999
Delta,T859H,-0.21723692
Delta,T859I,0.05960070000000006
Delta,T859K,-0.13216300000000025
Delta,T859L,-0.08815839999999997
Delta,T859M,0.13425325
Delta,T859N,-0.05913360000000001
Delta,T859P,-6.4965324
Delta,T859Q,-0.30743688999999996
Delta,T859R,-0.3506665
Delta,T859S,0.17164872
Delta,T859V,-0.14246584
Delta,T859W,0.10030896999999994
Delta,T859Y,0.3673949000000001
Delta,T859*,-3.4220672
Delta,T859-,-2.053288
Delta,V860A,-0.313888354
Delta,V860D,-1.8759978
Delta,V860F,-0.047731100000000026
Delta,V860G,-2.1178377
Delta,V860I,0.052481163
Delta,V860L,-0.037557280000000026
Delta,V860M,-0.1596286
Delta,V860Q,-0.47601098
Delta,V860S,-2.5967464
Delta,V860-,-2.2782662
Delta,L861C,-2.8218007
Delta,L861F,-1.004856
Delta,L861M,-0.10517055
Delta,L861P,-3.052957
Delta,L861Q,-0.6086042
Delta,L861R,-1.163074
Delta,L861S,-0.9819855
Delta,L861V,-0.22014551
Delta,P862A,-0.47796553
Delta,P862H,-0.10327989000000004
Delta,P862K,-1.8762721
Delta,P862L,-0.25590536
Delta,P862Q,-0.3969894
Delta,P862S,-0.27496845999999997
Delta,P862T,-0.22787245
Delta,P863H,-1.9558873
Delta,P863L,-1.34346589
Delta,P863Q,-0.2473203
Delta,P863S,-0.493386953
Delta,P863T,-1.5199893
Delta,L864F,-2.2522132
Delta,L864M,-1.0985725
Delta,L864P,-0.49109578
Delta,L864Q,0.20572344000000004
Delta,L864S,-2.4280543
Delta,L864V,-0.6881383499999999
Delta,L864Y,-3.0338123
Delta,L865C,-1.9699247
Delta,L865F,-0.15346777
Delta,L865I,-0.087260045
Delta,L865M,0.015345600000000001
Delta,L865P,-3.287101
Delta,L865Q,0.0
Delta,T866A,-2.3261054
Delta,T866C,-1.8762873
Delta,T866E,-1.1703275
Delta,T866F,-3.3670774
Delta,T866I,-1.960870056
Delta,T866K,-1.1522554
Delta,T866N,-0.3944857
Delta,T866S,-1.371696
Delta,T866-,-0.19965588
Delta,D867A,-0.264186
Delta,D867E,-0.24277265000000003
Delta,D867G,-0.16095899999999996
Delta,D867H,0.0
Delta,D867N,-0.23680835499999997
Delta,D867S,-0.89264506
Delta,D867T,-0.5708671
Delta,D867Y,0.05662900000000004
Delta,D867-,0.0
Delta,E868A,0.06883527000000003
Delta,E868D,-0.07597961999999997
Delta,E868G,-0.29079623
Delta,E868K,-0.33603057
Delta,E868L,-0.1365507
Delta,E868Q,-0.0989385
Delta,E868S,0.33970255
Delta,E868T,-0.07890654
Delta,E868V,-0.155506847
Delta,E868*,-2.4089234
Delta,E868-,0.0
Delta,M869F,-3.1007285
Delta,M869I,-0.4912883000000001
Delta,M869K,-2.4664507
Delta,M869L,-2.037772
Delta,M869T,-2.36804
Delta,M869V,-2.420928
Delta,M869-,0.0
Delta,I870A,-2.3574417
Delta,I870H,-1.7189966
Delta,I870K,-4.1453547
Delta,I870L,-0.055643316
Delta,I870M,0.0
Delta,I870N,-1.4420196
Delta,I870S,-3.0554223
Delta,I870T,-0.625080948
Delta,I870V,-0.29958475
Delta,A871C,-0.6364251
Delta,A871D,-1.7183206
Delta,A871G,0.0
Delta,A871H,-3.9819252
Delta,A871I,0.0
Delta,A871S,0.03130049999999995
Delta,A871T,-0.006696200000000152
Delta,A871V,0.06438014000000003
Delta,Q872E,0.25445023
Delta,Q872H,-3.9641533
Delta,Q872K,-0.7425387000000001
Delta,Q872L,0.34560386
Delta,Q872R,-2.9935496
Delta,Q872*,-1.8515722
Delta,Y873C,-4.0710897
Delta,Y873D,-1.0509512
Delta,Y873H,-1.0463587
Delta,Y873L,-3.7452266
Delta,Y873N,0.0
Delta,Y873R,-1.6927068
Delta,Y873S,-2.9146426
Delta,Y873*,-2.7537057
Delta,T874A,-0.29976322999999994
Delta,T874I,0.02443713999999997
Delta,T874L,-2.5406525
Delta,T874N,-0.40219859999999996
Delta,T874P,-2.6622279
Delta,T874S,-0.685320955
Delta,T874V,-0.27036172
Delta,S875A,0.25653415
Delta,S875D,-4.323301
Delta,S875F,-1.43602927
Delta,S875P,-3.355258
Delta,S875Q,-3.5383525
Delta,S875T,0.4304741999999999
Delta,S875Y,-0.37947200000000003
Delta,A876C,-2.6469362
Delta,A876D,-2.4551563
Delta,A876L,-2.8524292
Delta,A876S,0.19493582000000004
Delta,A876T,-0.43122907
Delta,A876V,-1.0174526
Delta,L877M,-0.16761050726335888
Delta,L877P,-5.252407
Delta,L877T,-2.3934445
Delta,L877V,0.0
Delta,L877-,0.0
Delta,L878H,-3.2415657
Delta,L878I,-0.18433283
Delta,L878M,0.39975137767900004
Delta,L878P,-1.7388647
Delta,L878Q,-0.37128344
Delta,L878S,-1.2477204349
Delta,L878V,-0.3939408
Delta,A879C,-1.7064527
Delta,A879D,-3.5726776
Delta,A879E,0.0
Delta,A879F,-2.0545766
Delta,A879G,-0.41617799999999994
Delta,A879H,-3.748192
Delta,A879P,-3.7721949
Delta,A879S,-0.17329629000000002
Delta,A879T,-0.08331460000000002
Delta,A879V,0.05785509999999994
Delta,G880A,0.0
Delta,G880C,-1.95561857
Delta,G880D,-3.303142
Delta,G880F,-3.8044608
Delta,G880R,-1.5887289
Delta,G880S,-2.7385845
Delta,G880V,-1.2908456
Delta,T881A,0.018962860000000026
Delta,T881C,-0.6066801
Delta,T881I,0.06154688
Delta,T881N,-0.7764284
Delta,T881P,-3.6635077
Delta,T881R,-4.0126987
Delta,T881S,0.0
Delta,T881-,-1.6831076
Delta,I882F,-2.3299422439999997
Delta,I882L,-0.3184724
Delta,I882N,-1.9972247
Delta,I882S,-1.0436308
Delta,I882T,-3.5898788
Delta,I882V,0.1635795
Delta,T883A,-0.9253111
Delta,T883I,0.0963502
Delta,T883N,-3.4252954
Delta,T883Q,-2.5589497
Delta,T883S,-0.5409028
Delta,T883V,0.19632468
Delta,S884A,-0.11770602999999996
Delta,S884C,-0.013801411
Delta,S884F,-0.50775923
Delta,S884I,0.0
Delta,S884P,-5.3245416
Delta,S884Q,-3.575702
Delta,S884T,-0.08082557
Delta,S884Y,-0.5703499
Delta,S884-,-1.1602278
Delta,G885A,-0.7178251
Delta,G885C,-1.9295301
Delta,G885D,-0.14339619
Delta,G885E,-0.20504089
Delta,G885K,-2.513209
Delta,G885S,-0.679134106
Delta,G885V,-0.73481673
Delta,G885Y,0.0
Delta,G885-,-0.14577523
Delta,W886C,-0.96055925
Delta,W886F,-0.21206188
Delta,W886G,-1.0532179
Delta,W886L,0.1647604
Delta,W886R,-3.0955515
Delta,W886Y,-0.39758402
Delta,W886*,-2.467208174
Delta,T887A,-0.5059515000000001
Delta,T887H,0.0
Delta,T887I,-1.2624611399999996
Delta,T887L,-2.3881998
Delta,T887N,-4.068354
Delta,T887P,-1.480571
Delta,T887S,0.7161462
Delta,T887-,-1.5707068
Delta,F888A,-0.31592354
Delta,F888C,-0.36202207
Delta,F888D,-0.64504695
Delta,F888I,-0.29495895
Delta,F888L,-0.1948603
Delta,F888S,-1.954054
Delta,F888V,-0.13833696
Delta,F888Y,-0.148160986
Delta,F888-,1.15629148
Delta,G889A,0.021439666
Delta,G889C,-0.95026374
Delta,G889D,0.0
Delta,G889E,-3.4603593
Delta,G889L,-3.1331332
Delta,G889R,-1.6094813
Delta,G889S,-0.22382885
Delta,G889V,-1.8904434
Delta,G889W,-2.954301
Delta,G889*,-2.6820164
Delta,G889-,-0.5337353
Delta,A890C,-0.83792883
Delta,A890E,-1.9207479
Delta,A890G,0.0
Delta,A890L,0.03555475
Delta,A890S,-0.14486019999999988
Delta,A890T,0.13817915000000003
Delta,A890V,0.14796533
Delta,A890-,-0.035444595
Delta,G891A,-1.3364525
Delta,G891D,-4.801816
Delta,G891E,-3.3645258
Delta,G891I,0.0
Delta,G891M,-3.2228892
Delta,G891R,-3.3524144
Delta,G891S,-2.305264
Delta,G891V,-1.7069016
Delta,G891*,-0.8401866
Delta,A892C,-2.9511828
Delta,A892E,-1.7603219
Delta,A892G,0.16145621
Delta,A892P,-3.5423486
Delta,A892S,-0.14945354
Delta,A892T,-0.12550484
Delta,A892V,-0.08645955
Delta,A893D,0.0
Delta,A893E,-2.7597578
Delta,A893G,0.0
Delta,A893L,-0.2256433
Delta,A893P,-0.1715378
Delta,A893S,-2.3084140200000003
Delta,A893T,-2.6778681
Delta,A893V,-0.8318144000000001
Delta,L894F,-0.292942914
Delta,L894H,-2.6553237
Delta,L894I,-1.44729834
Delta,L894P,-4.639318
Delta,L894R,-1.9906199
Delta,L894S,-1.1870804
Delta,L894V,-3.3191154
Delta,Q895H,-0.17251992
Delta,Q895K,-0.6126217
Delta,Q895R,-2.1602528
Delta,Q895*,-2.273462
Delta,I896L,-0.6347125
Delta,I896M,-2.166571
Delta,I896N,-1.641479
Delta,I896R,-3.4032643
Delta,I896S,0.0
Delta,I896T,-3.2919278
Delta,I896V,-2.4588861
Delta,P897K,-3.6757987
Delta,P897L,-2.9822104
Delta,P897M,-3.5349348
Delta,P897Q,-2.8558302
Delta,P897S,-0.7402793
Delta,P897T,-2.3203948
Delta,F898L,0.0
Delta,F898S,0.0
Delta,F898Y,0.0
Delta,A899D,-0.6777369999999999
Delta,A899L,-2.8733296
Delta,A899N,-1.1875294
Delta,A899P,0.0
Delta,A899S,-0.294058371
Delta,A899T,-0.48726475
Delta,A899V,-0.20116040000000002
Delta,M900I,-0.5433258000000001
Delta,M900K,-2.7328591
Delta,M900L,-0.44603083999999993
Delta,M900N,-4.180704
Delta,M900Q,-3.3217201
Delta,M900T,-2.3532033
Delta,M900V,1.016847
Delta,M900-,-0.74328566
Delta,Q901H,-0.29279593
Delta,Q901K,-1.6324876700000002
Delta,Q901L,0.0
Delta,Q901R,-4.1271415
Delta,Q901T,-3.1321685
Delta,Q901V,-2.6733193
Delta,Q901*,-3.618198
Delta,Q901-,-0.47821105
Delta,M902I,-0.2671348
Delta,M902K,-2.236216
Delta,M902L,-0.05329040000000007
Delta,M902T,0.0
Delta,M902V,-0.3960895
Delta,A903C,-2.4099553
Delta,A903D,-2.831402
Delta,A903G,-0.16737653
Delta,A903H,-2.1101394
Delta,A903L,0.0
Delta,A903P,-1.7219176
Delta,A903S,-0.7461534000000001
Delta,A903T,-3.5687273
Delta,Y904C,-1.656238
Delta,Y904F,0.31757198
Delta,Y904H,0.04769688999999999
Delta,Y904N,-0.76608884
Delta,Y904*,-2.3068495
Delta,R905G,-3.968115
Delta,R905K,-3.5188382
Delta,R905M,-3.8553617
Delta,R905S,-1.8759055
Delta,R905W,-2.3407927
Delta,F906I,-1.6465019
Delta,F906L,-2.1726778
Delta,F906S,-2.5404258
Delta,F906Y,-4.0997343
Delta,N907D,-1.5685447
Delta,N907F,0.0
Delta,N907G,0.0
Delta,N907H,-0.9408765
Delta,N907K,-2.5059578
Delta,N907S,0.10438674000000003
Delta,N907T,0.19184752
Delta,N907Y,-1.2757939
Delta,G908A,0.3449446
Delta,G908C,-0.51635855
Delta,G908D,-2.9439347
Delta,G908S,0.053140488
Delta,G908V,-2.0982635
Delta,I909L,-3.2258172
Delta,I909M,-1.0638611999999998
Delta,I909N,-1.8787178
Delta,I909T,0.0
Delta,I909V,0.010017959999999992
Delta,G910A,-0.11320217
Delta,G910E,-1.04857214
Delta,G910R,-1.26146427
Delta,G910V,-2.6024318
Delta,G910*,-2.6686785
Delta,V911A,0.0
Delta,V911E,-1.7193938
Delta,V911I,-0.17240694999999995
Delta,V911L,-1.8210456
Delta,V911M,-2.7362068
Delta,T912A,-1.3012952
Delta,T912I,-0.7684017999999999
Delta,T912K,-1.3618641
Delta,T912L,-2.5815558
Delta,T912N,-0.5697898
Delta,Q913E,0.040334582
Delta,Q913H,-3.233466
Delta,Q913K,-0.5545057999999998
Delta,Q913L,-0.2586263
Delta,Q913P,-1.7929276
Delta,Q913R,-2.3277342
Delta,Q913*,-1.3400668
Delta,N914C,-2.0275471
Delta,N914D,-2.70773
Delta,N914G,0.0
Delta,N914H,0.0
Delta,N914I,-0.784719
Delta,N914K,-1.3460689
Delta,N914S,-2.530192
Delta,N914Y,-3.249473
Delta,V915A,-0.24102467
Delta,V915E,-2.8250887
Delta,V915F,-3.1862054
Delta,V915I,-0.36079383
Delta,V915L,-3.3208451
Delta,V915M,-1.40088462
Delta,V915S,-2.496711
Delta,L916F,-0.21913169999999993
Delta,L916I,-1.2570075
Delta,L916P,0.0
Delta,Y917C,-1.214322
Delta,Y917F,-0.22708033
Delta,Y917H,-2.5917099
Delta,Y917N,-0.71155643
Delta,Y917P,-2.0040252
Delta,Y917*,-1.5533135
Delta,E918A,-0.16436546
Delta,E918D,-0.5558013000000002
Delta,E918G,-0.34357530000000014
Delta,E918K,-0.0995738599999999
Delta,E918Q,0.51054865
Delta,E918T,-2.0403628
Delta,E918V,-0.43817039999999996
Delta,E918*,-3.0079274
Delta,N919D,0.0
Delta,N919K,-0.37894637
Delta,N919S,-2.0871973
Delta,Q920E,-0.9500032
Delta,Q920H,-1.6392357
Delta,Q920K,-3.735325
Delta,Q920L,-1.0677867
Delta,Q920P,-2.3975058
Delta,Q920R,-2.0964074
Delta,Q920*,-2.1203167
Delta,K921E,-0.03399506000000002
Delta,K921I,-0.20112969999999997
Delta,K921N,-0.076677349
Delta,K921R,0.08880036
Delta,K921T,0.0
Delta,L922F,-0.070056416
Delta,L922I,-0.9047615
Delta,L922M,-0.11248109999999999
Delta,L922P,-3.0800178
Delta,L922Q,1.7230116
Delta,L922S,0.19852255
Delta,L922V,0.053710939999999985
Delta,L922W,0.0
Delta,I923D,-2.6030467
Delta,I923L,-2.8252084
Delta,I923M,-0.44451904
Delta,I923N,-2.5224633
Delta,I923S,0.0
Delta,I923T,0.0
Delta,I923V,-0.24058396000000004
Delta,A924C,-3.288367
Delta,A924D,-1.5303308
Delta,A924L,-2.677556
Delta,A924S,-0.02707546999999999
Delta,A924T,-0.36512279999999997
Delta,A924V,-0.5225636
Delta,N925A,-0.34536448
Delta,N925D,-0.07732008
Delta,N925I,-0.5678319
Delta,N925K,-0.49111737000000005
Delta,N925Q,-0.09863341
Delta,N925S,-0.09912373
Delta,N925T,-0.38140494
Delta,N925Y,-0.25321707
Delta,N925-,0.0
Delta,Q926E,-0.29740548
Delta,Q926H,-0.34701708000000003
Delta,Q926K,-0.54765825
Delta,Q926L,-0.19094044999999998
Delta,Q926N,-2.4994166
Delta,Q926P,-2.1617618
Delta,Q926R,-1.2781525
Delta,Q926*,-0.84558284
Delta,Q926-,0.0
Delta,F927I,-2.213819
Delta,F927L,-1.6554632
Delta,F927S,-1.3773808
Delta,F927V,0.0
Delta,F927-,1.1209626
Delta,N928D,-1.4450674
Delta,N928G,0.0
Delta,N928I,-3.7539723
Delta,N928K,-4.1473
Delta,N928S,-2.174449
Delta,N928Y,-2.108206
Delta,N928-,-1.3466017
Delta,S929C,0.0
Delta,S929F,-0.60164526
Delta,S929G,-0.136061965
Delta,S929I,-0.422090757
Delta,S929N,-0.10784346700000001
Delta,S929P,-1.8691849
Delta,S929R,-0.33309248
Delta,S929T,0.22677166399999998
Delta,S929V,-0.5933629
Delta,S929Y,-0.1079173
Delta,S929-,-0.9691022
Delta,A930C,-0.52237684
Delta,A930D,-0.690750305
Delta,A930G,0.0
Delta,A930H,-0.3690643
Delta,A930L,-1.8686365
Delta,A930P,0.0
Delta,A930R,-1.1172173
Delta,A930S,-2.8701973
Delta,A930T,-4.0453763
Delta,A930V,-1.4103925000000002
Delta,A930-,-0.062573105
Delta,I931F,-0.19502582
Delta,I931L,0.1617986
Delta,I931M,-0.11496959
Delta,I931N,-2.0631378
Delta,I931S,0.0
Delta,I931T,-1.9669218
Delta,I931V,-0.28122264
Delta,I931Y,-2.6288946
Delta,I931-,1.142612
Delta,G932A,0.19825515700000002
Delta,G932C,-0.07754078
Delta,G932D,0.07978536999999997
Delta,G932L,0.19926968
Delta,G932R,-0.16922367
Delta,G932S,0.111764024
Delta,G932T,0.09469757
Delta,G932V,0.018427619999999992
Delta,G932W,0.18278828
Delta,G932-,-2.9382727
Delta,K933E,0.3166517580898622
Delta,K933G,-0.47942892
Delta,K933I,-0.11346457
Delta,K933N,0.28805483
Delta,K933P,0.0
Delta,K933Q,0.08744597
Delta,K933R,0.2890727
Delta,K933-,-0.5252877
Delta,I934F,0.16794725
Delta,I934L,-0.10113687700000001
Delta,I934M,-0.27176616
Delta,I934N,-3.326161
Delta,I934Q,-1.1381017
Delta,I934T,-0.2192934
Delta,I934V,0.19465780700000002
Delta,I934-,-2.3390913
Delta,Q935E,0.04985476
Delta,Q935H,0.04532409000000001
Delta,Q935K,-0.5138897060000001
Delta,Q935L,-0.09618035
Delta,Q935P,-0.2548899
Delta,Q935R,-0.015510857
Delta,Q935S,0.24992809
Delta,Q935*,-0.6750696999999999
Delta,Q935-,-2.9703867
Delta,D936A,-0.09607778
Delta,D936C,-0.37863734
Delta,D936E,0.33830766
Delta,D936F,-0.15080689900000002
Delta,D936G,-0.11636728000000002
Delta,D936H,-0.13077174
Delta,D936I,-0.0647438611376
Delta,D936K,-0.09447063
Delta,D936L,-0.0197232602
Delta,D936M,0.0308904313
Delta,D936N,-0.03749000399999999
Delta,D936P,-0.20954359999999994
Delta,D936Q,-0.269539612
Delta,D936R,-0.044993754000000004
Delta,D936S,-0.188321768
Delta,D936T,-0.20638372000000002
Delta,D936V,-0.242011957
Delta,D936W,-0.25321904
Delta,D936Y,-0.06309138599999999
Delta,D936*,-4.2523885
Delta,D936-,-1.880712
Delta,S937A,-0.70241684
Delta,S937C,-0.26745012
Delta,S937F,-0.09467752
Delta,S937H,0.28597656
Delta,S937L,-0.12696227
Delta,S937P,-1.5740902
Delta,S937T,0.23953069
Delta,S937Y,0.28879783
Delta,S937-,-0.9982265
Delta,L938F,-0.172091086
Delta,L938I,-0.34993777
Delta,L938M,-0.30849594
Delta,L938P,-2.2927766
Delta,L938Q,-0.99192685
Delta,L938R,-1.7703999
Delta,L938T,-2.1602454
Delta,L938V,-0.8546476
Delta,L938-,-0.724078
Delta,S939A,-0.14027861
Delta,S939C,-0.43887338
Delta,S939D,-0.24395052
Delta,S939E,0.046734109999999995
Delta,S939F,-0.19122989999999995
Delta,S939G,-0.027556777
Delta,S939H,-0.23514300999999999
Delta,S939I,-0.23557650999999996
Delta,S939K,-0.30758518
Delta,S939L,0.03696244999999998
Delta,S939M,-0.053970434
Delta,S939N,0.06283074999999999
Delta,S939P,-0.8121570999999999
Delta,S939Q,-0.009381652
Delta,S939R,-0.31889221
Delta,S939T,-0.04719276
Delta,S939V,-0.10138169000000002
Delta,S939W,-0.12183654
Delta,S939Y,-0.26697511999999995
Delta,S939*,-5.1469455
Delta,S939-,-0.8271021
Delta,S940A,-0.19272153
Delta,S940C,-0.3442159
Delta,S940F,-0.29489985
Delta,S940G,-0.21389279
Delta,S940I,-0.35677508
Delta,S940N,-0.100702182
Delta,S940P,0.29043382
Delta,S940R,-0.02065099
Delta,S940T,-0.0035963144999999995
Delta,S940Y,-0.36553645
Delta,S940-,-0.07083993
Delta,T941A,-0.5042326
Delta,T941C,-0.35589942
Delta,T941F,-2.0937145
Delta,T941I,-0.9756653999999998
Delta,T941K,-0.39732252
Delta,T941P,0.12676483
Delta,T941S,0.38766627
Delta,T941-,-0.62145734
Delta,A942D,0.3652125
Delta,A942G,0.0
Delta,A942K,0.35714093
Delta,A942S,0.06457577
Delta,A942T,0.0264165803
Delta,A942V,-0.105713442
Delta,A942-,-0.41381812
Delta,S943A,-0.06888891877
Delta,S943C,-0.059859883
Delta,S943D,0.141326404
Delta,S943E,-0.123834734
Delta,S943F,-0.16922139000000003
Delta,S943G,0.31390935999999997
Delta,S943H,0.094330944
Delta,S943I,-0.25519232000000003
Delta,S943K,0.08317202
Delta,S943L,-0.16255656
Delta,S943M,-0.045248184000000004
Delta,S943N,0.10791710999999998
Delta,S943P,-0.11855680000000002
Delta,S943Q,-0.13215801
Delta,S943R,-0.08296689000000002
Delta,S943T,-0.09464787
Delta,S943V,-0.45342734
Delta,S943W,-0.179950688
Delta,S943Y,-0.108138265
Delta,S943*,-2.749562
Delta,S943-,-0.89496803
Delta,A944C,0.042790204
Delta,A944D,-0.8448091
Delta,A944P,0.9531299
Delta,A944R,0.0
Delta,A944S,0.19202825
Delta,A944T,0.06172349999999999
Delta,A944V,-0.10064909
Delta,A944-,-0.09678362
Delta,L945C,0.048104886
Delta,L945F,-0.5166573999999999
Delta,L945I,0.280925925
Delta,L945M,-0.49894867
Delta,L945P,-3.654101
Delta,L945Q,-1.923095
Delta,L945R,-1.3971925
Delta,L945S,-1.1603072
Delta,L945T,0.42026743
Delta,L945V,-0.28546977
Delta,L945-,-0.38445213
Delta,G946A,-0.059109644960000006
Delta,G946C,0.094634265
Delta,G946D,0.14164187
Delta,G946E,0.33753297
Delta,G946R,-0.019527974000000003
Delta,G946S,-0.04048907
Delta,G946T,-0.33609778
Delta,G946V,-0.142479355
Delta,G946W,-0.058053486
Delta,K947E,-0.16003968000000002
Delta,K947I,0.47020704
Delta,K947N,-0.40022078
Delta,K947Q,0.32616836
Delta,K947R,0.16117958100000002
Delta,K947T,0.20589541
Delta,L948F,-2.4318767
Delta,L948H,-1.635847
Delta,L948I,-0.06658127
Delta,L948M,-2.4925518
Delta,L948P,-3.4612083
Delta,Q949E,-0.38188735
Delta,Q949H,-0.24823175
Delta,Q949K,-0.5883239730000001
Delta,Q949L,-0.05577843
Delta,Q949R,-0.6289727000000002
Delta,Q949*,0.0
Delta,D950A,-0.36503391
Delta,D950C,-0.4202417399999999
Delta,D950E,-0.207871641436823
Delta,D950F,-0.95064613
Delta,D950G,-0.60485036702
Delta,D950H,-0.47144372
Delta,D950I,-0.3796471
Delta,D950K,-0.23780489
Delta,D950L,-0.5323064
Delta,D950M,-0.52292775
Delta,D950N,-0.24796651
Delta,D950P,-4.186791
Delta,D950Q,-0.23862302
Delta,D950R,-0.509704774
Delta,D950S,-0.296691655
Delta,D950T,-0.367587018
Delta,D950V,-0.5360246
Delta,D950W,-1.0677449
Delta,D950Y,-0.78522328
Delta,D950*,-3.4751644
Delta,V951A,-1.4293259
Delta,V951E,-0.5610961
Delta,V951G,0.0
Delta,V951L,-0.30555536000000005
Delta,V951M,-0.44855301999999997
Delta,V952A,-0.09333445
Delta,V952C,-3.0067832
Delta,V952F,-0.58537331
Delta,V952H,-2.333447
Delta,V952I,0.0624674
Delta,V952L,-0.006744199999999978
Delta,V952M,-0.35752982
Delta,V952N,-1.0611928
Delta,N953D,0.41267928
Delta,N953G,0.0
Delta,N953I,0.0
Delta,N953K,-0.022245056
Delta,N953L,-0.42100456
Delta,N953S,-0.12245862499999999
Delta,N953T,-0.2228973
Delta,H954A,0.34309843
Delta,H954C,-0.064034775
Delta,H954D,0.12878782
Delta,H954E,0.12286459
Delta,H954F,0.009956723
Delta,H954G,-0.04891704
Delta,H954I,0.32972687
Delta,H954K,0.23580897999999997
Delta,H954L,0.203616437
Delta,H954M,0.2812715
Delta,H954N,0.15157709
Delta,H954P,-6.020396
Delta,H954Q,0.48203289
Delta,H954R,0.214355479
Delta,H954S,0.23030528
Delta,H954T,0.29826456
Delta,H954V,0.3196296
Delta,H954W,-0.033589236
Delta,H954Y,0.06683084
Delta,H954*,-4.952917
Delta,N955D,-2.7034347
Delta,N955F,-2.2339702
Delta,N955G,0.0
Delta,N955H,-0.076375425
Delta,N955I,-1.6143913
Delta,N955K,-2.7983432
Delta,N955S,-0.16018066
Delta,A956D,-1.479463
Delta,A956F,-0.32521498
Delta,A956H,-0.27273962
Delta,A956K,-1.0581902
Delta,A956P,-1.6173201
Delta,A956S,-0.08603748
Delta,A956T,-0.1879678314
Delta,A956V,-0.28431726
Delta,Q957E,0.18907670599999998
Delta,Q957H,0.07664429
Delta,Q957K,-0.16527207770000002
Delta,Q957L,-0.40133843
Delta,Q957N,-0.3484902
Delta,Q957R,-0.24342203499999998
Delta,Q957*,-1.9277358
Delta,A958D,0.58113557
Delta,A958L,-0.26485768
Delta,A958M,-1.6177217
Delta,A958P,0.0
Delta,A958S,-0.469462573
Delta,A958T,-1.9112839
Delta,A958V,-2.228237
Delta,L959F,-1.228334
Delta,L959M,-0.45257738
Delta,L959P,-3.4822407
Delta,L959W,-1.9969656
Delta,L959*,0.0
Delta,N960A,-0.007218747
Delta,N960D,-0.08534399000000001
Delta,N960G,0.0
Delta,N960K,0.12239491999999999
Delta,N960S,0.03156167
Delta,N960T,0.063620046
Delta,N960Y,0.5200074
Delta,T961A,-0.34559424400000005
Delta,T961I,-0.4352576
Delta,T961M,-0.08744393600000001
Delta,T961N,0.037911735
Delta,T961P,-3.0998185
Delta,T961R,-0.6245977
Delta,T961S,-0.2304702
Delta,L962F,-2.5998561
Delta,L962K,-3.6445565
Delta,L962M,-2.127561
Delta,L962P,-3.595773
Delta,L962Q,-2.831832
Delta,L962R,-2.1122313
Delta,L962T,-2.7761216
Delta,V963A,-0.94888392
Delta,V963F,1.2709469
Delta,V963I,-0.23207378
Delta,V963L,-0.16173126
Delta,V963M,-0.13445859
Delta,K964E,-0.18732716
Delta,K964H,-0.08489621
Delta,K964I,-0.043064088
Delta,K964L,0.03340675
Delta,K964M,0.19355616
Delta,K964N,-0.140012855
Delta,K964R,0.166705765
Delta,Q965E,0.0
Delta,Q965H,-0.6070427
Delta,Q965K,-0.18930472
Delta,Q965L,0.0
Delta,Q965N,-0.25199607
Delta,Q965R,-0.93479383
Delta,Q965*,-3.7172678
Delta,L966F,-2.3221588
Delta,L966H,-0.35017997
Delta,L966I,-1.7254567
Delta,L966P,-2.2576022
Delta,L966R,-1.7831627
Delta,S967A,0.03792454
Delta,S967C,0.0
Delta,S967F,-2.4279108
Delta,S967G,-0.06145277
Delta,S967N,-1.9014815
Delta,S967P,-0.87446016
Delta,S967R,-0.586002667
Delta,S967T,0.37665329
Delta,S967W,-3.8976545
Delta,S967Y,-1.8103327
Delta,S968A,-0.082424134
Delta,S968C,-0.62290597
Delta,S968F,0.24589263
Delta,S968G,-1.18487652
Delta,S968I,-0.32785246
Delta,S968N,-0.43414806499999997
Delta,S968P,-2.6435785
Delta,S968R,-1.4434228
Delta,S968T,0.091205396
Delta,S968V,-0.39189798
Delta,S968Y,0.0
Delta,K969A,-4.708079
Delta,K969C,-1.4002373
Delta,K969D,-3.0290308
Delta,K969E,-4.8381977
Delta,K969F,-3.8199773
Delta,K969G,-4.797811
Delta,K969H,-3.1210933
Delta,K969I,-4.588453
Delta,K969L,-5.8860435
Delta,K969M,-4.9606085
Delta,K969N,-0.00589929999999983
Delta,K969P,-1.2255623
Delta,K969Q,-4.3568935
Delta,K969R,0.090278864
Delta,K969S,-0.01465470000000002
Delta,K969T,0.22397071
Delta,K969V,-4.3818126
Delta,K969W,-4.386187
Delta,K969Y,-3.762205
Delta,K969*,-4.6547656
Delta,F970C,0.0
Delta,F970I,-2.8192105
Delta,F970L,-2.4107025
Delta,F970S,-2.4563572
Delta,F970Y,-0.5061082
Delta,G971A,0.0
Delta,G971D,-2.6416388
Delta,G971E,-4.008591
Delta,G971K,-2.5747833
Delta,G971Q,-3.0890753
Delta,G971R,-2.9510677
Delta,G971V,-2.3285873
Delta,G971*,-3.3009326
Delta,A972C,0.016032467
Delta,A972D,-2.1228232
Delta,A972M,-2.378666
Delta,A972S,-1.5462992
Delta,A972T,-2.7062597
Delta,A972V,-4.397259
Delta,I973F,-2.1735291
Delta,I973L,0.0
Delta,I973S,-0.9953752
Delta,I973T,-0.89795166
Delta,I973V,-0.33371909029999997
Delta,S974F,-2.6011956
Delta,S974K,-1.821248
Delta,S974P,-2.8991017
Delta,S974T,-0.43899885000000005
Delta,S974Y,-2.0646183
Delta,S975F,-1.3464191
Delta,S975G,-0.2775481
Delta,S975M,-4.263774
Delta,S975N,-0.05120611
Delta,S975P,-0.08375845
Delta,S975R,-3.3389835
Delta,S975T,0.0
Delta,S975Y,-0.6047772
Delta,V976A,0.20960274
Delta,V976E,1.2135613
Delta,V976F,-0.1452683016
Delta,V976G,-0.7617708
Delta,V976I,-0.19714537
Delta,V976L,-0.09727533
Delta,V976M,-0.49495409
Delta,L977M,0.2488014
Delta,L977P,-0.7198142999999999
Delta,L977Q,0.0
Delta,L977R,-1.0798563
Delta,L977S,-3.5590353
Delta,L977V,0.25090316
Delta,N978D,-0.14756995
Delta,N978F,-0.5419176
Delta,N978H,-0.13811244
Delta,N978K,-0.90616095
Delta,N978S,-0.75725533
Delta,N978T,0.55788237
Delta,N978Y,-0.5330144
Delta,D979E,-0.028592653999999995
Delta,D979G,-0.9632524999999998
Delta,D979H,-0.7523906699999999
Delta,D979N,-2.3299136
Delta,D979V,0.044414994
Delta,D979Y,-0.80812584
Delta,I980F,-2.3158844
Delta,I980L,-0.8023148
Delta,I980M,0.0
Delta,I980N,-0.9730832
Delta,I980T,-0.15305385
Delta,I980V,-2.450689
Delta,F981A,0.102098055
Delta,F981C,0.17001666
Delta,F981D,-1.6003224
Delta,F981E,0.18864338
Delta,F981G,-5.532631
Delta,F981H,-0.5429983
Delta,F981I,0.7202455799999999
Delta,F981K,-4.2441077
Delta,F981L,0.6802970500000001
Delta,F981M,-0.38943890999999997
Delta,F981N,-0.3984204
Delta,F981P,-6.0234337
Delta,F981Q,-0.2714836
Delta,F981R,-5.9378667
Delta,F981S,0.3150442
Delta,F981T,0.54718006
Delta,F981V,0.93658072
Delta,F981W,0.33722702
Delta,F981Y,0.34366482
Delta,F981*,-3.521277
Delta,F981-,-2.2577465
Delta,S982A,0.15940614
Delta,S982C,-1.2479389
Delta,S982D,-1.9212487
Delta,S982E,-1.2392477
Delta,S982F,-1.5140534600000002
Delta,S982G,-0.29115236
Delta,S982H,-0.8224216
Delta,S982I,-0.039402600000000065
Delta,S982K,-2.6978657
Delta,S982L,0.10602992999999994
Delta,S982M,0.07709052000000002
Delta,S982N,-0.2631443
Delta,S982P,-1.8210664
Delta,S982Q,-0.0333485
Delta,S982R,-0.6159407000000001
Delta,S982T,-0.17693986999999997
Delta,S982V,0.004747239999999986
Delta,S982W,-1.00014732
Delta,S982Y,-0.08453199999999983
Delta,S982*,-5.3246017
Delta,R983C,-0.19190586
Delta,R983G,-1.8425643
Delta,R983I,-0.6905399600000001
Delta,R983K,-1.7739977
Delta,R983N,-3.6267917
Delta,R983Q,-2.802455
Delta,R983S,0.0
Delta,R983T,0.49377805
Delta,L984F,-0.4734498
Delta,L984K,-2.189849
Delta,L984M,-0.27327728
Delta,L984P,-3.667499
Delta,L984Q,-1.953258
Delta,L984R,-0.9762471
Delta,L984V,-0.4769632
Delta,D985A,-1.1565334
Delta,D985E,-0.56823283
Delta,D985G,-0.57126004
Delta,D985H,-2.558419
Delta,D985N,-0.08979444
Delta,D985S,0.0
Delta,D985T,-1.0069324
Delta,D985V,0.0
Delta,D985Y,-1.57679185
Delta,K986E,-0.15088470999999998
Delta,K986G,-0.47426197
Delta,K986I,-0.008691896
Delta,K986M,-0.1032082
Delta,K986N,0.03655781999999996
Delta,K986P,-3.4745347
Delta,K986Q,-0.23243534
Delta,K986R,-0.047575469999999995
Delta,K986T,0.3099083
Delta,V987A,-1.8553214
Delta,V987E,-2.4807389
Delta,V987F,0.307694294
Delta,V987G,-1.4860692
Delta,V987I,-0.21178563
Delta,V987L,-1.617769
Delta,V987M,0.185772956
Delta,V987-,0.0
Delta,E988D,-0.60572362
Delta,E988G,-0.5073113000000001
Delta,E988K,-0.708793
Delta,E988L,-2.7022703
Delta,E988R,-0.6681685
Delta,E988V,-2.8921504
Delta,E988*,-1.3732634
Delta,E988-,0.0
Delta,A989C,-4.3267674
Delta,A989D,-1.1869283
Delta,A989L,-2.85013
Delta,A989S,-0.6694086399999999
Delta,A989T,-2.58613
Delta,A989V,-4.5803924
Delta,E990A,0.432623147
Delta,E990D,0.18451462000000002
Delta,E990G,-0.17070479
Delta,E990K,-0.4732888999999998
Delta,E990N,0.21014504
Delta,E990Q,0.17231122
Delta,E990V,0.40829114
Delta,E990*,-2.7586954
Delta,V991A,-1.4893202
Delta,V991C,-3.6080854
Delta,V991D,0.11790631
Delta,V991F,-0.78100276
Delta,V991I,-1.08584669
Delta,V991L,-1.7110445
Delta,V991M,-0.046675287
Delta,Q992H,0.5585528
Delta,Q992K,-4.4841976
Delta,Q992L,-2.5578654
Delta,Q992R,-3.518914
Delta,Q992*,-1.5333946
Delta,I993L,-0.25886565
Delta,I993M,0.0
Delta,I993N,-2.4459856
Delta,I993S,-2.3714235
Delta,I993T,0.60380423
Delta,I993V,0.17549857
Delta,D994E,-2.8836577
Delta,D994F,-3.7019024
Delta,D994G,-0.7812147
Delta,D994H,0.0
Delta,D994N,-0.4521436999999999
Delta,D994Y,-0.9892145
Delta,R995G,-4.469596
Delta,R995H,-3.2791865
Delta,R995I,-1.49885667
Delta,R995K,-4.989104
Delta,R995N,0.0
Delta,R995T,0.0
Delta,R995*,-2.1227188
Delta,L996F,-2.163691
Delta,L996M,-4.002943
Delta,L996P,-3.5687525
Delta,L996Q,-3.1576114
Delta,L996R,-2.8550336
Delta,L996S,-2.8145332
Delta,L996V,-0.082764745
Delta,I997L,0.0
Delta,I997N,-1.6354073
Delta,I997Q,-3.0876517
Delta,I997S,0.0
Delta,I997T,-0.87558347
Delta,I997V,-0.05795414999999998
Delta,T998A,0.06847256
Delta,T998G,0.14410795
Delta,T998I,-0.19826065000000004
Delta,T998K,-2.088427
Delta,T998S,-0.75991931
Delta,G999A,-1.1688254
Delta,G999C,-2.15082441
Delta,G999D,-5.93315
Delta,G999H,0.0
Delta,G999N,0.0
Delta,G999R,0.0
Delta,G999S,-2.1748796
Delta,G999V,-2.2399683
Delta,R1000G,-2.7633843
Delta,R1000H,-3.118202
Delta,R1000I,-2.9510813
Delta,R1000K,-4.6608887
Delta,R1000S,-3.7388058
Delta,L1001F,-0.6043734000000001
Delta,L1001H,-2.0865984
Delta,L1001I,-1.0186455
Delta,L1001P,-3.6831982
Delta,L1001Q,-2.7019763
Delta,L1001V,-1.4125918
Delta,Q1002A,-0.6786971
Delta,Q1002E,0.07286607999999997
Delta,Q1002H,-0.534976742
Delta,Q1002K,-3.3857188
Delta,Q1002L,-2.7380335
Delta,Q1002R,-0.92678555
Delta,Q1002*,-2.438467
Delta,S1003A,0.0
Delta,S1003D,-3.7914083
Delta,S1003F,-0.438458664
Delta,S1003I,0.62632513
Delta,S1003P,-0.4428963
Delta,S1003T,-0.18063085
Delta,S1003Y,-0.8584246303
Delta,L1004A,-2.1741478
Delta,L1004F,-1.4391550999999998
Delta,L1004H,-1.1988647
Delta,L1004I,-1.17554165
Delta,L1004P,-2.971135
Delta,L1004R,-1.7192334
Delta,L1004S,-1.7256095
Delta,Q1005H,-0.92258596
Delta,Q1005K,-1.0669532
Delta,Q1005L,-0.11600720000000009
Delta,Q1005R,-3.872196
Delta,Q1005*,-1.9441446
Delta,T1006A,0.08609603
Delta,T1006F,0.22850366
Delta,T1006I,-0.66523884
Delta,T1006L,-2.2483609
Delta,T1006N,0.0047050808
Delta,T1006S,0.07248549
Delta,T1006V,-0.28454694
Delta,Y1007C,-4.063095
Delta,Y1007D,-2.3562684
Delta,Y1007F,-0.8412117
Delta,Y1007H,-1.31619824
Delta,Y1007N,-2.537354
Delta,Y1007*,-0.07913874
Delta,V1008A,-0.19753269999999995
Delta,V1008E,-2.0956643
Delta,V1008L,-1.2087371
Delta,V1008M,-1.2077537
Delta,V1008R,-3.6581333
Delta,T1009A,-0.09969190000000006
Delta,T1009H,-0.8300959
Delta,T1009I,-0.010147259000000006
Delta,T1009K,-3.3691118
Delta,T1009N,0.2583461399999999
Delta,T1009P,0.0
Delta,T1009S,-0.054413400000000056
Delta,Q1010E,0.0
Delta,Q1010H,0.0
Delta,Q1010K,0.0015952091
Delta,Q1010L,-0.39731032
Delta,Q1010M,-0.13641821
Delta,Q1010N,0.062471278
Delta,Q1010R,0.3935815
Delta,Q1010*,-3.0963922
Delta,Q1011E,0.0
Delta,Q1011H,-0.010802909
Delta,Q1011K,-0.91183935
Delta,Q1011L,-0.44180891
Delta,Q1011R,-0.14695376999999998
Delta,Q1011*,-2.8043575
Delta,L1012F,-0.23408097
Delta,L1012H,-0.4054614
Delta,L1012I,-1.2069348
Delta,L1012P,-2.434946
Delta,L1012R,0.539345
Delta,L1012S,0.2596779535558685
Delta,I1013L,-0.88664526
Delta,I1013N,-2.0090473
Delta,I1013S,-1.6769123
Delta,I1013T,-1.1503595
Delta,I1013V,-0.57183033
Delta,R1014G,-0.2600945499999999
Delta,R1014I,-0.07212228000000004
Delta,R1014K,-0.11769896000000002
Delta,R1014M,-0.17030305999999995
Delta,R1014N,-0.9643477
Delta,R1014S,-0.20399982
Delta,R1014T,0.036585321999999997
Delta,R1014W,0.20235708
Delta,A1015D,-2.5718412
Delta,A1015G,0.069026195
Delta,A1015Q,-2.065168
Delta,A1015S,-0.12413897
Delta,A1015T,-0.20653830000000006
Delta,A1015V,-4.2841086
Delta,A1016D,-0.531358
Delta,A1016E,0.0
Delta,A1016H,0.0
Delta,A1016L,-0.57439256
Delta,A1016Q,-0.3315439
Delta,A1016S,0.06132663044
Delta,A1016T,0.196085945
Delta,A1016V,-0.021755309999999972
Delta,A1016-,0.0
Delta,E1017A,-0.38680226
Delta,E1017D,-0.04801126
Delta,E1017G,0.07487915
Delta,E1017K,0.16464036599999998
Delta,E1017V,-0.52440614
Delta,E1017*,-2.7027278
Delta,E1017-,0.0
Delta,I1018F,-2.2151904
Delta,I1018L,-1.0733352159999998
Delta,I1018M,0.061293376000000004
Delta,I1018N,-2.0012248
Delta,I1018S,-3.3886657
Delta,I1018T,-0.88337773
Delta,I1018V,0.01408448000000001
Delta,I1018-,0.0
Delta,R1019E,-2.9312673
Delta,R1019G,-0.3489787
Delta,R1019I,-2.3446443
Delta,R1019K,-0.20585047999999995
Delta,R1019M,-3.4272268
Delta,R1019Q,-2.5257118
Delta,R1019S,-2.4824667
Delta,R1019-,0.0
Delta,A1020C,-0.5259053
Delta,A1020D,0.06237165
Delta,A1020E,0.06899279999999997
Delta,A1020F,-0.18375335999999998
Delta,A1020G,0.030175000000000063
Delta,A1020H,-0.0020278300000000637
Delta,A1020I,0.07046730000000001
Delta,A1020K,-0.017434799999999973
Delta,A1020L,-0.21801950000000003
Delta,A1020M,-0.24810209999999988
Delta,A1020N,-0.27744992
Delta,A1020P,-3.5810673
Delta,A1020Q,0.02066378999999996
Delta,A1020R,-0.02328454999999996
Delta,A1020S,0.10569808000000003
Delta,A1020T,0.04252762999999998
Delta,A1020V,-0.04900564000000002
Delta,A1020W,-0.73437735
Delta,A1020Y,-0.19817474000000002
Delta,A1020*,-4.7400312
Delta,A1020-,0.0
Delta,S1021A,-0.1675201347889933
Delta,S1021C,-1.1111106
Delta,S1021F,-0.47432356999999997
Delta,S1021L,-0.69221056
Delta,S1021P,-1.3427005
Delta,S1021T,-0.81479114
Delta,S1021Y,-0.30344746
Delta,S1021-,0.0
Delta,A1022D,-0.953050776
Delta,A1022E,-3.3729315
Delta,A1022L,-3.4818847
Delta,A1022P,0.0
Delta,A1022R,-2.6994386
Delta,A1022S,-0.63283842
Delta,A1022T,-1.0467868000000002
Delta,A1022V,-1.33644806
Delta,N1023D,-0.4260948000000001
Delta,N1023H,0.19740874
Delta,N1023I,0.37469906
Delta,N1023K,-0.17582849
Delta,N1023L,0.3255776
Delta,N1023S,-0.16436082000000002
Delta,N1023T,0.08683378
Delta,N1023Y,-0.10514063999999998
Delta,L1024F,-0.025084799999999685
Delta,L1024I,-0.6401393000000001
Delta,L1024M,-0.13787290000000008
Delta,L1024P,-2.7281523
Delta,L1024Q,0.17454448
Delta,L1024R,-0.026398779999999955
Delta,A1025D,-2.0265214
Delta,A1025G,-0.19267276
Delta,A1025L,-3.6063154
Delta,A1025N,0.0
Delta,A1025P,0.0
Delta,A1025S,-2.6114728
Delta,A1025T,-3.8984702
Delta,A1025V,-4.7122574
Delta,A1026D,-3.0197263
Delta,A1026G,-0.52437246
Delta,A1026I,-4.0199456
Delta,A1026L,-1.2722096
Delta,A1026P,0.0
Delta,A1026S,-0.131451406
Delta,A1026T,-0.5593938
Delta,A1026V,-2.6859467
Delta,T1027A,-0.09088969999999996
Delta,T1027C,-0.005591690000000038
Delta,T1027D,-0.7943469300000001
Delta,T1027E,0.0915051
Delta,T1027F,-0.07485520999999995
Delta,T1027G,-0.33892730000000015
Delta,T1027H,-0.49056342
Delta,T1027I,-0.10857889999999992
Delta,T1027K,-0.3054656
Delta,T1027L,0.093305267
Delta,T1027M,-0.08533201000000001
Delta,T1027N,-0.08676649999999997
Delta,T1027P,-5.6893687
Delta,T1027Q,0.18508472
Delta,T1027R,0.05382229999999999
Delta,T1027S,0.008619310000000047
Delta,T1027V,-0.09472600000000009
Delta,T1027W,-4.008691
Delta,T1027Y,-0.27759789999999995
Delta,T1027*,-3.2688394
Delta,K1028E,-1.477029743
Delta,K1028G,-1.7465823
Delta,K1028L,-3.615919
Delta,K1028M,-2.23926
Delta,K1028N,-4.136843
Delta,K1028R,-3.1664245
Delta,K1028T,0.0
Delta,M1029C,-3.294622
Delta,M1029I,-1.0253345299999999
Delta,M1029K,-1.1189473
Delta,M1029L,-3.192606
Delta,M1029R,-2.0341563
Delta,M1029T,-2.7007828
Delta,M1029V,-0.9780097
Delta,S1030A,0.170893864
Delta,S1030C,-0.57087624
Delta,S1030G,-1.2626128
Delta,S1030I,0.74361634
Delta,S1030L,-4.3123336
Delta,S1030N,-3.0949717
Delta,S1030P,-1.7906724
Delta,S1030Q,-4.1539598
Delta,S1030R,-0.09306796
Delta,S1030T,0.0
Delta,E1031D,-2.958788
Delta,E1031G,-3.2829723
Delta,E1031K,-5.4235277
Delta,E1031Q,0.0
Delta,E1031S,-2.8825674
Delta,E1031V,-3.2430623
Delta,E1031*,-2.5471594
Delta,C1032F,-0.61604315
Delta,C1032R,-0.58201295
Delta,C1032S,0.0
Delta,C1032V,-3.2338202
Delta,C1032Y,-1.0328557000000003
Delta,C1032*,-1.6182749
Delta,V1033A,-0.7943229600000001
Delta,V1033E,-1.8531011
Delta,V1033G,-2.2079754
Delta,V1033I,-1.0061399
Delta,V1033L,-2.8438876
Delta,V1033M,-4.2770786
Delta,V1033T,-1.7613351
Delta,V1033Y,-2.9125822
Delta,L1034F,-0.68269485
Delta,L1034I,-0.10324659999999997
Delta,L1034M,0.289412
Delta,L1034P,-3.6211498
Delta,L1034Q,-0.033331808
Delta,L1034R,0.02149975000000004
Delta,G1035D,-2.5425618
Delta,G1035E,-2.5597029
Delta,G1035N,-3.9779634
Delta,G1035R,-5.086263
Delta,G1035V,-1.9444493
Delta,G1035W,-3.246457
Delta,G1035*,-3.1318662
Delta,Q1036K,-2.184461
Delta,Q1036N,-3.047323
Delta,Q1036R,-3.3572283
Delta,Q1036T,-1.6623152
Delta,Q1036*,-3.0478787
Delta,S1037C,0.584057
Delta,S1037G,-1.9222596
Delta,S1037I,-5.225269
Delta,S1037K,0.0
Delta,S1037L,-3.0898695
Delta,S1037N,-0.29614149
Delta,S1037Q,-3.118773
Delta,S1037R,-2.621824
Delta,S1037T,0.14836359
Delta,K1038E,-0.4808897
Delta,K1038G,-0.15982492
Delta,K1038I,-0.06731493
Delta,K1038M,0.08374534
Delta,K1038N,-0.22743212
Delta,K1038Q,0.131812799
Delta,K1038R,-0.08994335
Delta,K1038T,-0.18589767100000001
Delta,R1039E,-2.3416626
Delta,R1039G,-2.7731714
Delta,R1039K,-4.38656
Delta,R1039M,-2.333786
Delta,R1039S,-3.876291
Delta,V1040A,-0.20685805
Delta,V1040F,-0.3462912
Delta,V1040G,0.0
Delta,V1040I,-1.6724545
Delta,V1040L,-2.3716526
Delta,V1040M,-0.2049687
Delta,V1040S,-0.35778153
Delta,D1041E,-0.143744767
Delta,D1041G,-0.35313669999999997
Delta,D1041I,-3.1441457
Delta,D1041N,-5.0893083
Delta,D1041Y,-2.3263614
Delta,F1042C,0.0
Delta,F1042I,-1.9560442
Delta,F1042L,-0.4223414
Delta,F1042S,-0.7735311
Delta,F1042Y,-0.1604776
Delta,C1043F,-2.0175962
Delta,C1043L,-3.9507024
Delta,C1043R,-3.0071418
Delta,C1043S,-1.3117782
Delta,C1043V,-4.471306
Delta,C1043Y,-3.5775135
Delta,C1043*,0.0
Delta,G1044A,0.0
Delta,G1044C,-2.1650581
Delta,G1044D,-1.4380067399999998
Delta,G1044E,-3.518378
Delta,G1044R,0.0
Delta,G1044S,-2.457944
Delta,G1044V,-2.1486993
Delta,G1044W,-4.1615834
Delta,K1045E,-0.10351490000000019
Delta,K1045M,-0.3294789
Delta,K1045N,-0.5039156
Delta,K1045Q,-0.4617809
Delta,K1045R,0.14019431999999998
Delta,K1045T,-0.5315548
Delta,G1046A,-1.1090051
Delta,G1046C,-1.9869783
Delta,G1046D,-5.302457
Delta,G1046E,0.0
Delta,G1046S,-0.3481932000000001
Delta,G1046V,-1.64820971
Delta,Y1047C,-3.3319435
Delta,Y1047D,-2.348362
Delta,Y1047F,-0.5088686
Delta,Y1047H,-0.49094839999999973
Delta,Y1047L,-0.08248121
Delta,Y1047N,-0.50202566
Delta,Y1047*,-3.1736739
Delta,H1048N,-1.3589399
Delta,H1048Q,-2.323096
Delta,H1048R,-1.7941157
Delta,H1048S,-2.2382581
Delta,H1048Y,-3.2355452
Delta,L1049F,-3.5385313
Delta,L1049I,-0.09960809999999998
Delta,L1049M,-2.8445523
Delta,L1049P,-4.479129
Delta,L1049Q,-2.5605419
Delta,L1049R,-1.3670934
Delta,L1049S,-3.2283974
Delta,L1049V,-0.9147343000000001
Delta,M1050I,-0.11113969000000001
Delta,M1050L,0.286316754
Delta,M1050N,0.0
Delta,M1050T,-0.6843824000000001
Delta,M1050V,-0.4853075
Delta,M1050Y,-4.107358
Delta,S1051G,-1.9629023
Delta,S1051I,-2.1256208
Delta,S1051L,-1.9193802
Delta,S1051N,-1.6814193
Delta,S1051V,-3.2367096
Delta,F1052C,-2.7465224
Delta,F1052I,-0.20425019999999994
Delta,F1052L,-0.75832003
Delta,F1052S,-1.6561711
Delta,F1052V,-3.103983
Delta,F1052Y,-0.08142724000000001
Delta,P1053L,-2.3349495
Delta,P1053Q,-0.47037926
Delta,P1053S,-1.0811259
Delta,P1053T,-1.1178253
Delta,Q1054E,0.0
Delta,Q1054H,-2.3844273
Delta,Q1054K,-2.1585426
Delta,Q1054L,-1.44409542
Delta,Q1054R,-1.6607311
Delta,Q1054S,-2.9885259
Delta,Q1054*,-4.1083794
Delta,S1055A,-0.12489334
Delta,S1055F,-0.4014677499999999
Delta,S1055L,-0.6460577000000001
Delta,S1055P,-2.444043
Delta,S1055T,-0.2635538
Delta,S1055V,-1.3968154
Delta,S1055Y,0.002038200000000101
Delta,A1056D,-1.067586
Delta,A1056G,-0.4236245
Delta,A1056P,0.6242186
Delta,A1056S,-3.1936502
Delta,A1056T,-4.561894
Delta,A1056V,-0.5221344600000001
Delta,P1057H,-3.3864515
Delta,P1057L,-1.6992249999999998
Delta,P1057Q,-3.994952
Delta,P1057R,-0.9831262
Delta,P1057S,-1.3193258
Delta,P1057T,-3.7011726
Delta,H1058E,-1.3986226
Delta,H1058L,-0.43315525999999993
Delta,H1058N,-0.15436328
Delta,H1058Q,-0.507221
Delta,H1058R,-0.17107970000000003
Delta,H1058S,-0.38998097
Delta,H1058Y,-0.11616680000000001
Delta,G1059E,-2.6111395
Delta,G1059L,-3.6438153
Delta,G1059R,-3.3812792
Delta,G1059V,-3.4897156
Delta,G1059W,-4.23441
Delta,G1059*,-3.569636
Delta,V1060A,-0.5675878
Delta,V1060C,-0.5006573
Delta,V1060E,0.0
Delta,V1060I,-0.080056468
Delta,V1060L,-0.8152676999999999
Delta,V1060M,-0.3454003000000001
Delta,V1061A,-0.23313072
Delta,V1061E,-1.8483613
Delta,V1061F,-0.76663154
Delta,V1061I,-0.038828500000000044
Delta,V1061L,-0.39125684
Delta,V1061M,-0.025462192
Delta,V1061S,-3.2283382
Delta,F1062C,0.0
Delta,F1062I,-1.7977892
Delta,F1062L,-0.17690800000000007
Delta,F1062S,-4.2438655
Delta,F1062Y,-0.06549327
Delta,L1063A,-1.1527149
Delta,L1063C,-0.9507966999999999
Delta,L1063D,-4.701819
Delta,L1063E,-2.4833462
Delta,L1063F,-0.10997410000000007
Delta,L1063G,-5.365345
Delta,L1063H,-3.7288818
Delta,L1063I,0.052833700000000094
Delta,L1063K,-4.7573256
Delta,L1063M,-0.34783528
Delta,L1063N,-4.845785
Delta,L1063P,-5.814898
Delta,L1063Q,-4.971782
Delta,L1063R,-7.2767
Delta,L1063S,-6.1264105
Delta,L1063T,-3.0623868
Delta,L1063V,-0.33625170000000004
Delta,L1063W,-3.849493
Delta,L1063Y,-1.2893691
Delta,L1063*,-4.5857897
Delta,H1064A,-3.0008435
Delta,H1064L,-1.1605499
Delta,H1064N,-1.9044591
Delta,H1064Q,-1.5023834
Delta,H1064R,-1.420854
Delta,H1064Y,-2.8663013
Delta,V1065A,-0.14479616399999998
Delta,V1065C,0.030670244
Delta,V1065E,-2.5942874
Delta,V1065L,-0.13371480000000002
Delta,V1065M,0.09735525
Delta,V1065-,0.0
Delta,T1066A,0.062651314
Delta,T1066D,-0.34786
Delta,T1066I,-0.41061480000000006
Delta,T1066N,0.026747350000000003
Delta,T1066P,-4.159866
Delta,T1066S,-0.13819767999999996
Delta,T1066-,0.17870939
Delta,Y1067C,-3.5800223
Delta,Y1067D,0.0
Delta,Y1067F,-0.14297172000000002
Delta,Y1067H,-4.045548
Delta,Y1067L,-5.0541854
Delta,Y1067N,-2.2612429
Delta,Y1067-,-1.7183666
Delta,V1068A,-0.16330400000000012
Delta,V1068C,-0.1734523
Delta,V1068D,-2.710715
Delta,V1068E,-2.3749983
Delta,V1068F,-0.6827127
Delta,V1068G,-0.696407
Delta,V1068H,-0.94211763
Delta,V1068I,-0.18743092
Delta,V1068K,-0.14364409999999994
Delta,V1068L,-0.19294058999999997
Delta,V1068M,-0.19819189999999987
Delta,V1068N,-0.14033039999999986
Delta,V1068P,-4.532227
Delta,V1068Q,0.0036912500000000348
Delta,V1068R,-0.22000655999999996
Delta,V1068S,-0.3496311000000001
Delta,V1068T,-0.26741910000000013
Delta,V1068W,-1.7004768199999998
Delta,V1068Y,-2.254776759
Delta,V1068*,-4.202886
Delta,P1069A,0.0
Delta,P1069H,-0.22944909999999985
Delta,P1069L,-3.617407
Delta,P1069M,-3.538246
Delta,P1069R,0.0
Delta,P1069S,-0.25434500000000027
Delta,P1069T,-0.38585120000000006
Delta,A1070C,-1.0644294
Delta,A1070D,-0.28506565
Delta,A1070E,0.09891765
Delta,A1070G,-0.24275517
Delta,A1070M,0.24303961
Delta,A1070S,0.21148052
Delta,A1070T,0.07586473000000005
Delta,A1070V,0.067094944
Delta,Q1071E,-0.4524725
Delta,Q1071H,-0.17789690000000002
Delta,Q1071K,0.05289026599999999
Delta,Q1071L,0.04745442
Delta,Q1071P,0.0
Delta,Q1071R,0.10464701000000001
Delta,Q1071S,0.010866371
Delta,Q1071T,-0.91059107
Delta,Q1071*,-1.3999476
Delta,E1072A,0.43788102
Delta,E1072D,-0.3070050999999998
Delta,E1072G,-0.31822738
Delta,E1072K,-0.09208780000000005
Delta,E1072Q,0.008923264
Delta,E1072R,-3.203454
Delta,E1072V,-0.6313826400000001
Delta,E1072*,-2.4261243
Delta,K1073E,-0.13561036999999998
Delta,K1073H,-0.0758971
Delta,K1073M,-0.12571895
Delta,K1073N,-0.1554741
Delta,K1073Q,-0.041838095
Delta,K1073R,-0.173786336
Delta,K1073T,-0.20036861000000003
Delta,N1074D,-0.14579601
Delta,N1074E,-0.4606114
Delta,N1074H,-0.5687567
Delta,N1074I,0.21326648
Delta,N1074K,-0.131247
Delta,N1074S,-0.14097268000000002
Delta,N1074T,0.2904887
Delta,N1074Y,-1.5498292
Delta,F1075C,0.22715497
Delta,F1075I,0.42205918
Delta,F1075L,0.16179076399999998
Delta,F1075S,-3.8252099
Delta,F1075V,-0.38835885
Delta,F1075Y,-0.03859127000000001
Delta,T1076A,-0.3671531000000001
Delta,T1076H,-2.5162497
Delta,T1076I,-0.28107790000000005
Delta,T1076K,-0.23468775
Delta,T1076L,0.3747933
Delta,T1076N,0.03459590000000001
Delta,T1076P,-0.040201362
Delta,T1076S,-0.03963954999999997
Delta,T1077A,-0.07862328000000002
Delta,T1077G,-0.30432463
Delta,T1077I,-1.603905
Delta,T1077K,0.0
Delta,T1077L,-0.98351365
Delta,T1077N,-1.8545502
Delta,T1077S,-0.7074383399999999
Delta,T1077V,-2.611815
Delta,A1078C,-0.35652287
Delta,A1078D,-5.198633
Delta,A1078E,-2.8072283
Delta,A1078F,-3.2904708
Delta,A1078G,-0.1851079
Delta,A1078H,-3.0331285
Delta,A1078I,-1.3599951200000002
Delta,A1078K,-3.5376563
Delta,A1078L,-2.6436174
Delta,A1078M,-2.876522
Delta,A1078N,-3.3339088
Delta,A1078P,-5.151162
Delta,A1078Q,-2.6449993
Delta,A1078R,-5.35725
Delta,A1078S,-0.36390308
Delta,A1078T,-0.31070423
Delta,A1078V,-0.2603101999999997
Delta,A1078W,-3.2202675
Delta,A1078Y,-4.401301
Delta,A1078*,-3.3135505
Delta,P1079A,0.39745206
Delta,P1079H,-1.4435283
Delta,P1079L,-4.6390605
Delta,P1079S,-0.31805524
Delta,P1079T,-0.030004699999999995
Delta,P1079V,-3.0471597
Delta,A1080C,-1.9848218
Delta,A1080D,-2.5436108
Delta,A1080G,0.0
Delta,A1080S,-0.028056830000000005
Delta,A1080T,-1.9597902
Delta,A1080V,-2.0077665
Delta,I1081F,-0.6371573
Delta,I1081H,-3.41301
Delta,I1081L,-0.07079007
Delta,I1081M,0.0075087105
Delta,I1081S,-1.1263978
Delta,I1081T,-1.7731843
Delta,I1081V,0.20313294399999998
Delta,C1082A,0.0
Delta,C1082F,-2.1673715
Delta,C1082M,-0.35597393
Delta,C1082R,-4.0671268
Delta,C1082S,0.7634778
Delta,C1082Y,-4.093589
Delta,C1082*,-2.204635
Delta,H1083A,-1.8682721
Delta,H1083N,-0.02083641
Delta,H1083Q,-0.28369373
Delta,H1083R,-1.0920708
Delta,H1083Y,0.7231154399999999
Delta,D1084A,0.14784004
Delta,D1084E,0.078132957
Delta,D1084G,0.0068604867
Delta,D1084H,0.062378377
Delta,D1084L,0.0
Delta,D1084N,0.078136615
Delta,D1084T,-0.2624021
Delta,D1084V,-0.16651952
Delta,D1084Y,0.1074348343
Delta,G1085A,0.060331108
Delta,G1085C,-0.51576168
Delta,G1085D,0.054764844
Delta,G1085E,0.048543048299999995
Delta,G1085L,0.06187316
Delta,G1085R,0.060945682
Delta,G1085S,0.027159302
Delta,G1085V,-0.3999074
Delta,K1086E,-0.06988154999999999
Delta,K1086G,0.66179186
Delta,K1086I,-0.28717962
Delta,K1086L,-0.29325914
Delta,K1086M,0.0
Delta,K1086N,-0.25860795999999997
Delta,K1086Q,-0.013327685
Delta,K1086R,-0.024902044
Delta,K1086T,-1.2753701
Delta,A1087D,-1.1809462
Delta,A1087G,-1.7332171
Delta,A1087P,-0.97331256
Delta,A1087S,-0.16064583
Delta,A1087T,-0.99021538
Delta,A1087V,-1.4854214
Delta,H1088N,-0.48182003
Delta,H1088Q,-1.1792436
Delta,H1088R,-0.21536987
Delta,H1088T,-0.36251283
Delta,H1088Y,-0.097913113
Delta,F1089C,-2.5005705
Delta,F1089I,-3.0825596
Delta,F1089L,-1.5847324
Delta,F1089N,-0.072475895
Delta,F1089S,-3.0945296
Delta,F1089V,-2.380795
Delta,F1089Y,-0.07068176999999998
Delta,P1090L,-0.44325715
Delta,P1090Q,-1.5443896
Delta,P1090S,-0.08493728
Delta,P1090T,-0.40446842
Delta,R1091C,-1.2955709
Delta,R1091G,-0.49003952
Delta,R1091H,-0.3331617
Delta,R1091K,-0.17886264000000002
Delta,R1091L,-0.6452926
Delta,R1091M,-0.24685951999999994
Delta,R1091S,0.11413417
Delta,R1091W,-1.217084
Delta,E1092A,-0.20669883
Delta,E1092D,0.01387060000000001
Delta,E1092G,-0.10481669999999998
Delta,E1092K,0.06945930000000011
Delta,E1092Q,-0.57103086
Delta,E1092V,-0.52558404
Delta,E1092*,-2.3521929
Delta,G1093E,-3.0471618
Delta,G1093R,-0.2567815400000001
Delta,G1093S,-0.30952180000000007
Delta,G1093V,-0.70066255
Delta,G1093*,-2.4395142
Delta,V1094A,-0.133432
Delta,V1094E,0.0
Delta,V1094F,0.034054075
Delta,V1094I,-0.24748733
Delta,V1094L,-3.5680273
Delta,V1094M,-0.20939050000000003
Delta,V1094T,-0.14916015
Delta,F1095I,-0.23801630000000001
Delta,F1095L,-0.5520659
Delta,F1095S,-2.0539634
Delta,F1095V,0.0
Delta,F1095Y,-0.26536232
Delta,V1096A,0.065537035
Delta,V1096E,-3.6799684
Delta,V1096F,-0.5513037000000001
Delta,V1096G,-2.1939452
Delta,V1096I,0.03582215999999999
Delta,V1096L,-0.23003885999999998
Delta,V1096M,-0.61753436
Delta,V1096-,0.0
Delta,S1097A,-0.16886021
Delta,S1097C,0.35555443
Delta,S1097G,-0.0774692
Delta,S1097I,-0.7998131
Delta,S1097L,0.041292023
Delta,S1097N,0.12386088
Delta,S1097P,0.0
Delta,S1097R,-0.12207744599999999
Delta,S1097T,-0.03755810000000004
Delta,S1097-,1.5170757
Delta,N1098D,0.22185825
Delta,N1098H,-0.43589327
Delta,N1098K,-0.015764657
Delta,N1098Q,-0.59287274
Delta,N1098S,-0.12499001
Delta,N1098T,0.1196187
Delta,N1098Y,0.0
Delta,N1098-,0.0
Delta,G1099C,-0.38960602
Delta,G1099D,-0.023269150000000016
Delta,G1099K,-0.31148365
Delta,G1099N,-0.25457478
Delta,G1099S,0.045295470000000004
Delta,G1099T,-0.4116396
Delta,G1099V,-0.23889281999999995
Delta,T1100A,-0.21469401400000002
Delta,T1100C,0.0
Delta,T1100D,0.0
Delta,T1100G,0.26107806
Delta,T1100I,-0.175033145
Delta,T1100K,-0.18799558
Delta,T1100N,-0.11748016
Delta,T1100S,-0.046644352
Delta,H1101D,0.19966273499999998
Delta,H1101E,-0.15557936
Delta,H1101L,-0.35240364
Delta,H1101N,-0.00035699600000000005
Delta,H1101P,0.0
Delta,H1101Q,-0.01549478
Delta,H1101R,0.17308703530000003
Delta,H1101Y,-0.08261626999999999
Delta,H1101-,0.0
Delta,W1102C,-6.8749747
Delta,W1102F,0.10774224199999999
Delta,W1102L,-0.5873538
Delta,W1102R,-2.4444017
Delta,W1102S,-2.387047
Delta,W1102T,-1.571064
Delta,W1102*,-3.5782316
Delta,F1103C,-0.86525977
Delta,F1103I,-0.7600881
Delta,F1103L,-0.14238584
Delta,F1103S,0.12088927
Delta,F1103Y,-0.26819784
Delta,V1104A,-0.32048383
Delta,V1104E,-0.42872334
Delta,V1104I,-0.15294057
Delta,V1104L,0.0314103
Delta,V1104M,0.181727537
Delta,T1105A,-3.3127987
Delta,T1105I,-1.6399926
Delta,T1105K,0.99847305
Delta,T1105N,-2.5067766
Delta,T1105S,-0.82290494
Delta,Q1106H,-3.8265753
Delta,Q1106K,-3.190784
Delta,Q1106L,-1.4464043
Delta,Q1106P,-0.6696736
Delta,Q1106R,-1.8206908
Delta,Q1106T,-2.4031725
Delta,Q1106*,-1.9042583
Delta,R1107G,-2.0979981
Delta,R1107K,-0.013389797000000002
Delta,R1107L,0.19798432
Delta,R1107M,0.022945665000000004
Delta,R1107N,-1.0510267
Delta,R1107S,-0.02346350000000008
Delta,R1107T,-3.1413407
Delta,R1107W,-2.0302405
Delta,N1108H,-0.08513135999999999
Delta,N1108I,0.21914271
Delta,N1108K,-0.12281934
Delta,N1108S,-0.5511242000000001
Delta,N1108T,-0.4171081000000001
Delta,N1108Y,-0.21863410000000005
Delta,F1109I,-0.2993562
Delta,F1109L,-0.10251714
Delta,F1109S,-2.2194355
Delta,F1109Y,-0.11115035000000001
Delta,Y1110C,-2.3082302
Delta,Y1110F,0.147752394
Delta,Y1110H,-0.4266436000000001
Delta,Y1110N,-2.346693
Delta,Y1110*,1.875294
Delta,E1111A,-0.5639069999999999
Delta,E1111D,-0.3205772
Delta,E1111G,-1.9111555
Delta,E1111K,-0.22924619999999996
Delta,E1111Q,0.06802694
Delta,E1111R,-2.494103
Delta,E1111T,-2.8631442
Delta,E1111V,-1.0608635000000002
Delta,E1111*,-1.7218804
Delta,P1112L,-0.5163925000000003
Delta,P1112Q,-0.41809476999999995
Delta,P1112R,-0.88384086
Delta,P1112S,-0.12653560000000008
Delta,P1112T,0.01772790000000013
Delta,P1112V,-3.056757
Delta,Q1113E,0.6283520699999999
Delta,Q1113H,0.16525011000000003
Delta,Q1113K,0.3522567
Delta,Q1113L,0.06667827000000001
Delta,Q1113M,-0.2304633
Delta,Q1113P,-0.0147142615
Delta,Q1113R,0.028296889999999963
Delta,Q1113S,-0.035627533
Delta,Q1113*,-3.156576
Delta,I1114F,-0.023240004
Delta,I1114L,0.07634941197
Delta,I1114M,0.07323993300000001
Delta,I1114N,-0.1782375
Delta,I1114P,0.20109132
Delta,I1114S,0.49662038
Delta,I1114T,-0.010183880000000006
Delta,I1114V,0.034969363
Delta,I1115C,-0.78369445
Delta,I1115F,-2.3575962
Delta,I1115L,0.13628790000000002
Delta,I1115M,-0.10080050999999998
Delta,I1115N,0.0
Delta,I1115T,-0.21176835000000005
Delta,I1115V,0.04712749
Delta,T1116A,-0.13737862
Delta,T1116I,-0.7400612
Delta,T1116N,0.010070103000000004
Delta,T1116S,-0.20969548999999998
Delta,T1116V,-2.7014437
Delta,T1117A,-0.27397083
Delta,T1117C,-0.23514013
Delta,T1117D,-0.03325425999999998
Delta,T1117E,-0.35103118
Delta,T1117F,-0.17005664000000004
Delta,T1117G,-0.6879875
Delta,T1117H,-0.08843750000000006
Delta,T1117I,-0.112031012
Delta,T1117K,0.06009586
Delta,T1117L,-0.024122980000000002
Delta,T1117M,-0.029424492000000003
Delta,T1117N,-0.055094058
Delta,T1117P,-0.38491962
Delta,T1117Q,-0.07069501
Delta,T1117R,-0.04040435000000003
Delta,T1117S,0.05558449999999998
Delta,T1117V,0.005746907999999995
Delta,T1117W,-0.18547009999999986
Delta,T1117Y,-0.21154593
Delta,T1117*,-5.151372
Delta,D1118A,0.23731089999999994
Delta,D1118C,-0.29399155000000005
Delta,D1118E,0.070582414
Delta,D1118F,-0.28079315000000005
Delta,D1118G,-0.041247035
Delta,D1118H,0.13484314
Delta,D1118I,-0.29093631999999997
Delta,D1118K,0.080369885
Delta,D1118L,-0.11036328000000001
Delta,D1118M,0.064782578
Delta,D1118N,-4.9882307
Delta,D1118P,-0.21294579999999996
Delta,D1118Q,0.24510515000000002
Delta,D1118R,0.29117659
Delta,D1118S,0.12473087
Delta,D1118T,-0.14210295
Delta,D1118V,0.31996202
Delta,D1118W,0.0005068000000000294
Delta,D1118Y,-0.16984860000000002
Delta,D1118*,-4.1888676
Delta,N1119D,-0.5447806
Delta,N1119H,-0.78888935
Delta,N1119I,-1.7991053
Delta,N1119K,-0.4334061899999999
Delta,N1119L,-2.2504916
Delta,N1119S,-0.81063825
Delta,T1120A,-0.15625292
Delta,T1120F,-2.6613047
Delta,T1120I,0.07750230000000013
Delta,T1120K,0.0
Delta,T1120N,0.9439044
Delta,T1120S,-0.21899853999999996
Delta,F1121C,-2.4820483
Delta,F1121I,-0.606176621
Delta,F1121L,-0.20170341000000003
Delta,F1121M,-0.25903824
Delta,F1121S,0.0
Delta,F1121V,-0.82507914
Delta,F1121Y,-0.36463788
Delta,V1122A,0.47469034
Delta,V1122C,-0.28741118
Delta,V1122E,0.11606088
Delta,V1122F,-0.265754805
Delta,V1122I,-0.20121598
Delta,V1122L,-0.284346427
Delta,V1122M,-0.21670865
Delta,S1123A,-0.34669382000000004
Delta,S1123C,-0.7490867
Delta,S1123F,-3.0277002
Delta,S1123L,-2.8168354
Delta,S1123N,-1.3073841
Delta,S1123P,-2.4385622
Delta,S1123T,-0.088874058
Delta,S1123Y,-0.4905675999999999
Delta,G1124A,-0.008885949999999976
Delta,G1124C,-0.3851286
Delta,G1124D,0.027521390000000007
Delta,G1124F,-0.28656784
Delta,G1124R,-0.80385786
Delta,G1124S,-0.124632223
Delta,G1124V,-0.24241155000000003
Delta,N1125D,-0.016915800000000036
Delta,N1125H,-0.30680144
Delta,N1125K,-0.12979601
Delta,N1125S,-0.28431007
Delta,N1125T,0.23496739999999994
Delta,N1125Y,-0.15627475999999996
Delta,C1126F,-2.286546
Delta,C1126G,0.0
Delta,C1126L,-3.1529613
Delta,C1126R,-2.4055438
Delta,C1126S,-2.8801856
Delta,C1126Y,-3.6972084
Delta,C1126*,-1.8337471
Delta,C1126-,0.0
Delta,D1127A,-0.20374183
Delta,D1127E,-0.10787997077617299
Delta,D1127G,-0.19515529599999998
Delta,D1127H,0.2867332
Delta,D1127N,-0.001841590000000004
Delta,D1127V,-1.0452886
Delta,D1127Y,-0.3192295
Delta,D1127-,0.0
Delta,V1128A,-0.83475429
Delta,V1128E,0.0
Delta,V1128F,0.016035839999999996
Delta,V1128G,0.0
Delta,V1128I,0.04335081000000002
Delta,V1128L,0.22776644399999998
Delta,V1128M,0.16057156
Delta,V1129A,-0.6808134
Delta,V1129E,-1.9869075
Delta,V1129G,-1.6745389
Delta,V1129I,-0.09786399600000001
Delta,V1129L,-0.8056560000000001
Delta,V1129M,-1.7806218
Delta,I1130L,-0.19743036999999997
Delta,I1130M,0.016342319999999994
Delta,I1130N,-0.92663693
Delta,I1130T,-0.36170336999999997
Delta,I1130V,-0.68441683
Delta,I1130-,-2.777273
Delta,G1131A,-0.7802449399999999
Delta,G1131C,-2.3036652
Delta,G1131D,-0.55930355
Delta,G1131E,-1.078769
Delta,G1131R,-3.1897235
Delta,G1131S,-1.252232
Delta,G1131V,-2.729203
Delta,I1132F,-1.7492342
Delta,I1132L,-0.5530093
Delta,I1132M,-0.47422156
Delta,I1132N,-2.695971
Delta,I1132S,-0.09291968
Delta,I1132T,-0.6227354999999999
Delta,I1132V,-0.67238224
Delta,I1132-,0.0
Delta,V1133A,0.026205199
Delta,V1133E,-0.29446182
Delta,V1133F,-0.3955765
Delta,V1133G,-1.6311225
Delta,V1133I,0.09449971272999999
Delta,V1133L,-0.45828564
Delta,V1133M,-0.07986789999999999
Delta,V1133-,0.0
Delta,N1134D,-0.013999600000000001
Delta,N1134H,0.2638013
Delta,N1134K,0.1194344
Delta,N1134S,-0.09270439
Delta,N1134Y,-0.225723166
Delta,N1134-,0.0
Delta,N1135D,0.03981246000000002
Delta,N1135H,0.286252
Delta,N1135I,0.17214784
Delta,N1135K,0.30661501
Delta,N1135S,0.085658744
Delta,N1135Y,-0.002273429999999965
Delta,T1136A,0.21918934
Delta,T1136I,-0.08601004000000001
Delta,T1136K,-0.185067516
Delta,T1136P,-0.18339523000000002
Delta,T1136Q,0.033539053
Delta,T1136S,0.13704207799999998
Delta,V1137A,-0.18714184
Delta,V1137D,0.0
Delta,V1137F,-0.8364929
Delta,V1137I,0.12094625
Delta,V1137M,-0.5332976
Delta,Y1138C,0.054968223
Delta,Y1138D,-0.009178193
Delta,Y1138F,0.344665304
Delta,Y1138H,-0.03841064999999999
Delta,Y1138L,0.32413188
Delta,Y1138N,-0.35476547
Delta,Y1138*,-3.2894752
Delta,D1139A,-0.1931242000000002
Delta,D1139C,0.0
Delta,D1139E,-0.19712949999999996
Delta,D1139G,-0.22007924999999995
Delta,D1139H,-0.03102872999999995
Delta,D1139I,-3.4907026
Delta,D1139N,0.021502030000000005
Delta,D1139V,-1.3733538
Delta,D1139Y,0.02166336
Delta,D1139-,0.0
Delta,P1140A,-0.14798874000000006
Delta,P1140L,0.004558135000000005
Delta,P1140Q,0.056453800000000054
Delta,P1140S,0.22562541
Delta,P1140T,0.22850095
Delta,P1140-,-0.0540201
Delta,L1141F,0.16687249999999998
Delta,L1141H,-0.4361084
Delta,L1141I,0.49847784
Delta,L1141P,-0.26024270000000005
Delta,L1141S,-0.34562647
Delta,L1141W,0.041648522
Delta,L1141-,-1.5238354
Delta,Q1142H,-1.259189
Delta,Q1142K,-0.07358478
Delta,Q1142L,-0.6278997
Delta,Q1142M,-0.7331377
Delta,Q1142R,-0.048577830000000044
Delta,Q1142*,-2.2220416
Delta,Q1142-,-0.91399384
Delta,P1143A,0.8176495
Delta,P1143H,0.30548538999999997
Delta,P1143L,-0.038201980000000024
Delta,P1143N,0.0
Delta,P1143S,0.2821726
Delta,P1143T,0.26672614
Delta,P1143-,0.0
Delta,E1144A,0.3385241
Delta,E1144D,0.04179054999999998
Delta,E1144G,0.3045164
Delta,E1144K,0.012792620000000005
Delta,E1144Q,0.00653349999999997
Delta,E1144S,0.024081424
Delta,E1144V,0.11220732
Delta,E1144*,-3.1219077
Delta,L1145M,-0.13825619
Delta,L1145P,-1.3050362
Delta,L1145Q,-2.23487
Delta,L1145S,-0.44213814
Delta,L1145V,-0.010669261
Delta,D1146A,-0.2308636
Delta,D1146E,-0.30726328999999997
Delta,D1146G,-0.5820153
Delta,D1146H,0.06024325
Delta,D1146N,-0.21235245
Delta,D1146Y,-0.17665900000000012
Delta,S1147A,0.172269887
Delta,S1147F,-0.93418324
Delta,S1147L,0.015560299999999971
Delta,S1147P,-1.9497826
Delta,S1147T,0.017259765
Delta,S1147Y,-0.008346439999999955
Delta,F1148I,0.28544229
Delta,F1148L,0.18411055999999998
Delta,F1148S,-4.1389337
Delta,F1148V,-0.38471904
Delta,F1148Y,0.26854914
Delta,K1149E,-0.78201499
Delta,K1149G,0.0
Delta,K1149M,-0.49888262
Delta,K1149N,-0.6932560999999999
Delta,K1149Q,0.035802275
Delta,K1149R,-0.18959383400000002
Delta,K1149T,0.0
Delta,K1149*,0.0
Delta,E1150A,0.11081630000000003
Delta,E1150D,0.03802025
Delta,E1150G,0.444447601
Delta,E1150K,-0.019019430000000004
Delta,E1150Q,0.135358718
Delta,E1150S,0.0
Delta,E1150V,-0.4938782
Delta,E1150*,-3.8534334
Delta,E1151A,0.0
Delta,E1151D,0.36128783
Delta,E1151G,-0.43788716
Delta,E1151K,0.11018340999999998
Delta,E1151Q,-0.4179849
Delta,E1151V,0.32055685
Delta,E1151*,-3.4720333
Delta,L1152F,0.018666094
Delta,L1152M,0.16509801
Delta,L1152P,-3.7043839
Delta,L1152Q,0.0
Delta,D1153A,-0.21466861799999998
Delta,D1153E,-0.58307829
Delta,D1153G,-0.25876867
Delta,D1153H,-0.07678933000000002
Delta,D1153N,0.007386046
Delta,D1153V,0.2519318084
Delta,D1153Y,-0.16520874
Delta,K1154E,0.11872474
Delta,K1154G,0.7201051
Delta,K1154I,0.15967725900000002
Delta,K1154N,0.25999197
Delta,K1154Q,0.0
Delta,K1154R,-0.09453618
Delta,K1154T,0.1727193
Delta,Y1155C,0.6286901
Delta,Y1155F,-0.25071248
Delta,Y1155H,0.24052778819999998
Delta,Y1155N,-0.61490464
Delta,Y1155*,-1.5858543
Delta,F1156L,-0.044353439999999994
Delta,F1156S,-0.12228416
Delta,F1156V,0.0
Delta,F1156Y,0.8855171
Delta,K1157E,-0.15515442000000002
Delta,K1157M,0.3627277
Delta,K1157N,-0.07448601999999999
Delta,K1157Q,0.0
Delta,K1157R,0.10450689000000002
Delta,K1157T,-0.13218342
Delta,K1157*,-1.9099568
Delta,N1158D,0.17245344
Delta,N1158H,-0.191893654
Delta,N1158K,0.265814
Delta,N1158S,0.03246196999999995
Delta,N1158T,-0.07339013000000003
Delta,N1158Y,0.14980533999999995
Delta,H1159L,0.12527936
Delta,H1159N,-0.0795962967
Delta,H1159Q,0.37310922
Delta,H1159R,0.0763600297
Delta,H1159S,0.0
Delta,H1159Y,-0.29511589
Delta,T1160A,-0.2332186599999999
Delta,T1160I,-0.13958147999999998
Delta,T1160K,0.2844919
Delta,T1160N,-0.36369884
Delta,T1160S,0.12130437
Delta,S1161A,-0.012125016000000002
Delta,S1161C,-0.51046574
Delta,S1161G,-0.05462547
Delta,S1161I,-0.7889389
Delta,S1161K,0.0
Delta,S1161L,-0.08738968
Delta,S1161N,-0.28084749999999997
Delta,S1161P,-0.19216667
Delta,S1161R,0.12140087
Delta,S1161T,0.0015018634
Delta,P1162A,0.016223537
Delta,P1162H,-0.15143824
Delta,P1162L,0.08514876000000002
Delta,P1162Q,0.093138373
Delta,P1162R,0.06417049
Delta,P1162S,0.28645345
Delta,P1162T,0.066830841
Delta,D1163A,-0.078969182
Delta,D1163C,-0.22901777
Delta,D1163E,-0.0283339
Delta,D1163F,-0.42131569
Delta,D1163G,-0.0888669068
Delta,D1163H,-0.333655156
Delta,D1163I,-0.13315984000000003
Delta,D1163K,-0.43877844
Delta,D1163L,-0.29802475199999995
Delta,D1163M,-0.23377567000000002
Delta,D1163N,-0.0750056919
Delta,D1163P,0.128792915
Delta,D1163Q,0.006066054
Delta,D1163R,-0.232939438
Delta,D1163S,-0.09102119
Delta,D1163T,-0.16126423
Delta,D1163V,-0.11263355000000001
Delta,D1163W,-0.26499352
Delta,D1163Y,-0.07766976999999997
Delta,D1163*,-5.7859316
Delta,V1164A,0.434000242
Delta,V1164E,0.1911584
Delta,V1164F,0.662126972
Delta,V1164I,0.08399947799999999
Delta,V1164L,0.017729994
Delta,V1164M,0.058663432532166
Delta,V1164S,0.0
Delta,D1165A,0.054163318
Delta,D1165E,-0.23918071400000002
Delta,D1165G,0.08319049
Delta,D1165H,-0.253032786
Delta,D1165N,-0.045353459
Delta,D1165V,-0.08885032
Delta,D1165Y,0.21929563000000002
Delta,L1166F,0.12152054
Delta,L1166M,0.0798935491
Delta,L1166P,0.0832112
Delta,L1166Q,0.1950327
Delta,L1166R,-0.66138935
Delta,L1166V,0.24890107
Delta,G1167A,0.220867086
Delta,G1167C,-0.45954150000000005
Delta,G1167D,-0.056081776
Delta,G1167E,-0.021510089999999996
Delta,G1167F,-0.25971502
Delta,G1167H,-0.018359840000000002
Delta,G1167I,-0.18979459
Delta,G1167K,0.095516756
Delta,G1167L,-0.226355247
Delta,G1167M,-0.130894243
Delta,G1167N,0.20324673
Delta,G1167P,0.019252666
Delta,G1167Q,0.078773008
Delta,G1167R,0.09814019
Delta,G1167S,0.09735862102659999
Delta,G1167T,0.086742178
Delta,G1167V,-0.081049721
Delta,G1167W,-0.23147231
Delta,G1167Y,-0.26216166
Delta,G1167*,-4.8612156
Delta,G1167-,-0.63215375
Delta,D1168A,0.12993121800000001
Delta,D1168E,0.096544126
Delta,D1168G,0.14011789500000002
Delta,D1168H,0.09239432
Delta,D1168N,-0.13194635000000002
Delta,D1168V,-0.032711122
Delta,D1168Y,0.05543233
Delta,D1168-,-0.7683606
Delta,I1169F,-0.18173205
Delta,I1169L,-0.07380287
Delta,I1169N,0.23796122
Delta,I1169T,0.01566057999999998
Delta,I1169V,-0.167024454
Delta,I1169-,1.1956104
Delta,S1170A,0.14078389
Delta,S1170C,-0.91287434
Delta,S1170F,0.18310330999999996
Delta,S1170H,0.0
Delta,S1170P,0.058178990000000014
Delta,S1170T,-0.1726045
Delta,S1170Y,-0.0513643
Delta,G1171A,-0.070385166
Delta,G1171C,-0.26094779
Delta,G1171D,-0.096614788
Delta,G1171F,0.0
Delta,G1171I,0.0
Delta,G1171K,-0.4327061
Delta,G1171R,-0.10781273
Delta,G1171S,0.058324429000000004
Delta,G1171V,-0.032041184
Delta,G1171-,-0.17932169
Delta,I1172F,0.05188722
Delta,I1172L,0.17718317
Delta,I1172M,0.053339154
Delta,I1172N,0.42868108
Delta,I1172S,-0.82263476
Delta,I1172T,-0.8226135
Delta,I1172V,0.054088165
Delta,I1172-,0.07852238
Delta,N1173C,0.0
Delta,N1173D,-0.320703276
Delta,N1173H,0.029487556
Delta,N1173I,-0.69141674
Delta,N1173K,0.22851474500000002
Delta,N1173M,-0.42499802
Delta,N1173S,-0.18488508
Delta,N1173T,-0.09239848
Delta,N1173Y,-0.441307
Delta,N1173-,-1.4682627
Delta,A1174D,-0.11401523
Delta,A1174L,0.16198926
Delta,A1174P,-0.7412084
Delta,A1174S,0.08905725999999999
Delta,A1174T,0.058040056
Delta,A1174V,-0.176548605
Delta,A1174-,0.0
Delta,S1175A,-0.8751918999999999
Delta,S1175C,0.0
Delta,S1175F,-0.25351495
Delta,S1175L,-1.5616001
Delta,S1175P,-0.59701645
Delta,S1175Q,-0.2750984
Delta,S1175T,0.0440470457
Delta,S1175Y,-0.20285441
Delta,S1175-,0.0
Delta,V1176A,-0.5702313699999999
Delta,V1176C,-0.7658405946
Delta,V1176D,-0.61728672
Delta,V1176E,-1.0958013700000002
Delta,V1176F,-0.179498614
Delta,V1176G,-0.61063355
Delta,V1176H,-0.60817173
Delta,V1176I,-0.03428776
Delta,V1176K,-0.38125858
Delta,V1176L,-0.16420868500000002
Delta,V1176M,0.05897499
Delta,V1176N,-0.5384726
Delta,V1176P,-0.8737321499999999
Delta,V1176Q,-0.31112463
Delta,V1176R,-1.01770203
Delta,V1176S,-0.9443296999999999
Delta,V1176T,-0.60998565
Delta,V1176W,-0.058085446
Delta,V1176Y,-0.50801285
Delta,V1176*,-1.8586677
Delta,V1176-,0.5124474
Delta,V1177A,-0.079821587
Delta,V1177E,0.13346587
Delta,V1177I,0.09870991500000001
Delta,V1177L,0.027556099
Delta,V1177M,0.04484073
Delta,V1177-,0.0
Delta,N1178D,-0.13254985
Delta,N1178G,0.0
Delta,N1178H,0.09031336
Delta,N1178I,0.5672041
Delta,N1178K,-0.066149825
Delta,N1178R,-0.13148013
Delta,N1178S,-0.63888510165
Delta,N1178T,0.043696076
Delta,N1178Y,0.09512025
Delta,N1178-,0.0
Delta,I1179F,0.2610473
Delta,I1179H,-0.63647765
Delta,I1179L,-0.099580165
Delta,I1179M,0.34338072
Delta,I1179N,-1.3170888
Delta,I1179T,-0.46807556
Delta,I1179V,-0.1026859
Delta,I1179-,0.0
Delta,Q1180E,0.19885373
Delta,Q1180H,-0.2805136517
Delta,Q1180K,0.032803925
Delta,Q1180L,-0.089027725
Delta,Q1180N,-0.26153126
Delta,Q1180P,-1.5881935
Delta,Q1180R,0.21943817499999999
Delta,Q1180S,-0.06132861
Delta,Q1180*,-3.3176858
Delta,Q1180-,0.0
Delta,K1181E,-0.33684944499999997
Delta,K1181I,-0.1643262164
Delta,K1181M,0.0
Delta,K1181N,-0.044086404
Delta,K1181Q,-0.5498243700000001
Delta,K1181R,-0.12154424199999998
Delta,K1181T,0.028219079999999994
Delta,K1181*,0.0
Delta,K1181-,-2.02084275
Delta,E1182D,0.21735175
Delta,E1182G,-0.40799588400000003
Delta,E1182I,-1.9477736
Delta,E1182K,0.003372235000000001
Delta,E1182Q,-0.21108891
Delta,E1182V,-0.8818678
Delta,E1182*,-2.6189363
Delta,E1182-,0.0
Delta,I1183F,-0.3172776
Delta,I1183L,-0.017901283
Delta,I1183M,0.16455509
Delta,I1183N,-2.6357653
Delta,I1183T,-1.8733802
Delta,I1183V,-0.09168934000000001
Delta,I1183-,0.0
Delta,D1184E,0.266215824
Delta,D1184G,0.04515164000000001
Delta,D1184H,0.064457558
Delta,D1184I,0.0
Delta,D1184M,0.115450405
Delta,D1184N,-0.26248967
Delta,D1184T,0.03673659
Delta,D1184Y,-0.15291048499999998
Delta,D1184-,0.0
Delta,R1185C,0.09805372600000001
Delta,R1185G,-0.43181160199999996
Delta,R1185H,-0.06262554
Delta,R1185I,-0.18492268
Delta,R1185K,0.27624413
Delta,R1185L,0.014514367
Delta,R1185N,-0.0048688455
Delta,R1185S,-0.20288823
Delta,R1185T,0.18104711
Delta,R1185*,-1.4279982
Delta,R1185-,0.0
Delta,L1186F,-0.011670526
Delta,L1186I,-0.7031030300000001
Delta,L1186M,-0.047940217
Delta,L1186P,-2.7502277
Delta,L1186Q,0.0
Delta,L1186R,0.0
Delta,L1186V,-0.685291
Delta,L1186-,0.0
Delta,N1187D,-0.13735798999999999
Delta,N1187H,0.088375464
Delta,N1187I,-0.09413316000000001
Delta,N1187K,-0.06258585000000001
Delta,N1187S,-0.02285223
Delta,N1187T,-0.09762909
Delta,N1187Y,-0.19581211
Delta,N1187-,0.0
Delta,E1188A,0.12301573900000001
Delta,E1188D,-0.15371653500000002
Delta,E1188G,-0.13122117
Delta,E1188K,-0.043954589
Delta,E1188N,0.07370903
Delta,E1188Q,-0.09374745
Delta,E1188R,-0.09649811
Delta,E1188S,-0.09106112
Delta,E1188V,0.01825173
Delta,E1188*,-3.4620595
Delta,E1188-,0.0
Delta,V1189A,-0.39796363
Delta,V1189E,0.15295726
Delta,V1189F,0.07687801
Delta,V1189I,0.09969243
Delta,V1189L,0.108039784
Delta,V1189M,-0.052097185
Delta,V1189T,0.0
Delta,V1189-,0.0
Delta,A1190D,-0.24572792000000002
Delta,A1190G,0.0
Delta,A1190S,-0.1300579
Delta,A1190T,0.0396063674
Delta,A1190V,-0.38873809
Delta,A1190-,0.0
Delta,K1191A,0.083479434
Delta,K1191C,-0.082152569
Delta,K1191D,-0.49678690999999997
Delta,K1191E,-0.32383757
Delta,K1191F,-0.06616129800000001
Delta,K1191G,-0.65184676
Delta,K1191H,0.06038183
Delta,K1191I,-0.07324856099999999
Delta,K1191L,-0.0207331017
Delta,K1191M,0.204292747
Delta,K1191N,-0.0504734
Delta,K1191P,-6.359073
Delta,K1191Q,-0.10323215000000001
Delta,K1191R,-0.05876965
Delta,K1191S,-0.0476519
Delta,K1191T,-0.21536824
Delta,K1191V,-0.28788382
Delta,K1191W,-0.32931617
Delta,K1191Y,-0.20265468
Delta,K1191*,-5.218946
Delta,K1191-,0.0
Delta,N1192D,-0.165464124
Delta,N1192H,-0.014143481
Delta,N1192I,-0.067880884
Delta,N1192K,-0.12860919999999998
Delta,N1192Q,-0.027614994
Delta,N1192S,0.01542373000000001
Delta,N1192T,-0.0174801414
Delta,N1192Y,0.05010781300000001
Delta,N1192-,-0.65245426
Delta,L1193F,0.02521874
Delta,L1193I,0.0
Delta,L1193M,-0.068810895
Delta,L1193P,-3.8315482
Delta,L1193Q,0.0
Delta,L1193V,0.0
Delta,N1194D,-0.56993737
Delta,N1194H,-0.6247015
Delta,N1194I,-0.9863756
Delta,N1194K,-0.9541561
Delta,N1194S,-0.0021003200000000444
Delta,N1194T,-0.40031964
Delta,N1194Y,-0.55579648
Delta,E1195A,-0.136892234
Delta,E1195D,0.019993694999999992
Delta,E1195G,-0.07829563
Delta,E1195K,0.06614808999999999
Delta,E1195Q,-0.07036095
Delta,E1195R,0.0
Delta,E1195S,-0.12516103999999997
Delta,E1195V,0.10772005000000001
Delta,E1195*,-1.8398265
Delta,S1196A,-0.13515168
Delta,S1196C,0.0
Delta,S1196F,-0.5598910399999999
Delta,S1196T,-0.08433769
Delta,S1196Y,-1.0748096
Delta,L1197F,-0.020040842
Delta,L1197I,0.053717215
Delta,L1197M,-0.154464557
Delta,L1197P,-6.2466254
Delta,L1197Q,0.0
Delta,L1197R,-0.7920804
Delta,L1197S,-1.4528173
Delta,I1198F,-0.45688084
Delta,I1198K,0.0
Delta,I1198M,0.0
Delta,I1198N,-0.34196037
Delta,I1198R,0.0
Delta,I1198S,-0.10982112
Delta,I1198T,-0.45173367000000003
Delta,I1198V,-0.15300282099999998
Delta,D1199A,-0.25342602
Delta,D1199E,-0.14484292
Delta,D1199G,-0.17688868
Delta,D1199H,-0.3179798300000001
Delta,D1199N,-0.023246340000000004
Delta,D1199S,-0.15834558
Delta,D1199V,-0.30889031999999994
Delta,D1199Y,-0.10996147
Delta,L1200F,-0.48262343
Delta,L1200H,-0.36424643
Delta,L1200I,-0.10871896
Delta,L1200P,-1.0956621
Delta,L1200V,-0.5829767840000001
Delta,Q1201E,0.23652129
Delta,Q1201H,-0.041842631
Delta,Q1201K,-0.008425934
Delta,Q1201L,0.09554930000000003
Delta,Q1201N,-0.07360725
Delta,Q1201R,-0.086378776
Delta,Q1201*,-1.9232143
Delta,E1202A,-0.02986071
Delta,E1202D,-0.116634921
Delta,E1202G,-0.3767507
Delta,E1202K,-0.3837637
Delta,E1202Q,-0.2107171
Delta,E1202S,-0.27959213
Delta,E1202V,-0.11636631999999997
Delta,E1202*,-2.212902
Delta,L1203F,-0.20496462
Delta,L1203H,-3.5299137
Delta,L1203I,-0.09402725
Delta,L1203M,-0.041250976
Delta,L1203P,-1.2080753
Delta,L1203Q,-1.7544903
Delta,L1203V,-0.17650568
Delta,G1204A,-0.054764956
Delta,G1204C,-0.61568554
Delta,G1204D,-0.13446192
Delta,G1204E,-0.5692308500000001
Delta,G1204R,-0.42699203
Delta,G1204S,-0.19080684
Delta,G1204V,-0.47771045
Delta,K1205E,0.35647011
Delta,K1205N,0.15591615
Delta,K1205Q,0.095464446
Delta,K1205R,-0.128952539
Delta,K1205T,-0.042711813
Delta,Y1206C,-0.8993256
Delta,Y1206D,0.0
Delta,Y1206F,0.04115699
Delta,Y1206H,-0.2678085
Delta,Y1206N,-0.5222297
Delta,E1207A,-0.11024457
Delta,E1207D,0.06444444
Delta,E1207G,-0.708564865
Delta,E1207K,-0.31704050000000006
Delta,E1207Q,0.0
Delta,E1207V,-0.06954974
Delta,E1207*,-2.99997
Delta,Q1208E,0.08445079999999999
Delta,Q1208H,-0.09260779999999999
Delta,Q1208K,-0.13854290000000002
Delta,Q1208L,-0.20559597
Delta,Q1208R,-0.95122606
Delta,Q1208Y,0.2874039
Delta,Q1208*,-2.9129338
Delta,Y1209C,-1.7173686
Delta,Y1209D,-0.24620564
Delta,Y1209F,-0.38929325
Delta,Y1209H,-0.89819765
Delta,Y1209I,0.0
Delta,Y1209N,-1.3660536
Delta,Y1209*,-2.2844617
Delta,I1210F,0.0
Delta,I1210L,-0.07143589
Delta,I1210M,-0.178912841
Delta,I1210N,-0.99081755
Delta,I1210S,0.0
Delta,I1210T,-0.39297542
Delta,I1210V,-0.27455981799999996
Delta,K1211E,-1.4593929
Delta,K1211M,-0.4694306
Delta,K1211N,-0.5376953
Delta,K1211Q,-0.20688233
Delta,K1211R,-0.25573575
Delta,K1211T,0.0
Delta,K1211*,0.0
Delta,W1212C,-1.5333171
Delta,W1212G,-0.7204082
Delta,W1212L,-0.8580675
Delta,W1212R,-1.9460702
Delta,W1212*,-3.5927405
Delta,W1212-,-0.86358297
Delta,P1213L,-1.03310506
Delta,P1213Q,-0.3327557
Delta,P1213R,-1.1959106
Delta,P1213S,-0.7386108
Delta,P1213T,-2.0714474
Delta,P1213-,-0.87448627
Delta,W1214C,-0.7256503999999999
Delta,W1214F,-0.54105073
Delta,W1214G,-0.6901409700000001
Delta,W1214L,-0.65455226
Delta,W1214R,-2.138795
Delta,W1214*,-3.8071675
Delta,W1214-,-0.5298137
Delta,Y1215C,-3.1953013
Delta,Y1215D,0.0
Delta,Y1215F,-0.20488235
Delta,Y1215H,-0.49497687
Delta,Y1215N,-0.7897665
Delta,Y1215*,-2.6110437
Delta,I1216F,-0.58907476
Delta,I1216L,-0.287697833
Delta,I1216M,-0.41971528
Delta,I1216N,-0.049661685
Delta,I1216R,0.0
Delta,I1216S,-0.03668373
Delta,I1216T,-0.071494155
Delta,I1216V,-0.020674266000000004
Delta,I1216-,-0.86137784
Delta,W1217C,-0.03173809999999999
Delta,W1217G,0.0
Delta,W1217L,-0.44928294999999996
Delta,W1217R,-0.7049258199999999
Delta,W1217S,-2.661956
Delta,W1217*,-5.38722
Delta,L1218I,0.29951471999999996
Delta,L1218M,-0.1786050765
Delta,L1218P,-0.41366627000000006
Delta,L1218R,-1.5558087
Delta,L1218V,-0.44409198
Delta,L1218-,-0.5641498
Delta,G1219A,0.11432041999999999
Delta,G1219C,0.02138234
Delta,G1219D,-0.48627567000000005
Delta,G1219E,-0.33739328
Delta,G1219F,-0.09946734
Delta,G1219H,-0.36764023
Delta,G1219I,-0.17454703
Delta,G1219K,-0.46053853999999994
Delta,G1219L,0.006005981999999999
Delta,G1219M,-0.035902379999999984
Delta,G1219N,-0.23782897
Delta,G1219P,-0.14439082000000003
Delta,G1219Q,0.097549961
Delta,G1219R,-0.6180369000000001
Delta,G1219S,-0.13730309
Delta,G1219T,0.059600037
Delta,G1219V,-0.0335266615
Delta,G1219W,-0.30192837
Delta,G1219Y,0.04759640000000004
Delta,G1219*,-4.0482574
Delta,G1219-,-0.31560695
Delta,F1220C,0.0
Delta,F1220I,-0.754984614
Delta,F1220L,-0.3939488
Delta,F1220S,-0.8609109999999999
Delta,F1220V,0.026577607
Delta,F1220Y,-1.7906123
Delta,I1221F,0.0
Delta,I1221L,0.025149197
Delta,I1221M,-0.19646902
Delta,I1221N,0.317845854
Delta,I1221S,-0.43459603
Delta,I1221T,0.036909612
Delta,I1221V,-0.087473254
Delta,I1221Y,-1.0171685
Delta,I1221-,0.6643251
Delta,A1222D,0.40738833999999996
Delta,A1222S,0.0002603594000000001
Delta,A1222T,-0.06341778569999999
Delta,A1222V,-0.27306856999999995
Delta,A1222-,0.34764615
Delta,G1223C,-0.53124149
Delta,G1223E,-0.6170792999999999
Delta,G1223R,-5.8375735
Delta,G1223S,-0.49366175
Delta,G1223V,-0.43293792
Delta,G1223W,-0.81962717
Delta,G1223*,-3.1543298
Delta,G1223-,-0.0427139
Delta,L1224F,-0.152106746
Delta,L1224M,-0.0045666154
Delta,L1224P,-1.6853769
Delta,L1224Q,-0.55691373
Delta,L1224S,-0.1242866
Delta,L1224V,-0.024298081
Delta,L1224-,-0.26360023
Delta,I1225F,0.1352367
Delta,I1225L,-0.05576012700000001
Delta,I1225M,0.08525433
Delta,I1225N,0.18324997
Delta,I1225S,-0.347600314
Delta,I1225T,-0.294862994
Delta,I1225V,0.10727283
Delta,I1225-,1.266962
Delta,A1226D,-0.8788248
Delta,A1226E,-2.5502045
Delta,A1226G,0.0
Delta,A1226P,0.0
Delta,A1226S,0.03412614000000003
Delta,A1226T,0.059204012
Delta,A1226V,-0.16885079079999998
Delta,A1226-,-2.2627175
Delta,I1227K,-4.053437
Delta,I1227L,-0.077489062
Delta,I1227M,0.129513655
Delta,I1227N,-1.8326243
Delta,I1227S,0.0
Delta,I1227T,-0.22845140000000003
Delta,I1227V,-0.25112204
Delta,I1227-,0.43955755
Delta,V1228A,0.07193693
Delta,V1228C,-0.25801158
Delta,V1228D,-1.562037082
Delta,V1228E,-0.6710069450999999
Delta,V1228F,0.004075229
Delta,V1228G,0.0652315
Delta,V1228H,-0.008617170000000007
Delta,V1228I,0.014532009
Delta,V1228K,-0.64267635
Delta,V1228L,0.005786090000000001
Delta,V1228M,0.044593666
Delta,V1228N,-0.612379
Delta,V1228P,-0.2804512
Delta,V1228Q,-0.48335144999999996
Delta,V1228R,-7.996623
Delta,V1228S,-0.133168737
Delta,V1228T,-0.021973332
Delta,V1228W,-0.34037957
Delta,V1228Y,-0.47254377399999997
Delta,V1228*,-4.700339
Delta,V1228-,-0.50291336
Delta,M1229I,-0.11807216
Delta,M1229K,-0.9611959000000001
Delta,M1229L,0.04279861500000001
Delta,M1229T,0.205483365
Delta,M1229V,-0.08050696
Delta,M1229-,-0.63866043
Delta,V1230A,0.033544123
Delta,V1230E,0.0
Delta,V1230F,0.4629174
Delta,V1230G,0.08946658
Delta,V1230L,-0.017435565
Delta,V1230M,-0.0014974069999999992
Delta,V1230T,-0.6163021
Delta,V1230-,-0.43258828
Delta,T1231A,0.07016182
Delta,T1231I,-0.29986622
Delta,T1231K,-1.3740537
Delta,T1231N,0.16522726
Delta,T1231P,-0.06457602
Delta,T1231S,-0.021100070800000002
Delta,T1231-,0.17814076
Delta,I1232F,0.17129818000000002
Delta,I1232K,-0.22670574
Delta,I1232L,-0.23209026
Delta,I1232M,0.37810226
Delta,I1232R,-0.5889148
Delta,I1232S,-0.09521288
Delta,I1232T,-0.091775246
Delta,I1232V,0.0035059220000000016
Delta,I1232-,-0.18707417
Delta,M1233I,-0.13877736
Delta,M1233K,-1.4146215
Delta,M1233L,0.10375755
Delta,M1233Q,-0.848318
Delta,M1233T,0.024217729999999993
Delta,M1233V,0.018131115
Delta,M1233-,-0.37280288
Delta,L1234F,0.023007235
Delta,L1234I,-0.08627490700000001
Delta,L1234M,0.02271346
Delta,L1234P,-0.42152068
Delta,L1234Q,-0.49546367
Delta,L1234R,-0.9304101
Delta,L1234V,-0.05175051
Delta,C1235F,-0.026261390000000003
Delta,C1235G,-0.43493629
Delta,C1235L,-0.11513851
Delta,C1235R,-0.13368163
Delta,C1235S,-0.20844226
Delta,C1235Y,-0.26566350000000005
Delta,C1235*,-2.8067412
Delta,C1235-,0.8852476
Delta,C1236F,-0.29350441299999996
Delta,C1236G,0.20911324
Delta,C1236R,-1.2162517800000001
Delta,C1236S,-0.38659915
Delta,C1236Y,-0.8236609699999999
Delta,C1236*,-1.5418905
Delta,C1236-,-0.4725206
Delta,M1237I,-0.001613243379154
Delta,M1237K,-0.71244356
Delta,M1237L,0.245830156
Delta,M1237R,-1.2382027
Delta,M1237T,-0.2456342486
Delta,M1237V,0.027995021000000002
Delta,M1237-,0.71450776
Delta,T1238A,-0.043787106
Delta,T1238I,-0.191815036
Delta,T1238K,0.089866094
Delta,T1238N,-0.39520043000000005
Delta,T1238S,0.3204633
Delta,T1238-,-0.35389397
Delta,S1239A,0.0
Delta,S1239C,-0.5082432582
Delta,S1239F,0.11566563
Delta,S1239G,-0.04518330500000001
Delta,S1239I,-0.6859
Delta,S1239N,-0.4012294
Delta,S1239P,-0.29689400000000005
Delta,S1239R,-0.5668474
Delta,S1239T,-0.03187047
Delta,S1239Y,-0.41234055
Delta,S1239-,-0.46019924
Delta,C1240F,-0.12042643
Delta,C1240G,-0.416169
Delta,C1240R,-0.7091039800000001
Delta,C1240S,-0.6548231
Delta,C1240Y,-0.2868605
Delta,C1240*,-2.1979153
Delta,C1240-,-0.6170327
Delta,C1241F,-0.23980771
Delta,C1241G,-0.21698207
Delta,C1241N,-0.72768754
Delta,C1241R,-1.3109403
Delta,C1241S,-0.033855700000000044
Delta,C1241V,-0.15864870000000003
Delta,C1241W,0.0
Delta,C1241Y,-0.36462379999999994
Delta,C1241*,-1.17642654
Delta,C1241-,-0.029130159
Delta,S1242C,0.0563329903878
Delta,S1242F,0.13945739
Delta,S1242G,-0.057983715
Delta,S1242I,0.12005922100000001
Delta,S1242K,-0.09618731
Delta,S1242N,-0.04859925999999999
Delta,S1242P,-0.8488447
Delta,S1242R,0.031280443
Delta,S1242T,0.14042891899999999
Delta,S1242V,-0.29905993
Delta,S1242Y,-0.12295663000000001
Delta,S1242-,0.5738393
Delta,C1243F,-0.06660541
Delta,C1243G,-0.10019958
Delta,C1243R,-0.5755393
Delta,C1243S,-0.49259
Delta,C1243V,-0.16400896
Delta,C1243W,-0.25909212
Delta,C1243Y,-0.38656425
Delta,C1243*,-0.6938334
Delta,C1243-,-0.7584797
Delta,L1244F,0.166922176
Delta,L1244H,-0.07135687
Delta,L1244I,0.005166174
Delta,L1244M,-0.18227224
Delta,L1244N,0.23339865
Delta,L1244P,-0.25159818
Delta,L1244Q,-0.55711454
Delta,L1244R,-0.09825047
Delta,L1244S,0.46195588
Delta,L1244V,0.059536114
Delta,L1244-,-0.10744233
Delta,K1245E,-0.12639894
Delta,K1245I,0.0
Delta,K1245M,-0.050984897
Delta,K1245N,-0.038959924
Delta,K1245Q,-0.3364041
Delta,K1245R,-0.0044293029999999955
Delta,K1245T,-0.3370878
Delta,K1245Y,0.013955189
Delta,K1245*,-0.047810584
Delta,K1245-,0.13768321
Delta,G1246A,-0.62544984
Delta,G1246C,-0.204712365
Delta,G1246D,-0.054825559999999995
Delta,G1246E,0.0
Delta,G1246F,0.0
Delta,G1246S,0.14247521
Delta,G1246V,-0.17162526
Delta,G1246-,0.036166184
Delta,C1247F,-0.11497163
Delta,C1247G,-0.16492901159999998
Delta,C1247L,-0.872314
Delta,C1247R,-0.35625932654
Delta,C1247S,-0.01230282000000002
Delta,C1247V,0.0
Delta,C1247W,-0.11722339999999998
Delta,C1247Y,-0.50433962
Delta,C1247*,-0.28390422
Delta,C1247-,-0.07370536
Delta,C1248F,-0.25685579999999997
Delta,C1248G,-0.011887229999999999
Delta,C1248I,-0.07837102
Delta,C1248L,-0.1431577
Delta,C1248R,-0.22602215
Delta,C1248S,-0.25801644
Delta,C1248V,-0.03351821000000002
Delta,C1248W,-0.200281955
Delta,C1248Y,-0.3559661
Delta,C1248*,0.27842364
Delta,C1248-,0.10370659
Delta,S1249A,0.018207898
Delta,S1249C,-0.014018192
Delta,S1249F,-0.17852051400000002
Delta,S1249P,-0.058416209999999996
Delta,S1249R,0.0
Delta,S1249T,0.0686975956
Delta,S1249V,0.0
Delta,S1249Y,-0.11042699199999999
Delta,S1249*,-0.13185406
Delta,S1249-,0.04070978
Delta,C1250F,0.12228825000000001
Delta,C1250G,-0.21037105
Delta,C1250L,-0.109889818
Delta,C1250R,0.018254083
Delta,C1250S,-0.24230426300000002
Delta,C1250W,-0.011659616900000001
Delta,C1250Y,0.094438536
Delta,C1250*,-0.15809254
Delta,C1250-,-0.5531494
Delta,G1251A,0.019402426
Delta,G1251C,0.129215368
Delta,G1251D,0.1419182605
Delta,G1251E,-0.20378728000000002
Delta,G1251N,0.0
Delta,G1251R,0.024248989999999998
Delta,G1251S,0.026007392
Delta,G1251V,-0.118660966
Delta,G1251-,0.2257256
Delta,S1252A,0.011765993
Delta,S1252C,0.23465073
Delta,S1252D,0.0065638144
Delta,S1252E,-0.013071833
Delta,S1252F,0.09719435000000001
Delta,S1252G,-0.29415448380000003
Delta,S1252H,0.46250513000000004
Delta,S1252I,-0.10831298999999997
Delta,S1252K,0.029863559999999997
Delta,S1252L,0.2934483
Delta,S1252M,0.18951856
Delta,S1252N,0.15906035000000002
Delta,S1252P,0.13848278600000002
Delta,S1252Q,-0.09745629000000003
Delta,S1252R,0.16401218099999998
Delta,S1252T,-0.18952364
Delta,S1252V,-0.008258180000000004
Delta,S1252W,0.28328145
Delta,S1252Y,0.23661921
Delta,S1252*,0.0688611658
Delta,S1252-,-0.19894381
Omicron_BA1,M1F,-0.35060194
Omicron_BA1,M1I,-4.2567263
Omicron_BA1,M1K,-1.6848251
Omicron_BA1,M1L,-2.035864
Omicron_BA1,M1N,-2.3286767
Omicron_BA1,M1R,0.0
Omicron_BA1,M1T,-2.3111167
Omicron_BA1,M1V,-1.491711
Omicron_BA1,M1-,0.9254555
Omicron_BA1,F2C,0.0
Omicron_BA1,F2I,0.2310367
Omicron_BA1,F2L,0.20711458
Omicron_BA1,F2M,0.0
Omicron_BA1,F2S,-0.074343
Omicron_BA1,F2V,-0.030671723
Omicron_BA1,F2Y,-0.046658225
Omicron_BA1,F2-,0.0
Omicron_BA1,V3A,-0.047157384
Omicron_BA1,V3C,0.10773496
Omicron_BA1,V3D,-0.54910094
Omicron_BA1,V3F,-0.22974609
Omicron_BA1,V3G,0.06122613
Omicron_BA1,V3I,-0.20875892
Omicron_BA1,V3L,0.03844021
Omicron_BA1,V3M,-0.13424419
Omicron_BA1,V3-,-0.172117
Omicron_BA1,F4C,-0.22370182
Omicron_BA1,F4I,0.12397373
Omicron_BA1,F4L,0.116850495
Omicron_BA1,F4S,-0.31028542
Omicron_BA1,F4V,-0.610991
Omicron_BA1,F4Y,-0.006298211
Omicron_BA1,F4-,-0.22261377
Omicron_BA1,L5A,0.27395362
Omicron_BA1,L5C,0.17068908
Omicron_BA1,L5D,-2.2450757
Omicron_BA1,L5E,-1.4978721
Omicron_BA1,L5F,0.29267412
Omicron_BA1,L5G,0.043847676
Omicron_BA1,L5H,0.17032944
Omicron_BA1,L5I,0.22835161
Omicron_BA1,L5K,-2.4693608
Omicron_BA1,L5M,-0.23088513
Omicron_BA1,L5N,-0.037990443
Omicron_BA1,L5P,-1.3733733
Omicron_BA1,L5R,-0.37977737
Omicron_BA1,L5S,0.07751831
Omicron_BA1,L5T,0.11540224
Omicron_BA1,L5V,0.14229697
Omicron_BA1,L5W,-0.158254
Omicron_BA1,L5Y,0.2875496
Omicron_BA1,L5*,0.0
Omicron_BA1,L5-,-0.18306835
Omicron_BA1,V6A,0.14474162
Omicron_BA1,V6C,0.24901052
Omicron_BA1,V6E,-1.7229222
Omicron_BA1,V6F,0.2527305
Omicron_BA1,V6G,-0.57367945
Omicron_BA1,V6I,0.3096558
Omicron_BA1,V6L,0.29031444
Omicron_BA1,V6M,0.2356676
Omicron_BA1,V6-,0.55353165
Omicron_BA1,L7F,-0.30878174
Omicron_BA1,L7I,-0.28521267
Omicron_BA1,L7M,-0.023613254
Omicron_BA1,L7P,-3.585483
Omicron_BA1,L7Q,-2.5123398
Omicron_BA1,L7R,0.0
Omicron_BA1,L7S,-2.6053922
Omicron_BA1,L7V,-0.038613252
Omicron_BA1,L7-,-0.66799676
Omicron_BA1,L8F,-0.6465608
Omicron_BA1,L8I,-0.32069403
Omicron_BA1,L8M,0.11503119
Omicron_BA1,L8P,-3.65853
Omicron_BA1,L8Q,0.0
Omicron_BA1,L8R,-1.3237025
Omicron_BA1,L8S,-1.8578467
Omicron_BA1,L8V,-0.39456108
Omicron_BA1,L8W,-0.26578733
Omicron_BA1,P9A,0.0
Omicron_BA1,P9L,0.12472112
Omicron_BA1,P9Q,0.23530567
Omicron_BA1,P9R,-0.031329665
Omicron_BA1,P9S,0.101929
Omicron_BA1,P9T,0.09772803
Omicron_BA1,P9-,0.049034186
Omicron_BA1,L10I,0.31064865
Omicron_BA1,L10M,0.15476179
Omicron_BA1,L10P,-1.3898512
Omicron_BA1,L10Q,0.18397184
Omicron_BA1,L10R,-0.35212028
Omicron_BA1,L10V,0.21119934
Omicron_BA1,L10-,-0.239282
Omicron_BA1,V11A,-0.0074550975
Omicron_BA1,V11E,-0.94297373
Omicron_BA1,V11F,0.3409648
Omicron_BA1,V11G,-0.8186822
Omicron_BA1,V11I,0.41829807
Omicron_BA1,V11L,0.23153856
Omicron_BA1,V11M,0.25436625
Omicron_BA1,V11R,-2.9230583
Omicron_BA1,V11-,-0.013784955
Omicron_BA1,S12A,-0.08115654
Omicron_BA1,S12C,-0.05265336
Omicron_BA1,S12D,0.13983305
Omicron_BA1,S12E,0.32589808
Omicron_BA1,S12F,-0.10288284
Omicron_BA1,S12G,0.03432889
Omicron_BA1,S12H,-0.08475102
Omicron_BA1,S12I,-0.3169874
Omicron_BA1,S12K,0.19576597
Omicron_BA1,S12L,0.050710086
Omicron_BA1,S12M,-0.09726411
Omicron_BA1,S12N,-0.05504132
Omicron_BA1,S12P,-0.14997101
Omicron_BA1,S12Q,0.12283531
Omicron_BA1,S12R,-0.15287676
Omicron_BA1,S12T,-0.030911744
Omicron_BA1,S12V,0.034008756
Omicron_BA1,S12W,0.21138585
Omicron_BA1,S12Y,-0.125813
Omicron_BA1,S12*,-2.8830924
Omicron_BA1,S13A,0.14063065
Omicron_BA1,S13C,0.06912401
Omicron_BA1,S13D,0.0399728
Omicron_BA1,S13E,0.31273237
Omicron_BA1,S13F,-0.073697284
Omicron_BA1,S13G,-0.12836128
Omicron_BA1,S13H,-0.23523873
Omicron_BA1,S13I,0.03323959
Omicron_BA1,S13K,0.1304971
Omicron_BA1,S13L,0.17965
Omicron_BA1,S13M,-0.06521569
Omicron_BA1,S13N,0.041623056
Omicron_BA1,S13P,0.23952326
Omicron_BA1,S13Q,0.08224101
Omicron_BA1,S13R,-0.52589834
Omicron_BA1,S13T,-0.05407152
Omicron_BA1,S13V,0.002194887
Omicron_BA1,S13W,-0.60585225
Omicron_BA1,S13*,0.0
Omicron_BA1,Q14E,0.35693467
Omicron_BA1,Q14H,0.21900931
Omicron_BA1,Q14K,0.33127695
Omicron_BA1,Q14L,0.22343542
Omicron_BA1,Q14M,0.0
Omicron_BA1,Q14R,-0.0046971506
Omicron_BA1,Q14*,-0.31540135
Omicron_BA1,Q14-,0.42605066
Omicron_BA1,C15F,0.13172992
Omicron_BA1,C15G,-0.20584776
Omicron_BA1,C15Q,1.4959668
Omicron_BA1,C15R,-0.1795799
Omicron_BA1,C15S,0.132548
Omicron_BA1,C15W,0.10154326
Omicron_BA1,C15Y,-0.09298552
Omicron_BA1,C15*,-1.9686583
Omicron_BA1,C15-,0.17189504
Omicron_BA1,V16A,-0.06799739
Omicron_BA1,V16D,-0.32251287
Omicron_BA1,V16F,-0.0021124969
Omicron_BA1,V16G,0.52590156
Omicron_BA1,V16I,0.070110396
Omicron_BA1,V16L,-0.09113633
Omicron_BA1,V16M,0.010563647
Omicron_BA1,V16S,0.0
Omicron_BA1,V16-,-0.34263685
Omicron_BA1,N17D,-0.3130079
Omicron_BA1,N17G,0.0
Omicron_BA1,N17I,-0.6148328
Omicron_BA1,N17K,-0.14894319
Omicron_BA1,N17R,-0.3107651
Omicron_BA1,N17S,-0.6438188
Omicron_BA1,N17T,0.22848608
Omicron_BA1,N17Y,-0.50349396
Omicron_BA1,N17-,0.8569007
Omicron_BA1,L18A,-0.25470123
Omicron_BA1,L18C,-0.4738029
Omicron_BA1,L18D,-0.042927574
Omicron_BA1,L18E,0.08005388
Omicron_BA1,L18F,-0.11151338
Omicron_BA1,L18G,-0.15927705
Omicron_BA1,L18H,-0.24963272
Omicron_BA1,L18I,-0.10655575
Omicron_BA1,L18K,0.03332011
Omicron_BA1,L18M,0.01295427
Omicron_BA1,L18N,-0.104470335
Omicron_BA1,L18P,-0.086908355
Omicron_BA1,L18Q,-0.18393297
Omicron_BA1,L18R,-0.1721955
Omicron_BA1,L18S,-0.09785891
Omicron_BA1,L18T,-0.05916254
Omicron_BA1,L18V,-0.007455469
Omicron_BA1,L18W,0.118042655
Omicron_BA1,L18Y,-0.020059947
Omicron_BA1,L18*,-3.6415653
Omicron_BA1,L18-,0.13773458
Omicron_BA1,T19A,-0.2353142
Omicron_BA1,T19C,-0.7544375
Omicron_BA1,T19D,-0.38660875
Omicron_BA1,T19E,-0.09449744
Omicron_BA1,T19F,-0.2320074
Omicron_BA1,T19G,-0.4360638
Omicron_BA1,T19H,-0.4053979
Omicron_BA1,T19I,-0.12020147
Omicron_BA1,T19K,0.19885695
Omicron_BA1,T19L,-0.3325388
Omicron_BA1,T19M,-0.06300914
Omicron_BA1,T19N,-0.16800274
Omicron_BA1,T19P,-0.0659333
Omicron_BA1,T19Q,-0.5141
Omicron_BA1,T19R,-0.030600876
Omicron_BA1,T19S,-0.20021646
Omicron_BA1,T19V,-0.22282483
Omicron_BA1,T19W,-0.20000644
Omicron_BA1,T19Y,-0.25910082
Omicron_BA1,T19*,-3.693311
Omicron_BA1,T19-,-0.12801397
Omicron_BA1,T20A,0.102216706
Omicron_BA1,T20F,0.10097459
Omicron_BA1,T20G,-0.1867251
Omicron_BA1,T20H,0.6246382
Omicron_BA1,T20I,0.15451972
Omicron_BA1,T20K,-0.02382727
Omicron_BA1,T20N,0.20286006
Omicron_BA1,T20P,0.053209797
Omicron_BA1,T20S,0.07479084
Omicron_BA1,T20-,-0.1285684
Omicron_BA1,R21E,0.2884873
Omicron_BA1,R21F,0.20786756
Omicron_BA1,R21G,0.18462501
Omicron_BA1,R21I,0.15639026
Omicron_BA1,R21K,0.21209238
Omicron_BA1,R21L,-0.04914684
Omicron_BA1,R21M,0.076848015
Omicron_BA1,R21S,-0.0355262
Omicron_BA1,R21T,0.16897912
Omicron_BA1,R21W,0.13022853
Omicron_BA1,R21-,-0.14315468
Omicron_BA1,T22A,-0.13001643
Omicron_BA1,T22F,-0.4040071
Omicron_BA1,T22I,0.09453865
Omicron_BA1,T22K,0.0
Omicron_BA1,T22L,-0.15098912
Omicron_BA1,T22N,-0.07883266
Omicron_BA1,T22P,-0.28622514
Omicron_BA1,T22S,-0.003023951
Omicron_BA1,T22V,-0.32853025
Omicron_BA1,T22-,-0.1711808
Omicron_BA1,Q23A,0.3323329
Omicron_BA1,Q23E,0.03451184
Omicron_BA1,Q23F,-0.034675904
Omicron_BA1,Q23G,0.424753
Omicron_BA1,Q23H,0.043116294
Omicron_BA1,Q23K,0.061570823
Omicron_BA1,Q23L,0.028703539
Omicron_BA1,Q23N,-0.07819435
Omicron_BA1,Q23P,-0.3150505
Omicron_BA1,Q23R,-0.104140766
Omicron_BA1,Q23*,-2.540237
Omicron_BA1,Q23-,-0.16586877
Omicron_BA1,A27C,-0.32875627
Omicron_BA1,A27D,-0.12804927
Omicron_BA1,A27E,-0.13556847
Omicron_BA1,A27F,-0.3051658
Omicron_BA1,A27G,-0.032014657
Omicron_BA1,A27H,-0.1861791
Omicron_BA1,A27I,-0.3770842
Omicron_BA1,A27K,-0.16181919
Omicron_BA1,A27L,-0.1285422
Omicron_BA1,A27M,-0.3065574
Omicron_BA1,A27N,-0.17413042
Omicron_BA1,A27P,-0.7517591
Omicron_BA1,A27Q,-0.12655048
Omicron_BA1,A27R,-0.041888393
Omicron_BA1,A27S,-0.027632672
Omicron_BA1,A27T,-0.13842763
Omicron_BA1,A27V,-0.1931122
Omicron_BA1,A27W,-0.72923386
Omicron_BA1,A27Y,-0.38537452
Omicron_BA1,A27*,-3.1567757
Omicron_BA1,A27-,-0.718117
Omicron_BA1,Y28C,-0.11977232
Omicron_BA1,Y28D,-0.3759519
Omicron_BA1,Y28F,-0.007037526
Omicron_BA1,Y28H,-0.098817915
Omicron_BA1,Y28I,0.040730495
Omicron_BA1,Y28N,0.024803922
Omicron_BA1,Y28T,-0.23050906
Omicron_BA1,Y28*,-3.036539
Omicron_BA1,Y28-,-1.0513239
Omicron_BA1,T29A,0.0166353
Omicron_BA1,T29C,-0.06621621
Omicron_BA1,T29D,-0.54990727
Omicron_BA1,T29E,-0.464002
Omicron_BA1,T29F,-0.23197268
Omicron_BA1,T29G,-0.034770302
Omicron_BA1,T29H,-0.21446602
Omicron_BA1,T29I,-0.13183415
Omicron_BA1,T29K,0.0196169
Omicron_BA1,T29L,-0.23410779
Omicron_BA1,T29M,-0.038456008
Omicron_BA1,T29N,-1.0639066
Omicron_BA1,T29P,-0.8555705
Omicron_BA1,T29Q,-0.02714544
Omicron_BA1,T29R,-0.09949709
Omicron_BA1,T29S,-0.07067784
Omicron_BA1,T29V,-0.07625849
Omicron_BA1,T29W,-0.47445306
Omicron_BA1,T29Y,-0.19748633
Omicron_BA1,T29*,-3.6594298
Omicron_BA1,T29-,-1.6182553
Omicron_BA1,N30D,-0.2957705
Omicron_BA1,N30G,-3.0986657
Omicron_BA1,N30H,-0.12601411
Omicron_BA1,N30I,0.067732215
Omicron_BA1,N30K,0.055548973
Omicron_BA1,N30L,-0.15421425
Omicron_BA1,N30S,0.057220954
Omicron_BA1,N30T,0.16103944
Omicron_BA1,N30Y,0.020968456
Omicron_BA1,N30-,-0.01041227
Omicron_BA1,S31F,-2.0022526
Omicron_BA1,S31I,-0.98708147
Omicron_BA1,S31L,-1.310662
Omicron_BA1,S31P,-2.7802505
Omicron_BA1,S31T,-0.65579814
Omicron_BA1,S31Y,-3.3108146
Omicron_BA1,S31-,-1.9333493
Omicron_BA1,F32C,-1.8076439
Omicron_BA1,F32I,-0.18168199
Omicron_BA1,F32L,-0.19566275
Omicron_BA1,F32M,0.49786043
Omicron_BA1,F32S,0.12139745
Omicron_BA1,F32V,-0.24332261
Omicron_BA1,F32Y,-0.02977377
Omicron_BA1,F32-,-2.693053
Omicron_BA1,T33A,-0.30407116
Omicron_BA1,T33H,-0.2507907
Omicron_BA1,T33I,-0.47532868
Omicron_BA1,T33K,0.006777757
Omicron_BA1,T33N,-0.038281024
Omicron_BA1,T33P,-2.5767903
Omicron_BA1,T33R,-0.07667061
Omicron_BA1,T33S,-0.16357088
Omicron_BA1,T33V,-0.33749422
Omicron_BA1,R34C,-2.6608286
Omicron_BA1,R34G,-3.8631623
Omicron_BA1,R34H,0.03505343
Omicron_BA1,R34K,-0.6809301
Omicron_BA1,R34L,-1.6683481
Omicron_BA1,R34M,-2.644592
Omicron_BA1,R34P,-2.9559157
Omicron_BA1,R34S,-2.1082146
Omicron_BA1,R34T,-2.1939259
Omicron_BA1,R34W,0.75346184
Omicron_BA1,G35A,0.0
Omicron_BA1,G35C,-1.179235
Omicron_BA1,G35E,-1.7610981
Omicron_BA1,G35L,-2.0886555
Omicron_BA1,G35R,-5.0226216
Omicron_BA1,G35S,-0.32186335
Omicron_BA1,G35V,-0.3866984
Omicron_BA1,G35W,-3.0181558
Omicron_BA1,G35*,-2.623539
Omicron_BA1,V36A,-0.39181384
Omicron_BA1,V36C,-0.16759467
Omicron_BA1,V36D,-2.3638403
Omicron_BA1,V36F,-0.34322453
Omicron_BA1,V36G,-1.606364
Omicron_BA1,V36I,0.098052636
Omicron_BA1,V36L,-0.26713118
Omicron_BA1,V36T,-0.32018566
Omicron_BA1,Y37C,-2.2381554
Omicron_BA1,Y37D,-0.6311582
Omicron_BA1,Y37F,-0.7633582
Omicron_BA1,Y37H,-0.5948784
Omicron_BA1,Y37K,-0.94700754
Omicron_BA1,Y37L,-2.803534
Omicron_BA1,Y37N,-2.6780121
Omicron_BA1,Y37*,-1.5491031
Omicron_BA1,Y37-,0.0
Omicron_BA1,Y38C,-2.8680086
Omicron_BA1,Y38F,-0.43308878
Omicron_BA1,Y38H,-0.8497896
Omicron_BA1,Y38I,-1.254414
Omicron_BA1,Y38L,-1.5633202
Omicron_BA1,Y38N,-3.7115638
Omicron_BA1,Y38S,-2.8588285
Omicron_BA1,Y38*,-2.0615625
Omicron_BA1,P39A,-1.8373946
Omicron_BA1,P39H,-0.54103607
Omicron_BA1,P39L,-2.9938264
Omicron_BA1,P39N,0.105422996
Omicron_BA1,P39S,0.041775204
Omicron_BA1,P39T,0.08617153
Omicron_BA1,D40E,-0.5945705
Omicron_BA1,D40G,-2.1037621
Omicron_BA1,D40H,-0.7021195
Omicron_BA1,D40L,-1.8653134
Omicron_BA1,D40N,-1.0934862
Omicron_BA1,D40T,-1.7986149
Omicron_BA1,D40Y,-1.4025463
Omicron_BA1,D40-,-1.5186764
Omicron_BA1,K41E,-0.31203705
Omicron_BA1,K41I,-0.041659497
Omicron_BA1,K41M,-0.20784411
Omicron_BA1,K41N,0.112136625
Omicron_BA1,K41P,-0.2731635
Omicron_BA1,K41Q,-0.22953193
Omicron_BA1,K41R,0.06464009
Omicron_BA1,K41T,-0.31820798
Omicron_BA1,V42E,-0.94182813
Omicron_BA1,V42F,0.65027875
Omicron_BA1,V42I,0.43015525
Omicron_BA1,V42K,-2.1397488
Omicron_BA1,V42L,-0.077883944
Omicron_BA1,V42M,0.06841924
Omicron_BA1,V42Q,-0.9328311
Omicron_BA1,V42S,-0.2081547
Omicron_BA1,F43L,-3.986874
Omicron_BA1,F43N,0.0
Omicron_BA1,F43S,-2.3859067
Omicron_BA1,F43Y,0.056463495
Omicron_BA1,R44G,-4.965135
Omicron_BA1,R44I,-3.01807
Omicron_BA1,R44K,-0.948842
Omicron_BA1,R44M,-1.2024858
Omicron_BA1,R44Q,-3.5979843
Omicron_BA1,R44S,-3.3709548
Omicron_BA1,R44W,-0.16613045
Omicron_BA1,R44Y,-2.8381243
Omicron_BA1,S45A,-0.03389987
Omicron_BA1,S45D,-0.6341708
Omicron_BA1,S45F,-0.65943724
Omicron_BA1,S45I,-0.36024532
Omicron_BA1,S45L,0.0
Omicron_BA1,S45P,-0.88087815
Omicron_BA1,S45T,-0.5124256
Omicron_BA1,S45Y,-0.3536968
Omicron_BA1,S46A,-0.0062886854
Omicron_BA1,S46C,-2.039692
Omicron_BA1,S46F,-0.695419
Omicron_BA1,S46L,-0.9670649
Omicron_BA1,S46P,-5.8113556
Omicron_BA1,S46Q,-0.36076814
Omicron_BA1,S46W,-3.463451
Omicron_BA1,S46Y,0.018572828
Omicron_BA1,V47A,-0.15593539
Omicron_BA1,V47F,-0.47585747
Omicron_BA1,V47G,0.0
Omicron_BA1,V47I,0.034363464
Omicron_BA1,V47L,-0.14424163
Omicron_BA1,V47M,0.14906776
Omicron_BA1,V47R,0.35684273
Omicron_BA1,V47S,0.08493964
Omicron_BA1,V47T,0.2514051
Omicron_BA1,L48F,-2.169784
Omicron_BA1,L48I,-0.46601877
Omicron_BA1,L48M,-0.4637514
Omicron_BA1,L48P,-1.8413961
Omicron_BA1,L48Q,0.0
Omicron_BA1,L48R,-1.2946353
Omicron_BA1,L48T,0.20548187
Omicron_BA1,L48V,1.0729687
Omicron_BA1,L48-,0.0
Omicron_BA1,H49A,-1.1477562
Omicron_BA1,H49C,-2.7764883
Omicron_BA1,H49F,0.13917883
Omicron_BA1,H49I,-0.0069742594
Omicron_BA1,H49L,-0.05179803
Omicron_BA1,H49N,-3.0173237
Omicron_BA1,H49P,-3.0485563
Omicron_BA1,H49Q,0.0074862763
Omicron_BA1,H49R,0.33836412
Omicron_BA1,H49S,0.11970787
Omicron_BA1,H49T,0.0471229
Omicron_BA1,H49V,-0.09027759
Omicron_BA1,H49Y,-0.19028518
Omicron_BA1,S50A,-0.20821631
Omicron_BA1,S50C,-0.0057158275
Omicron_BA1,S50F,-0.35756186
Omicron_BA1,S50G,-0.21309735
Omicron_BA1,S50I,0.07316611
Omicron_BA1,S50K,0.0
Omicron_BA1,S50L,-0.59048724
Omicron_BA1,S50N,-0.10677405
Omicron_BA1,S50P,-0.08034976
Omicron_BA1,S50R,-1.1979176
Omicron_BA1,S50T,0.041071888
Omicron_BA1,T51A,0.028971158
Omicron_BA1,T51C,0.3259285
Omicron_BA1,T51F,0.0884872
Omicron_BA1,T51I,0.08803175
Omicron_BA1,T51K,0.7300587
Omicron_BA1,T51N,-0.46429938
Omicron_BA1,T51S,0.21145901
Omicron_BA1,Q52E,-1.755282
Omicron_BA1,Q52G,0.0
Omicron_BA1,Q52H,0.26095712
Omicron_BA1,Q52K,0.02659956
Omicron_BA1,Q52L,-0.01961442
Omicron_BA1,Q52N,-0.09149759
Omicron_BA1,Q52P,-0.2809904
Omicron_BA1,Q52R,0.18503098
Omicron_BA1,Q52S,0.33970046
Omicron_BA1,Q52Y,0.087146915
Omicron_BA1,Q52*,-2.2281158
Omicron_BA1,Q52-,-0.6582635
Omicron_BA1,D53A,0.23212929
Omicron_BA1,D53C,-0.46286798
Omicron_BA1,D53E,0.1961842
Omicron_BA1,D53G,0.059605524
Omicron_BA1,D53H,0.0
Omicron_BA1,D53N,0.08497471
Omicron_BA1,D53Y,-5.009141
Omicron_BA1,D53-,0.0
Omicron_BA1,L54F,-0.13997982
Omicron_BA1,L54M,0.017986499
Omicron_BA1,L54P,-5.447111
Omicron_BA1,L54Q,-0.3368661
Omicron_BA1,L54R,-0.73096895
Omicron_BA1,L54S,-1.9314448
Omicron_BA1,L54V,-0.6960052
Omicron_BA1,L54W,-0.03837711
Omicron_BA1,L54Y,-0.07970405
Omicron_BA1,L54-,0.0
Omicron_BA1,F55I,0.0
Omicron_BA1,F55L,-1.8714851
Omicron_BA1,F55S,-2.691281
Omicron_BA1,F55V,0.0
Omicron_BA1,F55Y,0.119454116
Omicron_BA1,L56F,-3.2160928
Omicron_BA1,L56I,-0.27982265
Omicron_BA1,L56M,-0.064590044
Omicron_BA1,L56P,-4.4320436
Omicron_BA1,L56Q,-0.38761142
Omicron_BA1,L56S,-2.4303699
Omicron_BA1,L56V,-0.05759114
Omicron_BA1,L56-,0.0
Omicron_BA1,P57A,-0.96599483
Omicron_BA1,P57L,-3.349743
Omicron_BA1,P57M,-1.9822391
Omicron_BA1,P57Q,-2.210827
Omicron_BA1,P57S,-2.0523133
Omicron_BA1,P57T,-3.745138
Omicron_BA1,P57-,-2.1721702
Omicron_BA1,F58C,-3.55489
Omicron_BA1,F58I,-1.5975021
Omicron_BA1,F58L,-0.979233
Omicron_BA1,F58M,-1.2063651
Omicron_BA1,F58N,0.0
Omicron_BA1,F58S,-2.8984144
Omicron_BA1,F58V,-3.0205638
Omicron_BA1,F58Y,-0.5676061
Omicron_BA1,F58-,-3.0975742
Omicron_BA1,F59I,-1.2579783
Omicron_BA1,F59L,-0.19411047
Omicron_BA1,F59N,-0.19805655
Omicron_BA1,F59S,-0.007806208
Omicron_BA1,F59V,0.0
Omicron_BA1,F59Y,0.010593477
Omicron_BA1,S60A,-0.22248533
Omicron_BA1,S60C,-0.37702897
Omicron_BA1,S60F,-4.7537036
Omicron_BA1,S60G,-0.29678476
Omicron_BA1,S60I,-2.1569786
Omicron_BA1,S60L,-2.847705
Omicron_BA1,S60N,-0.5604028
Omicron_BA1,S60P,-3.6283696
Omicron_BA1,S60R,-2.0014908
Omicron_BA1,S60T,-0.22042541
Omicron_BA1,S60Y,-2.2956736
Omicron_BA1,S60-,-2.6019404
Omicron_BA1,N61D,-0.16619605
Omicron_BA1,N61G,-1.6266694
Omicron_BA1,N61H,-0.33580336
Omicron_BA1,N61K,-0.18529259
Omicron_BA1,N61M,-0.80591506
Omicron_BA1,N61Q,-0.25591892
Omicron_BA1,N61S,-0.095411606
Omicron_BA1,N61T,-0.15327558
Omicron_BA1,N61W,-1.2363099
Omicron_BA1,N61Y,-0.7514247
Omicron_BA1,N61-,-2.0561185
Omicron_BA1,V62A,-0.7849763
Omicron_BA1,V62C,-0.546859
Omicron_BA1,V62D,-2.930767
Omicron_BA1,V62E,0.0
Omicron_BA1,V62F,-1.6711295
Omicron_BA1,V62G,-1.1408396
Omicron_BA1,V62I,0.023715556
Omicron_BA1,V62L,0.04970185
Omicron_BA1,V62M,-0.07969865
Omicron_BA1,V62S,-1.8133284
Omicron_BA1,V62-,-1.0473003
Omicron_BA1,T63A,-0.10427874
Omicron_BA1,T63E,-0.7945298
Omicron_BA1,T63I,-0.23742536
Omicron_BA1,T63K,0.24699777
Omicron_BA1,T63L,-0.8176792
Omicron_BA1,T63M,-0.5233031
Omicron_BA1,T63N,-0.266182
Omicron_BA1,T63P,-0.4166465
Omicron_BA1,T63Q,-0.16828898
Omicron_BA1,T63S,0.022717413
Omicron_BA1,T63-,-0.24388514
Omicron_BA1,W64C,-0.012183333
Omicron_BA1,W64F,0.05943858
Omicron_BA1,W64G,0.085291505
Omicron_BA1,W64K,-0.031056046
Omicron_BA1,W64L,0.017242482
Omicron_BA1,W64N,0.0060661403
Omicron_BA1,W64Q,0.08812876
Omicron_BA1,W64R,-0.12948807
Omicron_BA1,W64S,0.11029698
Omicron_BA1,W64*,-4.1505237
Omicron_BA1,W64-,0.094468
Omicron_BA1,F65C,-0.36543316
Omicron_BA1,F65I,0.0184773
Omicron_BA1,F65L,-0.038931787
Omicron_BA1,F65S,-0.35293654
Omicron_BA1,F65V,0.11413059
Omicron_BA1,F65Y,-0.13448954
Omicron_BA1,F65-,0.11330497
Omicron_BA1,H66D,-0.28057504
Omicron_BA1,H66F,-0.04321044
Omicron_BA1,H66G,-0.4064803
Omicron_BA1,H66L,-0.29002678
Omicron_BA1,H66M,-0.07756937
Omicron_BA1,H66N,0.124747194
Omicron_BA1,H66P,-0.29969177
Omicron_BA1,H66Q,0.16956706
Omicron_BA1,H66R,0.0649182
Omicron_BA1,H66Y,0.072984904
Omicron_BA1,H66-,0.10206877
Omicron_BA1,V67A,-0.036919147
Omicron_BA1,V67C,-0.26580483
Omicron_BA1,V67D,-0.110663444
Omicron_BA1,V67E,-0.115299135
Omicron_BA1,V67F,-0.026526207
Omicron_BA1,V67G,-0.07037288
Omicron_BA1,V67H,-0.048176903
Omicron_BA1,V67I,0.07502506
Omicron_BA1,V67K,-0.27953163
Omicron_BA1,V67L,-0.022659961
Omicron_BA1,V67M,-0.122147486
Omicron_BA1,V67N,-0.12908861
Omicron_BA1,V67P,-0.0048896177
Omicron_BA1,V67Q,-0.22679216
Omicron_BA1,V67R,-0.10372974
Omicron_BA1,V67S,-0.019521194
Omicron_BA1,V67T,0.05658816
Omicron_BA1,V67W,-0.062058873
Omicron_BA1,V67Y,-0.19909547
Omicron_BA1,V67*,-4.9032483
Omicron_BA1,V67-,-0.03489466
Omicron_BA1,I68C,0.02499895
Omicron_BA1,I68F,-0.2716877
Omicron_BA1,I68K,-0.04365547
Omicron_BA1,I68L,-0.09245677
Omicron_BA1,I68M,-0.004352998
Omicron_BA1,I68N,0.089709274
Omicron_BA1,I68R,-0.1546935
Omicron_BA1,I68S,-0.042324476
Omicron_BA1,I68T,0.013895024
Omicron_BA1,I68V,-0.0077754837
Omicron_BA1,I68Y,-0.039137244
Omicron_BA1,I68-,0.13215022
Omicron_BA1,S71A,0.080861084
Omicron_BA1,S71C,0.39366686
Omicron_BA1,S71E,-0.12898417
Omicron_BA1,S71F,0.057589605
Omicron_BA1,S71I,0.31309196
Omicron_BA1,S71L,0.014654368
Omicron_BA1,S71P,-0.03797877
Omicron_BA1,S71Q,0.0
Omicron_BA1,S71R,-0.32659483
Omicron_BA1,S71T,-0.037463635
Omicron_BA1,S71V,0.060110476
Omicron_BA1,S71Y,0.061676096
Omicron_BA1,S71-,0.12548247
Omicron_BA1,G72A,0.051962696
Omicron_BA1,G72C,0.03092441
Omicron_BA1,G72D,0.058238674
Omicron_BA1,G72E,0.018427573
Omicron_BA1,G72R,-0.19972882
Omicron_BA1,G72S,0.034727097
Omicron_BA1,G72T,-1.207253
Omicron_BA1,G72V,-0.24163239
Omicron_BA1,G72W,-0.14599495
Omicron_BA1,G72-,-0.010781958
Omicron_BA1,T73A,-0.18261223
Omicron_BA1,T73I,0.0013476327
Omicron_BA1,T73L,-0.052195
Omicron_BA1,T73N,0.062486857
Omicron_BA1,T73P,0.04293677
Omicron_BA1,T73S,-0.20772326
Omicron_BA1,T73-,0.081684664
Omicron_BA1,N74D,0.06499091
Omicron_BA1,N74H,0.03951256
Omicron_BA1,N74I,-0.055075582
Omicron_BA1,N74K,-0.18862483
Omicron_BA1,N74M,-0.1357307
Omicron_BA1,N74S,-0.17707384
Omicron_BA1,N74T,0.033112776
Omicron_BA1,N74Y,-0.21143334
Omicron_BA1,N74-,0.07167678
Omicron_BA1,G75A,0.048137978
Omicron_BA1,G75C,-0.062608026
Omicron_BA1,G75D,0.096427955
Omicron_BA1,G75E,-0.00090974703
Omicron_BA1,G75F,0.011185949
Omicron_BA1,G75H,0.06395282
Omicron_BA1,G75I,0.00022066923
Omicron_BA1,G75K,0.08466492
Omicron_BA1,G75L,0.06225238
Omicron_BA1,G75M,0.03194853
Omicron_BA1,G75N,0.019423425
Omicron_BA1,G75P,-0.12363904
Omicron_BA1,G75Q,0.06486619
Omicron_BA1,G75R,-0.05283329
Omicron_BA1,G75S,0.05212295
Omicron_BA1,G75T,0.0031694344
Omicron_BA1,G75V,0.020191833
Omicron_BA1,G75W,0.1649216
Omicron_BA1,G75Y,-0.032300785
Omicron_BA1,G75*,-4.6843204
Omicron_BA1,G75-,0.16971567
Omicron_BA1,T76A,-0.08593689
Omicron_BA1,T76C,-0.009520083
Omicron_BA1,T76D,-0.025463812
Omicron_BA1,T76E,0.12795247
Omicron_BA1,T76F,0.06354414
Omicron_BA1,T76G,-0.10340248
Omicron_BA1,T76H,-0.14238313
Omicron_BA1,T76I,0.0034188374
Omicron_BA1,T76K,-0.04435082
Omicron_BA1,T76L,-0.004992958
Omicron_BA1,T76M,0.023734972
Omicron_BA1,T76N,-0.0225579
Omicron_BA1,T76P,0.05748978
Omicron_BA1,T76Q,-0.107103944
Omicron_BA1,T76R,-0.018296449
Omicron_BA1,T76S,0.044483695
Omicron_BA1,T76V,0.007584927
Omicron_BA1,T76W,-0.040518653
Omicron_BA1,T76Y,-0.16468608
Omicron_BA1,T76*,-4.847464
Omicron_BA1,T76-,0.007975348
Omicron_BA1,K77C,0.1423627
Omicron_BA1,K77E,-0.009385052
Omicron_BA1,K77I,0.047573037
Omicron_BA1,K77M,-0.005883684
Omicron_BA1,K77N,0.055397443
Omicron_BA1,K77Q,-0.08862925
Omicron_BA1,K77R,-0.067348264
Omicron_BA1,K77S,-1.1539458
Omicron_BA1,K77T,0.043803103
Omicron_BA1,K77*,0.47450012
Omicron_BA1,K77-,0.0059650335
Omicron_BA1,R78E,0.18380731
Omicron_BA1,R78G,0.053832237
Omicron_BA1,R78K,0.08645463
Omicron_BA1,R78L,0.033289086
Omicron_BA1,R78M,0.0912795
Omicron_BA1,R78S,0.029367888
Omicron_BA1,R78T,0.15111493
Omicron_BA1,R78W,-0.043815747
Omicron_BA1,R78Y,-0.16427772
Omicron_BA1,R78*,0.0
Omicron_BA1,R78-,-0.07964808
Omicron_BA1,F79C,0.0
Omicron_BA1,F79I,0.0
Omicron_BA1,F79L,0.17013909
Omicron_BA1,F79S,0.14223625
Omicron_BA1,F79V,-0.2872851
Omicron_BA1,F79W,-0.04180485
Omicron_BA1,F79Y,0.08941585
Omicron_BA1,F79-,-0.06102964
Omicron_BA1,D80A,0.01737748
Omicron_BA1,D80C,-0.19339702
Omicron_BA1,D80E,0.013942674
Omicron_BA1,D80F,-0.14805071
Omicron_BA1,D80G,0.12935014
Omicron_BA1,D80H,-0.049024004
Omicron_BA1,D80I,0.010338627
Omicron_BA1,D80K,0.08238948
Omicron_BA1,D80L,0.03157944
Omicron_BA1,D80M,-0.043320008
Omicron_BA1,D80N,-0.052102204
Omicron_BA1,D80P,0.06461068
Omicron_BA1,D80Q,-0.037116405
Omicron_BA1,D80R,0.06287111
Omicron_BA1,D80S,-0.014655361
Omicron_BA1,D80T,-0.05656026
Omicron_BA1,D80V,0.010913517
Omicron_BA1,D80W,-0.101157196
Omicron_BA1,D80Y,-0.03083885
Omicron_BA1,D80*,-2.519988
Omicron_BA1,D80-,0.04415772
Omicron_BA1,N81D,0.03607977
Omicron_BA1,N81G,-0.24704175
Omicron_BA1,N81K,-0.06754514
Omicron_BA1,N81Q,-0.123798445
Omicron_BA1,N81S,0.03419701
Omicron_BA1,N81T,-0.0126699675
Omicron_BA1,N81V,0.0
Omicron_BA1,N81Y,0.08932476
Omicron_BA1,N81-,-0.10787112
Omicron_BA1,P82A,0.14903298
Omicron_BA1,P82F,-0.3340797
Omicron_BA1,P82H,0.020740159
Omicron_BA1,P82I,-0.3130353
Omicron_BA1,P82L,-0.24457282
Omicron_BA1,P82R,-0.070986465
Omicron_BA1,P82S,-0.055616036
Omicron_BA1,P82T,0.10151372
Omicron_BA1,P82-,-0.3877437
Omicron_BA1,V83A,-0.036130514
Omicron_BA1,V83C,0.014020902
Omicron_BA1,V83D,-0.41032934
Omicron_BA1,V83E,-0.0911111
Omicron_BA1,V83F,-0.0022548467
Omicron_BA1,V83G,0.0
Omicron_BA1,V83I,0.044443548
Omicron_BA1,V83L,-0.13298231
Omicron_BA1,V83M,0.0012866823
Omicron_BA1,V83T,-0.018324984
Omicron_BA1,V83-,0.107991226
Omicron_BA1,L84E,-0.52031165
Omicron_BA1,L84I,0.13221677
Omicron_BA1,L84M,-0.01716838
Omicron_BA1,L84P,-1.0441313
Omicron_BA1,L84Q,-0.24121709
Omicron_BA1,L84V,0.037207928
Omicron_BA1,L84-,-0.4096684
Omicron_BA1,P85A,0.21452807
Omicron_BA1,P85D,-0.11139349
Omicron_BA1,P85L,-0.10465212
Omicron_BA1,P85N,-0.026479913
Omicron_BA1,P85Q,-0.04402114
Omicron_BA1,P85R,0.17607638
Omicron_BA1,P85S,-0.02419042
Omicron_BA1,P85T,0.0009638504
Omicron_BA1,P85-,-0.42960808
Omicron_BA1,F86I,-1.2176158
Omicron_BA1,F86K,0.26159385
Omicron_BA1,F86L,-0.57344747
Omicron_BA1,F86S,-1.7430538
Omicron_BA1,F86V,-0.29895422
Omicron_BA1,F86Y,-0.11370059
Omicron_BA1,F86-,-3.5288637
Omicron_BA1,N87C,-0.16890205
Omicron_BA1,N87D,-0.030885879
Omicron_BA1,N87E,0.0
Omicron_BA1,N87H,-0.026808323
Omicron_BA1,N87I,-0.20034057
Omicron_BA1,N87K,0.07654944
Omicron_BA1,N87L,-0.22782156
Omicron_BA1,N87M,-0.1061003
Omicron_BA1,N87S,-0.13938628
Omicron_BA1,N87T,-0.088715434
Omicron_BA1,N87Y,-0.044092882
Omicron_BA1,N87*,0.44371223
Omicron_BA1,N87-,-2.89623
Omicron_BA1,D88A,-0.22277029
Omicron_BA1,D88E,0.054026358
Omicron_BA1,D88G,0.110760316
Omicron_BA1,D88H,-0.048497435
Omicron_BA1,D88L,-0.2271673
Omicron_BA1,D88N,-0.096020065
Omicron_BA1,D88S,-0.3186224
Omicron_BA1,D88T,-1.1862226
Omicron_BA1,D88V,-0.3472159
Omicron_BA1,D88Y,-0.30409664
Omicron_BA1,D88-,-5.287605
Omicron_BA1,G89A,0.0
Omicron_BA1,G89D,-1.6090455
Omicron_BA1,G89E,-1.7005155
Omicron_BA1,G89M,-3.6469173
Omicron_BA1,G89P,0.7096382
Omicron_BA1,G89R,-4.046289
Omicron_BA1,G89S,-1.6412903
Omicron_BA1,G89V,-3.003981
Omicron_BA1,G89W,-3.4022837
Omicron_BA1,G89*,-3.6591816
Omicron_BA1,G89-,-3.185134
Omicron_BA1,V90A,-0.20379934
Omicron_BA1,V90C,-0.36322203
Omicron_BA1,V90D,-3.48824
Omicron_BA1,V90F,-0.32692277
Omicron_BA1,V90G,0.0
Omicron_BA1,V90I,-0.0020830324
Omicron_BA1,V90L,-0.073836766
Omicron_BA1,V90M,0.005481611
Omicron_BA1,V90R,-2.6110466
Omicron_BA1,V90S,-0.36584163
Omicron_BA1,V90-,-1.4960063
Omicron_BA1,Y91C,-1.6995057
Omicron_BA1,Y91D,-4.444471
Omicron_BA1,Y91F,-0.32860848
Omicron_BA1,Y91H,-3.410142
Omicron_BA1,Y91L,-2.7437909
Omicron_BA1,Y91T,-3.1822588
Omicron_BA1,Y91V,-2.4568372
Omicron_BA1,Y91*,-3.0430293
Omicron_BA1,Y91-,-0.071278326
Omicron_BA1,F92C,-0.55248594
Omicron_BA1,F92I,-0.2751575
Omicron_BA1,F92L,-0.3157058
Omicron_BA1,F92N,-1.1697676
Omicron_BA1,F92S,-0.6730892
Omicron_BA1,F92V,-0.0221578
Omicron_BA1,F92Y,-0.13295294
Omicron_BA1,F92-,-2.0210855
Omicron_BA1,A93C,-0.61892164
Omicron_BA1,A93D,-3.069975
Omicron_BA1,A93G,-0.39349857
Omicron_BA1,A93I,-4.3024445
Omicron_BA1,A93L,-1.5723306
Omicron_BA1,A93P,-3.199498
Omicron_BA1,A93S,-0.08119174
Omicron_BA1,A93T,-0.59780717
Omicron_BA1,A93V,-1.1039472
Omicron_BA1,A93-,-0.009996971
Omicron_BA1,S94A,-0.06525344
Omicron_BA1,S94C,-0.24320224
Omicron_BA1,S94D,0.0
Omicron_BA1,S94F,-0.24316843
Omicron_BA1,S94G,0.053656135
Omicron_BA1,S94I,0.124195956
Omicron_BA1,S94L,-0.30312636
Omicron_BA1,S94N,-0.13093108
Omicron_BA1,S94P,-2.7197042
Omicron_BA1,S94R,-0.9876318
Omicron_BA1,S94T,-0.03579209
Omicron_BA1,S94V,0.0
Omicron_BA1,S94Y,-0.44810036
Omicron_BA1,S94-,-0.030703677
Omicron_BA1,I95A,-0.070319675
Omicron_BA1,I95C,-0.18273664
Omicron_BA1,I95D,-0.41215822
Omicron_BA1,I95E,-0.5173751
Omicron_BA1,I95F,-0.15013152
Omicron_BA1,I95G,-0.64509916
Omicron_BA1,I95H,-0.13165636
Omicron_BA1,I95K,-0.083514124
Omicron_BA1,I95L,-0.04940779
Omicron_BA1,I95M,-0.08420662
Omicron_BA1,I95N,-0.12884304
Omicron_BA1,I95P,-1.1582282
Omicron_BA1,I95Q,-0.2332129
Omicron_BA1,I95R,-0.19766948
Omicron_BA1,I95S,-0.07297462
Omicron_BA1,I95T,-0.17532057
Omicron_BA1,I95V,0.009898433
Omicron_BA1,I95W,-0.08891266
Omicron_BA1,I95Y,-0.20676683
Omicron_BA1,I95*,-5.0919952
Omicron_BA1,E96A,-0.14689758
Omicron_BA1,E96D,0.025040183
Omicron_BA1,E96G,-0.02683623
Omicron_BA1,E96K,-0.4255227
Omicron_BA1,E96L,-0.38697827
Omicron_BA1,E96P,-1.5156703
Omicron_BA1,E96Q,-0.08637219
Omicron_BA1,E96V,-0.26920927
Omicron_BA1,E96Y,-0.09180355
Omicron_BA1,E96*,-3.3510482
Omicron_BA1,K97E,0.008625745
Omicron_BA1,K97H,0.00997777
Omicron_BA1,K97L,-0.14099225
Omicron_BA1,K97M,-0.065123655
Omicron_BA1,K97N,-0.05258077
Omicron_BA1,K97Q,-0.036283847
Omicron_BA1,K97R,-0.017225962
Omicron_BA1,K97S,0.0034870587
Omicron_BA1,K97T,-0.033129722
Omicron_BA1,S98A,0.08374372
Omicron_BA1,S98C,-0.15726644
Omicron_BA1,S98D,0.023387358
Omicron_BA1,S98E,0.0070218416
Omicron_BA1,S98F,-0.105959065
Omicron_BA1,S98G,-0.033983435
Omicron_BA1,S98H,-0.07881155
Omicron_BA1,S98I,-0.057743773
Omicron_BA1,S98K,0.06991868
Omicron_BA1,S98L,-0.0017220821
Omicron_BA1,S98M,-0.021782482
Omicron_BA1,S98N,-0.03718162
Omicron_BA1,S98P,-0.10908885
Omicron_BA1,S98Q,-0.064193204
Omicron_BA1,S98R,0.0026394143
Omicron_BA1,S98T,-0.035633452
Omicron_BA1,S98V,-0.105056375
Omicron_BA1,S98W,-0.04018366
Omicron_BA1,S98Y,0.022205442
Omicron_BA1,S98*,-5.2209835
Omicron_BA1,N99D,0.013414422
Omicron_BA1,N99G,0.0
Omicron_BA1,N99I,0.3821137
Omicron_BA1,N99K,-0.121212676
Omicron_BA1,N99S,-0.04909796
Omicron_BA1,N99T,-0.071796514
Omicron_BA1,N99Y,-0.08227339
Omicron_BA1,I100F,0.0
Omicron_BA1,I100H,-0.09685397
Omicron_BA1,I100K,0.06784741
Omicron_BA1,I100L,-0.010218525
Omicron_BA1,I100M,0.055269677
Omicron_BA1,I100N,0.1293533
Omicron_BA1,I100R,-0.047888666
Omicron_BA1,I100T,0.08347206
Omicron_BA1,I100V,0.04054143
Omicron_BA1,I100-,-0.38898852
Omicron_BA1,I101L,-0.052333873
Omicron_BA1,I101M,-0.010585899
Omicron_BA1,I101N,-0.15598889
Omicron_BA1,I101T,-0.09572132
Omicron_BA1,I101V,0.037675593
Omicron_BA1,I101-,-1.0841025
Omicron_BA1,R102A,-0.20633774
Omicron_BA1,R102D,-2.157171
Omicron_BA1,R102E,-1.4976622
Omicron_BA1,R102G,0.045336977
Omicron_BA1,R102I,0.053900123
Omicron_BA1,R102K,0.087835275
Omicron_BA1,R102M,-0.080294564
Omicron_BA1,R102S,0.027541062
Omicron_BA1,R102T,-0.026742917
Omicron_BA1,R102W,0.816121
Omicron_BA1,R102-,0.01083342
Omicron_BA1,G103A,-0.95595837
Omicron_BA1,G103C,-1.5690709
Omicron_BA1,G103D,-4.6180353
Omicron_BA1,G103F,-1.1223129
Omicron_BA1,G103R,-2.283681
Omicron_BA1,G103S,-0.4328577
Omicron_BA1,G103V,-0.305444
Omicron_BA1,G103-,-0.8347269
Omicron_BA1,W104C,-2.8806617
Omicron_BA1,W104F,-0.20174594
Omicron_BA1,W104G,-2.194852
Omicron_BA1,W104L,-0.44798568
Omicron_BA1,W104R,-5.0065026
Omicron_BA1,W104S,-3.6706655
Omicron_BA1,W104*,-2.299026
Omicron_BA1,W104-,-0.39805016
Omicron_BA1,I105D,-2.8167186
Omicron_BA1,I105F,-0.09331618
Omicron_BA1,I105L,-0.0574241
Omicron_BA1,I105M,-0.029153613
Omicron_BA1,I105N,-0.32513192
Omicron_BA1,I105S,0.0
Omicron_BA1,I105T,-0.11466598
Omicron_BA1,I105V,-0.07129885
Omicron_BA1,I105Y,-0.088569336
Omicron_BA1,I105-,0.81775624
Omicron_BA1,F106I,-1.8157274
Omicron_BA1,F106L,-0.009198595
Omicron_BA1,F106S,-2.5875273
Omicron_BA1,F106V,-1.8331871
Omicron_BA1,F106Y,-0.104352675
Omicron_BA1,F106-,-2.252918
Omicron_BA1,G107A,0.0
Omicron_BA1,G107C,-5.1592913
Omicron_BA1,G107D,-4.610582
Omicron_BA1,G107F,-3.1463845
Omicron_BA1,G107L,-4.0127716
Omicron_BA1,G107R,-2.864101
Omicron_BA1,G107S,-2.4253383
Omicron_BA1,G107V,-3.4589157
Omicron_BA1,G107-,0.38144347
Omicron_BA1,T108A,-0.21545814
Omicron_BA1,T108C,-0.8618282
Omicron_BA1,T108I,-0.40867612
Omicron_BA1,T108L,-0.7647591
Omicron_BA1,T108N,0.14583802
Omicron_BA1,T108R,-1.5337367
Omicron_BA1,T108S,0.07364938
Omicron_BA1,T108V,1.0323551
Omicron_BA1,T108Y,-1.7458928
Omicron_BA1,T108-,-1.3150337
Omicron_BA1,T109A,-0.2235269
Omicron_BA1,T109F,-1.5180446
Omicron_BA1,T109I,-1.2651364
Omicron_BA1,T109K,-0.3640145
Omicron_BA1,T109L,-0.61837506
Omicron_BA1,T109N,-0.15899771
Omicron_BA1,T109S,0.12850018
Omicron_BA1,T109-,0.16888686
Omicron_BA1,L110E,-2.358774
Omicron_BA1,L110F,0.21026531
Omicron_BA1,L110I,-0.28259537
Omicron_BA1,L110M,-0.009708665
Omicron_BA1,L110P,-4.1398797
Omicron_BA1,L110Q,0.0
Omicron_BA1,L110R,0.0
Omicron_BA1,L110V,-0.71017635
Omicron_BA1,L110Y,-0.80078113
Omicron_BA1,L110-,-0.38428617
Omicron_BA1,D111E,-0.1699386
Omicron_BA1,D111G,-0.21465145
Omicron_BA1,D111H,-0.25899756
Omicron_BA1,D111I,-2.9369287
Omicron_BA1,D111M,-1.8919346
Omicron_BA1,D111N,0.032466024
Omicron_BA1,D111P,-3.443574
Omicron_BA1,D111R,-0.4907565
Omicron_BA1,D111T,0.032919675
Omicron_BA1,D111V,0.0037610629
Omicron_BA1,D111Y,-1.4382876
Omicron_BA1,D111-,-1.6422075
Omicron_BA1,S112A,-0.09390443
Omicron_BA1,S112C,0.0
Omicron_BA1,S112F,-0.061369605
Omicron_BA1,S112G,-0.2266884
Omicron_BA1,S112I,-0.21281944
Omicron_BA1,S112K,0.006887076
Omicron_BA1,S112L,-0.09166819
Omicron_BA1,S112M,0.07258156
Omicron_BA1,S112N,0.016030494
Omicron_BA1,S112P,-0.18663093
Omicron_BA1,S112Q,0.033800013
Omicron_BA1,S112R,-0.0070278784
Omicron_BA1,S112T,-0.11702772
Omicron_BA1,S112W,0.0
Omicron_BA1,K113E,-0.21162249
Omicron_BA1,K113M,-0.10077726
Omicron_BA1,K113N,-0.1048352
Omicron_BA1,K113P,-0.3399705
Omicron_BA1,K113Q,-0.1969933
Omicron_BA1,K113R,-0.0065118014
Omicron_BA1,K113S,-0.18406513
Omicron_BA1,K113T,-0.15956439
Omicron_BA1,T114A,-0.18397363
Omicron_BA1,T114I,-2.7505617
Omicron_BA1,T114N,-3.689044
Omicron_BA1,T114P,-2.6125753
Omicron_BA1,T114R,-0.99607533
Omicron_BA1,T114S,-0.14953533
Omicron_BA1,Q115H,-1.2898992
Omicron_BA1,Q115K,-1.298376
Omicron_BA1,Q115L,-0.41778353
Omicron_BA1,Q115P,-0.37848043
Omicron_BA1,Q115R,-1.2310357
Omicron_BA1,Q115S,-0.38728932
Omicron_BA1,Q115*,-2.8031561
Omicron_BA1,S116D,-2.5597432
Omicron_BA1,S116F,-2.712057
Omicron_BA1,S116K,-1.6619529
Omicron_BA1,S116P,-3.7410893
Omicron_BA1,S116V,-0.505479
Omicron_BA1,S116Y,-3.7073615
Omicron_BA1,L117A,-0.1500489
Omicron_BA1,L117I,-0.070669964
Omicron_BA1,L117M,-0.062296767
Omicron_BA1,L117P,-3.405368
Omicron_BA1,L117Q,1.1367309
Omicron_BA1,L117R,-2.816945
Omicron_BA1,L117W,-0.8446777
Omicron_BA1,L117Y,-1.9046947
Omicron_BA1,L117-,0.0
Omicron_BA1,L118F,-0.15880753
Omicron_BA1,L118I,0.021489648
Omicron_BA1,L118M,-0.1186098
Omicron_BA1,L118P,-3.6493711
Omicron_BA1,L118Q,0.0
Omicron_BA1,L118V,-0.18703414
Omicron_BA1,I119F,-0.3704114
Omicron_BA1,I119G,-2.984299
Omicron_BA1,I119L,-0.34030294
Omicron_BA1,I119T,-0.41825974
Omicron_BA1,I119V,-0.032532334
Omicron_BA1,I119-,-3.9530816
Omicron_BA1,V120A,-0.2116235
Omicron_BA1,V120D,-1.7176336
Omicron_BA1,V120E,0.0
Omicron_BA1,V120F,0.028638642
Omicron_BA1,V120I,0.016553013
Omicron_BA1,V120L,-0.020520775
Omicron_BA1,V120M,-0.0983652
Omicron_BA1,V120Y,-0.95339733
Omicron_BA1,V120-,-2.8227015
Omicron_BA1,N121D,0.094929576
Omicron_BA1,N121I,-0.45623732
Omicron_BA1,N121K,-0.33275935
Omicron_BA1,N121S,-0.0337138
Omicron_BA1,N121T,-0.21752648
Omicron_BA1,N121Y,0.0
Omicron_BA1,N121-,-3.8403661
Omicron_BA1,N122D,-0.13419789
Omicron_BA1,N122I,-0.6724647
Omicron_BA1,N122K,-0.5281539
Omicron_BA1,N122S,-0.19276614
Omicron_BA1,N122T,-0.09467554
Omicron_BA1,N122Y,0.0
Omicron_BA1,N122-,-3.2593064
Omicron_BA1,A123D,-0.20825887
Omicron_BA1,A123G,-0.07557104
Omicron_BA1,A123L,0.037138503
Omicron_BA1,A123N,-0.57286626
Omicron_BA1,A123P,0.112150185
Omicron_BA1,A123S,-0.02772315
Omicron_BA1,A123T,-0.18224329
Omicron_BA1,A123V,-0.087735124
Omicron_BA1,A123-,-3.0912485
Omicron_BA1,T124A,-0.16083494
Omicron_BA1,T124I,-0.30832753
Omicron_BA1,T124L,-0.22256005
Omicron_BA1,T124N,-0.15910569
Omicron_BA1,T124S,-0.017589346
Omicron_BA1,T124-,-1.6846402
Omicron_BA1,N125D,0.011858219
Omicron_BA1,N125H,-0.10169722
Omicron_BA1,N125K,0.10484826
Omicron_BA1,N125M,-0.4112364
Omicron_BA1,N125S,-0.13676204
Omicron_BA1,N125T,-0.14062238
Omicron_BA1,N125V,0.16930726
Omicron_BA1,N125-,-3.546909
Omicron_BA1,V126A,-0.17286526
Omicron_BA1,V126E,-0.25865087
Omicron_BA1,V126F,-0.18249045
Omicron_BA1,V126G,0.099489406
Omicron_BA1,V126I,-0.15593043
Omicron_BA1,V126L,-0.26636064
Omicron_BA1,V126M,-0.102154255
Omicron_BA1,V126S,-0.338914
Omicron_BA1,V126-,-4.083374
Omicron_BA1,V127A,-0.21017167
Omicron_BA1,V127E,0.0
Omicron_BA1,V127F,-0.15369265
Omicron_BA1,V127G,0.0041683344
Omicron_BA1,V127I,-0.18546374
Omicron_BA1,V127L,-0.058097363
Omicron_BA1,V127M,-0.096252196
Omicron_BA1,I128F,-0.24475698
Omicron_BA1,I128L,-0.36426702
Omicron_BA1,I128N,-1.8863693
Omicron_BA1,I128P,-2.1692533
Omicron_BA1,I128T,-0.578548
Omicron_BA1,I128V,0.06456992
Omicron_BA1,I128-,-3.1315513
Omicron_BA1,K129E,-0.64501023
Omicron_BA1,K129G,-1.5016954
Omicron_BA1,K129M,-0.2144024
Omicron_BA1,K129N,-0.23078673
Omicron_BA1,K129Q,0.0
Omicron_BA1,K129R,0.017294336
Omicron_BA1,K129T,-0.17559718
Omicron_BA1,K129-,-1.9318295
Omicron_BA1,V130A,-0.2852256
Omicron_BA1,V130E,0.0
Omicron_BA1,V130F,-0.5003037
Omicron_BA1,V130G,-0.9665694
Omicron_BA1,V130I,-0.21419396
Omicron_BA1,V130L,-0.06337943
Omicron_BA1,V130M,-0.12278878
Omicron_BA1,V130S,-0.7030189
Omicron_BA1,V130Y,-0.4093322
Omicron_BA1,C131F,-2.197983
Omicron_BA1,C131G,0.3067135
Omicron_BA1,C131L,-1.6465515
Omicron_BA1,C131R,-4.018803
Omicron_BA1,C131S,-3.2719855
Omicron_BA1,C131V,-3.128947
Omicron_BA1,C131W,-2.8335881
Omicron_BA1,C131Y,-2.1468387
Omicron_BA1,C131*,-0.9050663
Omicron_BA1,E132A,0.085432194
Omicron_BA1,E132D,-0.057696242
Omicron_BA1,E132G,-0.23787999
Omicron_BA1,E132K,0.19523047
Omicron_BA1,E132N,-0.0961555
Omicron_BA1,E132P,-2.0227485
Omicron_BA1,E132Q,0.1934604
Omicron_BA1,E132V,0.20910935
Omicron_BA1,E132*,-2.6090539
Omicron_BA1,E132-,0.0
Omicron_BA1,F133C,-1.0002122
Omicron_BA1,F133I,-0.090975896
Omicron_BA1,F133L,-0.29879418
Omicron_BA1,F133S,-3.5961366
Omicron_BA1,F133Y,-0.12315277
Omicron_BA1,F133-,-1.6821485
Omicron_BA1,Q134E,0.10255819
Omicron_BA1,Q134H,-0.044277072
Omicron_BA1,Q134K,-0.14363943
Omicron_BA1,Q134L,-0.10185337
Omicron_BA1,Q134N,0.045928065
Omicron_BA1,Q134R,-0.080777355
Omicron_BA1,Q134S,-0.114326105
Omicron_BA1,Q134V,-0.12308855
Omicron_BA1,Q134*,-2.4649222
Omicron_BA1,Q134-,-0.49971598
Omicron_BA1,F135I,0.01004037
Omicron_BA1,F135L,-0.15001245
Omicron_BA1,F135M,0.0
Omicron_BA1,F135S,-0.47998855
Omicron_BA1,F135V,0.13735585
Omicron_BA1,F135Y,-0.18938714
Omicron_BA1,F135-,-0.6385982
Omicron_BA1,C136F,-0.031670902
Omicron_BA1,C136G,-0.4096588
Omicron_BA1,C136L,-0.28955773
Omicron_BA1,C136N,-0.6126076
Omicron_BA1,C136R,-0.317539
Omicron_BA1,C136S,-0.14667705
Omicron_BA1,C136V,-0.47546718
Omicron_BA1,C136W,-0.2193604
Omicron_BA1,C136Y,-0.12872876
Omicron_BA1,C136*,0.0
Omicron_BA1,C136-,-0.42285088
Omicron_BA1,N137A,0.8888904
Omicron_BA1,N137D,-0.008244639
Omicron_BA1,N137G,0.0
Omicron_BA1,N137H,-0.330262
Omicron_BA1,N137I,0.08863902
Omicron_BA1,N137K,0.022120925
Omicron_BA1,N137L,-1.0532855
Omicron_BA1,N137M,-0.0060328664
Omicron_BA1,N137S,0.06691766
Omicron_BA1,N137T,0.09473899
Omicron_BA1,N137Y,-0.030197235
Omicron_BA1,N137*,0.0
Omicron_BA1,N137-,-0.06601228
Omicron_BA1,D138A,-0.041108552
Omicron_BA1,D138C,-0.11925584
Omicron_BA1,D138E,-0.050803255
Omicron_BA1,D138F,-0.036577426
Omicron_BA1,D138G,-0.043614313
Omicron_BA1,D138H,0.02816883
Omicron_BA1,D138I,-0.03694254
Omicron_BA1,D138K,-0.019580245
Omicron_BA1,D138L,-0.05009288
Omicron_BA1,D138M,-0.04645262
Omicron_BA1,D138N,-0.044128004
Omicron_BA1,D138P,0.073375195
Omicron_BA1,D138Q,-0.066937454
Omicron_BA1,D138R,-0.033329014
Omicron_BA1,D138S,0.022402175
Omicron_BA1,D138T,0.059270386
Omicron_BA1,D138V,-0.03536669
Omicron_BA1,D138W,-0.085808955
Omicron_BA1,D138Y,-0.050286863
Omicron_BA1,D138*,-2.60371
Omicron_BA1,D138-,-0.58447444
Omicron_BA1,P139A,-0.72557527
Omicron_BA1,P139D,-0.32798597
Omicron_BA1,P139H,-0.17842594
Omicron_BA1,P139L,-0.05299917
Omicron_BA1,P139Q,-0.07530693
Omicron_BA1,P139R,-1.1858646
Omicron_BA1,P139S,-0.32832026
Omicron_BA1,P139T,-0.1016052
Omicron_BA1,P139-,0.14190851
Omicron_BA1,F140H,0.0
Omicron_BA1,F140I,0.052490495
Omicron_BA1,F140L,-0.073476
Omicron_BA1,F140M,-0.2736331
Omicron_BA1,F140R,-0.1534818
Omicron_BA1,F140S,-0.19523844
Omicron_BA1,F140V,-0.14556602
Omicron_BA1,F140Y,-0.14273249
Omicron_BA1,F140-,0.06726194
Omicron_BA1,L141A,-1.2202051
Omicron_BA1,L141F,-0.091928095
Omicron_BA1,L141I,0.06682952
Omicron_BA1,L141M,-0.006588381
Omicron_BA1,L141P,0.032087456
Omicron_BA1,L141Q,0.15143046
Omicron_BA1,L141R,0.7857732
Omicron_BA1,L141S,-0.43882075
Omicron_BA1,L141V,-0.0070391577
Omicron_BA1,L141W,-0.13832
Omicron_BA1,L141Y,0.094256826
Omicron_BA1,L141-,-0.14309835
Omicron_BA1,D142A,-0.03755094
Omicron_BA1,D142C,-0.17840381
Omicron_BA1,D142E,0.027193457
Omicron_BA1,D142F,-0.13206522
Omicron_BA1,D142G,-0.103943534
Omicron_BA1,D142H,-0.104658894
Omicron_BA1,D142I,-0.016458046
Omicron_BA1,D142K,-0.24301858
Omicron_BA1,D142L,-0.013533459
Omicron_BA1,D142M,-0.03415494
Omicron_BA1,D142N,-0.019267691
Omicron_BA1,D142P,-0.0025090855
Omicron_BA1,D142Q,0.041158974
Omicron_BA1,D142R,-0.32343644
Omicron_BA1,D142S,-0.10665095
Omicron_BA1,D142T,-0.024015829
Omicron_BA1,D142V,-0.07515358
Omicron_BA1,D142W,0.04673585
Omicron_BA1,D142Y,-0.12441059
Omicron_BA1,D142*,-4.49687
Omicron_BA1,D142-,-0.24427658
Omicron_BA1,H146D,-0.06409835
Omicron_BA1,H146G,0.0
Omicron_BA1,H146K,-0.09335607
Omicron_BA1,H146L,-0.060127795
Omicron_BA1,H146N,-0.074155375
Omicron_BA1,H146P,-0.009752509
Omicron_BA1,H146Q,-0.024660114
Omicron_BA1,H146R,-0.22433151
Omicron_BA1,H146S,0.033188857
Omicron_BA1,H146T,-0.12733859
Omicron_BA1,H146Y,0.01705821
Omicron_BA1,H146-,0.030935612
Omicron_BA1,K147A,0.091545634
Omicron_BA1,K147E,0.11308352
Omicron_BA1,K147G,0.02586867
Omicron_BA1,K147I,0.080864064
Omicron_BA1,K147M,0.67476976
Omicron_BA1,K147N,0.06544567
Omicron_BA1,K147P,0.1340382
Omicron_BA1,K147Q,0.015660122
Omicron_BA1,K147R,-0.012390001
Omicron_BA1,K147T,-0.07401689
Omicron_BA1,K147V,-0.25982228
Omicron_BA1,K147*,-3.070106
Omicron_BA1,K147-,-0.19824076
Omicron_BA1,N148D,-0.0052073402
Omicron_BA1,N148G,0.16851036
Omicron_BA1,N148H,-0.10439417
Omicron_BA1,N148I,-0.29801556
Omicron_BA1,N148K,-0.054033652
Omicron_BA1,N148Q,0.043601025
Omicron_BA1,N148S,0.051730376
Omicron_BA1,N148T,0.028903604
Omicron_BA1,N148Y,-0.08026336
Omicron_BA1,N148-,-0.05585904
Omicron_BA1,N149D,0.06617762
Omicron_BA1,N149H,-0.004797759
Omicron_BA1,N149I,0.13206412
Omicron_BA1,N149K,-0.11365949
Omicron_BA1,N149Q,0.018676925
Omicron_BA1,N149R,0.06769718
Omicron_BA1,N149S,0.024656814
Omicron_BA1,N149T,-0.008755749
Omicron_BA1,N149Y,-0.0421633
Omicron_BA1,K150D,-1.7938927
Omicron_BA1,K150E,0.09969257
Omicron_BA1,K150G,0.15460649
Omicron_BA1,K150I,0.03215529
Omicron_BA1,K150N,0.08434569
Omicron_BA1,K150Q,0.04844198
Omicron_BA1,K150R,0.042628568
Omicron_BA1,K150T,-0.016425336
Omicron_BA1,K150V,0.01993657
Omicron_BA1,K150*,0.0
Omicron_BA1,K150-,-0.022099728
Omicron_BA1,S151C,-0.030811634
Omicron_BA1,S151F,-0.52180105
Omicron_BA1,S151G,-0.0018184996
Omicron_BA1,S151I,-0.043352664
Omicron_BA1,S151K,-0.10300494
Omicron_BA1,S151L,-1.4834532
Omicron_BA1,S151N,-0.024580441
Omicron_BA1,S151P,0.070988774
Omicron_BA1,S151Q,0.0016724461
Omicron_BA1,S151R,-0.060739692
Omicron_BA1,S151T,0.04884868
Omicron_BA1,S151V,-0.19927156
Omicron_BA1,S151Y,-0.107708745
Omicron_BA1,S151-,0.052589048
Omicron_BA1,W152C,-0.07839935
Omicron_BA1,W152F,0.19946955
Omicron_BA1,W152G,-0.16769738
Omicron_BA1,W152K,-0.42464006
Omicron_BA1,W152L,0.015850864
Omicron_BA1,W152N,-0.4301212
Omicron_BA1,W152Q,0.0
Omicron_BA1,W152R,0.048406404
Omicron_BA1,W152S,-0.013762479
Omicron_BA1,W152V,0.0
Omicron_BA1,W152Y,-0.5319437
Omicron_BA1,W152*,-5.720237
Omicron_BA1,W152-,-0.066228904
Omicron_BA1,M153C,-0.34594938
Omicron_BA1,M153I,-0.008106157
Omicron_BA1,M153K,-0.010776771
Omicron_BA1,M153L,0.034133915
Omicron_BA1,M153R,-0.124254994
Omicron_BA1,M153S,0.09197187
Omicron_BA1,M153T,0.044977065
Omicron_BA1,M153V,0.049666576
Omicron_BA1,M153W,-0.17294757
Omicron_BA1,M153-,-0.19834666
Omicron_BA1,E154A,-0.038124498
Omicron_BA1,E154D,0.043137494
Omicron_BA1,E154G,-0.12601104
Omicron_BA1,E154K,-0.07127577
Omicron_BA1,E154Q,-0.08480831
Omicron_BA1,E154S,0.03454385
Omicron_BA1,E154T,-0.004239743
Omicron_BA1,E154V,0.0014496872
Omicron_BA1,E154W,-0.10694722
Omicron_BA1,E154*,-3.21157
Omicron_BA1,E154-,-0.08411177
Omicron_BA1,S155A,-0.49253547
Omicron_BA1,S155F,-0.09788833
Omicron_BA1,S155G,0.0338438
Omicron_BA1,S155I,-0.08056528
Omicron_BA1,S155K,0.057769243
Omicron_BA1,S155L,-0.39763808
Omicron_BA1,S155M,0.083436966
Omicron_BA1,S155N,-0.15146391
Omicron_BA1,S155P,-0.71289456
Omicron_BA1,S155R,0.0061934474
Omicron_BA1,S155T,-0.07878343
Omicron_BA1,S155V,-0.19790763
Omicron_BA1,S155Y,-0.15310721
Omicron_BA1,S155-,-0.084010534
Omicron_BA1,E156A,-0.12597391
Omicron_BA1,E156D,-0.046858184
Omicron_BA1,E156G,0.1277491
Omicron_BA1,E156I,-0.014471078
Omicron_BA1,E156K,-0.045722693
Omicron_BA1,E156L,0.16373096
Omicron_BA1,E156Q,-0.05172868
Omicron_BA1,E156R,0.10062341
Omicron_BA1,E156S,0.09348169
Omicron_BA1,E156V,-0.024184862
Omicron_BA1,E156*,0.78553903
Omicron_BA1,E156-,-0.05911327
Omicron_BA1,V159A,-0.21591078
Omicron_BA1,V159D,0.06676915
Omicron_BA1,V159F,-0.13319468
Omicron_BA1,V159G,-0.7742255
Omicron_BA1,V159I,0.05925808
Omicron_BA1,V159L,0.023123806
Omicron_BA1,V159-,0.011591631
Omicron_BA1,Y160C,-0.2570995
Omicron_BA1,Y160D,0.2713432
Omicron_BA1,Y160F,0.06595579
Omicron_BA1,Y160G,-0.0964349
Omicron_BA1,Y160H,0.020568514
Omicron_BA1,Y160I,-0.1003878
Omicron_BA1,Y160N,-0.9016915
Omicron_BA1,Y160T,0.0
Omicron_BA1,Y160V,0.020693446
Omicron_BA1,Y160*,-3.5667622
Omicron_BA1,Y160-,0.004888571
Omicron_BA1,S161A,0.0074975085
Omicron_BA1,S161C,0.0
Omicron_BA1,S161F,-0.17971791
Omicron_BA1,S161N,-0.06673904
Omicron_BA1,S161P,-0.10986216
Omicron_BA1,S161Q,-0.35809243
Omicron_BA1,S161R,0.11814579
Omicron_BA1,S161T,0.017948259
Omicron_BA1,S161Y,-0.1260356
Omicron_BA1,S161-,-0.14114876
Omicron_BA1,S162A,0.5448738
Omicron_BA1,S162F,0.011218561
Omicron_BA1,S162G,0.04371892
Omicron_BA1,S162I,0.023220578
Omicron_BA1,S162K,-0.004138364
Omicron_BA1,S162L,-0.087063834
Omicron_BA1,S162N,0.042080306
Omicron_BA1,S162P,-0.42447144
Omicron_BA1,S162R,-0.042114947
Omicron_BA1,S162T,0.0638802
Omicron_BA1,S162Y,0.07283879
Omicron_BA1,S162-,0.0627905
Omicron_BA1,A163D,-0.0058169886
Omicron_BA1,A163E,0.18954025
Omicron_BA1,A163G,0.04556867
Omicron_BA1,A163I,0.029287007
Omicron_BA1,A163K,0.0
Omicron_BA1,A163L,0.024379333
Omicron_BA1,A163P,0.7126416
Omicron_BA1,A163S,0.00095270947
Omicron_BA1,A163T,-0.01442334
Omicron_BA1,A163V,-0.04062187
Omicron_BA1,A163Y,0.0
Omicron_BA1,A163-,0.028275251
Omicron_BA1,N164A,-0.40670973
Omicron_BA1,N164D,-0.07420361
Omicron_BA1,N164F,-0.18986619
Omicron_BA1,N164H,0.040402606
Omicron_BA1,N164I,-0.16215315
Omicron_BA1,N164K,-0.01703489
Omicron_BA1,N164S,-0.077997774
Omicron_BA1,N164T,-0.040840533
Omicron_BA1,N164Y,-0.021282692
Omicron_BA1,N164-,-0.19265214
Omicron_BA1,N165D,-0.46570322
Omicron_BA1,N165F,-0.60413134
Omicron_BA1,N165H,-0.30700886
Omicron_BA1,N165I,-0.3793171
Omicron_BA1,N165K,-0.23460868
Omicron_BA1,N165L,-1.050034
Omicron_BA1,N165M,-0.11926329
Omicron_BA1,N165S,-0.09810848
Omicron_BA1,N165Y,-0.44683155
Omicron_BA1,C166A,-1.3954091
Omicron_BA1,C166F,-4.164824
Omicron_BA1,C166G,0.0
Omicron_BA1,C166L,-2.6550467
Omicron_BA1,C166R,-2.578661
Omicron_BA1,C166S,-4.935455
Omicron_BA1,C166T,0.0
Omicron_BA1,C166Y,-2.2253413
Omicron_BA1,C166*,0.0
Omicron_BA1,C166-,-3.130739
Omicron_BA1,T167A,-0.18729354
Omicron_BA1,T167E,-0.25165477
Omicron_BA1,T167I,-0.5383735
Omicron_BA1,T167L,-0.40536097
Omicron_BA1,T167N,-0.08679345
Omicron_BA1,T167S,0.0051195347
Omicron_BA1,T167V,-0.20404056
Omicron_BA1,T167Y,0.16140214
Omicron_BA1,T167-,-2.090299
Omicron_BA1,F168A,-0.2779469
Omicron_BA1,F168I,-0.26598105
Omicron_BA1,F168L,-0.1661569
Omicron_BA1,F168S,-0.29328966
Omicron_BA1,F168V,-0.194904
Omicron_BA1,F168Y,0.2646233
Omicron_BA1,F168-,-0.39626923
Omicron_BA1,E169A,-0.34161788
Omicron_BA1,E169D,0.011050417
Omicron_BA1,E169G,-0.74018914
Omicron_BA1,E169K,-0.28281015
Omicron_BA1,E169N,-0.073536925
Omicron_BA1,E169Q,-0.15392984
Omicron_BA1,E169T,-0.40240282
Omicron_BA1,E169V,-0.33393186
Omicron_BA1,E169*,-2.5005186
Omicron_BA1,E169-,-0.85621566
Omicron_BA1,Y170C,-0.40194118
Omicron_BA1,Y170D,-0.52971005
Omicron_BA1,Y170F,-0.0677279
Omicron_BA1,Y170H,-0.104387365
Omicron_BA1,Y170I,-0.08288894
Omicron_BA1,Y170M,-0.0813526
Omicron_BA1,Y170N,-0.61338735
Omicron_BA1,Y170R,0.12837398
Omicron_BA1,Y170*,-1.8295406
Omicron_BA1,Y170-,-0.12730455
Omicron_BA1,V171A,-0.1628572
Omicron_BA1,V171C,-0.4316698
Omicron_BA1,V171D,0.4187213
Omicron_BA1,V171E,-0.08673014
Omicron_BA1,V171F,0.014856667
Omicron_BA1,V171G,-0.2970281
Omicron_BA1,V171I,-0.036483888
Omicron_BA1,V171L,-0.12401393
Omicron_BA1,V171M,-0.24886908
Omicron_BA1,V171S,-0.2124636
Omicron_BA1,V171-,-0.13894296
Omicron_BA1,S172A,0.022025758
Omicron_BA1,S172E,0.11964788
Omicron_BA1,S172F,-0.33331975
Omicron_BA1,S172G,-0.28396675
Omicron_BA1,S172I,-0.6621711
Omicron_BA1,S172L,-0.2459563
Omicron_BA1,S172N,-0.17134973
Omicron_BA1,S172P,-0.8771505
Omicron_BA1,S172R,-0.2808909
Omicron_BA1,S172T,-0.009672158
Omicron_BA1,S172Y,-0.2881323
Omicron_BA1,S172-,-0.4245799
Omicron_BA1,Q173D,-0.017643064
Omicron_BA1,Q173E,-0.02171609
Omicron_BA1,Q173H,-0.04343426
Omicron_BA1,Q173K,0.008970502
Omicron_BA1,Q173L,-0.07905509
Omicron_BA1,Q173P,-0.20194001
Omicron_BA1,Q173R,0.09095293
Omicron_BA1,Q173S,0.124782465
Omicron_BA1,Q173*,-3.0579777
Omicron_BA1,P174A,-0.04308586
Omicron_BA1,P174H,-0.16832912
Omicron_BA1,P174L,-0.26807716
Omicron_BA1,P174Q,-0.24476054
Omicron_BA1,P174R,-0.15772985
Omicron_BA1,P174S,0.025605561
Omicron_BA1,P174T,-0.048982322
Omicron_BA1,F175C,-0.034275256
Omicron_BA1,F175I,0.071214676
Omicron_BA1,F175K,-0.63862604
Omicron_BA1,F175L,-0.055093117
Omicron_BA1,F175S,0.0064523323
Omicron_BA1,F175V,-0.109788746
Omicron_BA1,F175Y,-0.5887364
Omicron_BA1,F175-,0.10374584
Omicron_BA1,L176A,0.07298476
Omicron_BA1,L176C,-0.25271505
Omicron_BA1,L176D,-0.11051523
Omicron_BA1,L176E,-0.101455286
Omicron_BA1,L176F,0.07508318
Omicron_BA1,L176G,-0.02355993
Omicron_BA1,L176H,-0.08681779
Omicron_BA1,L176I,0.02713138
Omicron_BA1,L176K,-0.14946632
Omicron_BA1,L176M,0.070945345
Omicron_BA1,L176N,-0.009375051
Omicron_BA1,L176P,-0.12624824
Omicron_BA1,L176Q,-0.08978629
Omicron_BA1,L176R,-0.15045618
Omicron_BA1,L176S,-0.030376932
Omicron_BA1,L176T,-0.074810214
Omicron_BA1,L176V,0.027844068
Omicron_BA1,L176W,-0.06145096
Omicron_BA1,L176Y,-0.018200766
Omicron_BA1,L176*,-2.6255567
Omicron_BA1,L176-,0.07018544
Omicron_BA1,M177I,0.0053744037
Omicron_BA1,M177K,0.030130012
Omicron_BA1,M177L,0.0073578246
Omicron_BA1,M177N,-0.06914849
Omicron_BA1,M177R,0.09867376
Omicron_BA1,M177T,0.08124648
Omicron_BA1,M177V,0.05085863
Omicron_BA1,M177W,0.018842993
Omicron_BA1,M177Y,-0.04533355
Omicron_BA1,M177-,-0.27699873
Omicron_BA1,D178A,-0.06105864
Omicron_BA1,D178C,-0.24998608
Omicron_BA1,D178E,-0.033765797
Omicron_BA1,D178F,-0.067662105
Omicron_BA1,D178G,-0.03528301
Omicron_BA1,D178H,-0.04545272
Omicron_BA1,D178I,-0.30097568
Omicron_BA1,D178K,0.05874796
Omicron_BA1,D178L,-0.3203316
Omicron_BA1,D178M,-0.24963668
Omicron_BA1,D178N,-0.026189776
Omicron_BA1,D178P,0.016759608
Omicron_BA1,D178Q,-0.07985146
Omicron_BA1,D178R,-0.15372886
Omicron_BA1,D178S,-0.048292033
Omicron_BA1,D178T,-0.084888145
Omicron_BA1,D178V,-0.1440591
Omicron_BA1,D178W,-0.38634902
Omicron_BA1,D178Y,-0.11856349
Omicron_BA1,D178*,-4.67063
Omicron_BA1,D178-,0.28602484
Omicron_BA1,L179F,0.035560407
Omicron_BA1,L179G,0.21599485
Omicron_BA1,L179I,0.065337695
Omicron_BA1,L179M,-0.1142231
Omicron_BA1,L179P,-0.017460922
Omicron_BA1,L179R,-0.08554157
Omicron_BA1,L179S,0.030647745
Omicron_BA1,L179T,0.38131082
Omicron_BA1,L179V,0.0
Omicron_BA1,L179*,0.7493086
Omicron_BA1,L179-,-0.049133893
Omicron_BA1,E180A,-0.14554718
Omicron_BA1,E180D,-0.05263351
Omicron_BA1,E180G,-0.057762224
Omicron_BA1,E180K,0.070104465
Omicron_BA1,E180Q,-0.15550125
Omicron_BA1,E180R,-0.16578825
Omicron_BA1,E180T,0.010174182
Omicron_BA1,E180V,-0.0352609
Omicron_BA1,E180*,-3.151038
Omicron_BA1,E180-,-0.40026915
Omicron_BA1,G181A,-0.045936875
Omicron_BA1,G181C,-0.18159091
Omicron_BA1,G181D,-0.027157944
Omicron_BA1,G181E,0.09033783
Omicron_BA1,G181I,-0.3541153
Omicron_BA1,G181L,-0.043443903
Omicron_BA1,G181R,0.0128392745
Omicron_BA1,G181S,0.0947681
Omicron_BA1,G181V,0.032791387
Omicron_BA1,G181-,-0.13959858
Omicron_BA1,K182C,-0.13598615
Omicron_BA1,K182E,-0.009441509
Omicron_BA1,K182I,-0.035127908
Omicron_BA1,K182M,0.0
Omicron_BA1,K182N,-0.0016237661
Omicron_BA1,K182Q,-0.13268991
Omicron_BA1,K182R,-0.0309124
Omicron_BA1,K182T,0.05015449
Omicron_BA1,Q183E,0.03612327
Omicron_BA1,Q183H,-0.013334541
Omicron_BA1,Q183K,-0.06561247
Omicron_BA1,Q183L,0.013501283
Omicron_BA1,Q183M,0.0
Omicron_BA1,Q183P,-0.07391677
Omicron_BA1,Q183R,0.022642054
Omicron_BA1,Q183S,0.2463226
Omicron_BA1,Q183T,0.07772114
Omicron_BA1,Q183Y,0.00046225113
Omicron_BA1,Q183*,-5.2966557
Omicron_BA1,G184A,-0.044868536
Omicron_BA1,G184C,-0.359339
Omicron_BA1,G184D,0.016409533
Omicron_BA1,G184R,-0.06646442
Omicron_BA1,G184S,0.005799251
Omicron_BA1,G184V,-0.03216032
Omicron_BA1,G184-,-0.038205914
Omicron_BA1,N185D,0.06970322
Omicron_BA1,N185H,0.15370886
Omicron_BA1,N185I,-0.16664508
Omicron_BA1,N185K,-0.03801284
Omicron_BA1,N185L,-0.14146762
Omicron_BA1,N185S,0.02823828
Omicron_BA1,N185T,0.03397445
Omicron_BA1,N185Y,-0.09391433
Omicron_BA1,N185-,-0.1508137
Omicron_BA1,F186C,-0.7101523
Omicron_BA1,F186H,0.033337515
Omicron_BA1,F186I,0.085274644
Omicron_BA1,F186L,-0.037507143
Omicron_BA1,F186S,0.037575744
Omicron_BA1,F186V,-0.014422422
Omicron_BA1,F186Y,-0.20764361
Omicron_BA1,F186-,-0.26835707
Omicron_BA1,K187D,-0.09146455
Omicron_BA1,K187E,0.020995399
Omicron_BA1,K187I,-0.02733002
Omicron_BA1,K187M,0.07652061
Omicron_BA1,K187N,0.09567472
Omicron_BA1,K187Q,0.13607153
Omicron_BA1,K187R,-0.04262176
Omicron_BA1,K187T,-0.019009737
Omicron_BA1,K187-,-0.25265902
Omicron_BA1,N188D,0.01211084
Omicron_BA1,N188H,-0.28547955
Omicron_BA1,N188I,-0.046762984
Omicron_BA1,N188K,-0.07117381
Omicron_BA1,N188S,0.03218886
Omicron_BA1,N188T,0.09303402
Omicron_BA1,N188Y,0.035213843
Omicron_BA1,N188*,0.0
Omicron_BA1,N188-,-0.17543238
Omicron_BA1,L189F,-0.058670036
Omicron_BA1,L189I,0.0013845252
Omicron_BA1,L189M,-0.09979846
Omicron_BA1,L189N,-2.2750435
Omicron_BA1,L189P,-2.9344966
Omicron_BA1,L189Q,1.0528923
Omicron_BA1,L189R,0.46356976
Omicron_BA1,L189S,-1.2959753
Omicron_BA1,L189V,-0.3199515
Omicron_BA1,L189-,-1.361677
Omicron_BA1,R190G,-0.13558066
Omicron_BA1,R190I,-0.008470337
Omicron_BA1,R190K,-0.084477045
Omicron_BA1,R190M,-0.1417803
Omicron_BA1,R190N,0.070706524
Omicron_BA1,R190S,-0.058029737
Omicron_BA1,R190T,0.36814183
Omicron_BA1,R190W,0.060251575
Omicron_BA1,R190-,-0.31835034
Omicron_BA1,E191D,-2.876787
Omicron_BA1,E191G,-1.7835786
Omicron_BA1,E191I,-1.1407517
Omicron_BA1,E191K,-2.8615975
Omicron_BA1,E191N,-3.2006164
Omicron_BA1,E191Q,-2.7922935
Omicron_BA1,E191*,-1.0375884
Omicron_BA1,F192I,-0.37703687
Omicron_BA1,F192L,-0.20759693
Omicron_BA1,F192S,-2.7178087
Omicron_BA1,F192W,-0.26418388
Omicron_BA1,F192Y,0.04683558
Omicron_BA1,V193A,-0.66161156
Omicron_BA1,V193C,-0.41322395
Omicron_BA1,V193E,0.0
Omicron_BA1,V193G,0.0
Omicron_BA1,V193I,0.28465164
Omicron_BA1,V193L,0.06754688
Omicron_BA1,V193M,-0.4970789
Omicron_BA1,V193-,-1.259981
Omicron_BA1,F194I,-0.36847952
Omicron_BA1,F194L,-0.46674588
Omicron_BA1,F194S,0.0
Omicron_BA1,F194V,0.06829862
Omicron_BA1,F194-,-1.2924252
Omicron_BA1,K195E,-2.3851793
Omicron_BA1,K195G,0.0
Omicron_BA1,K195M,0.0
Omicron_BA1,K195N,-2.5560153
Omicron_BA1,K195R,-0.7724188
Omicron_BA1,K195*,-1.4535309
Omicron_BA1,N196D,-0.11142879
Omicron_BA1,N196E,0.22187304
Omicron_BA1,N196G,0.0
Omicron_BA1,N196H,-0.5395425
Omicron_BA1,N196I,0.09104786
Omicron_BA1,N196K,-0.11953958
Omicron_BA1,N196S,0.04006932
Omicron_BA1,N196T,-0.048979837
Omicron_BA1,N196Y,0.26828536
Omicron_BA1,N196-,0.02881257
Omicron_BA1,I197D,-0.25352597
Omicron_BA1,I197L,0.12277798
Omicron_BA1,I197M,0.18125167
Omicron_BA1,I197N,0.16856053
Omicron_BA1,I197R,0.36961284
Omicron_BA1,I197S,0.1081388
Omicron_BA1,I197T,-0.008095267
Omicron_BA1,I197V,-0.00242035
Omicron_BA1,I197Y,-0.08894408
Omicron_BA1,D198A,-0.051565118
Omicron_BA1,D198E,-0.248052
Omicron_BA1,D198F,-1.1880085
Omicron_BA1,D198G,-0.08136618
Omicron_BA1,D198H,0.036759663
Omicron_BA1,D198L,-0.046936654
Omicron_BA1,D198M,-0.09090518
Omicron_BA1,D198N,0.22262512
Omicron_BA1,D198V,0.0
Omicron_BA1,D198Y,-0.033027276
Omicron_BA1,G199A,-0.12603967
Omicron_BA1,G199C,-1.0286357
Omicron_BA1,G199D,-0.8106846
Omicron_BA1,G199L,-1.3951429
Omicron_BA1,G199R,-0.9774411
Omicron_BA1,G199S,-0.25282192
Omicron_BA1,G199V,-1.1226345
Omicron_BA1,G199W,-2.040351
Omicron_BA1,Y200A,-0.080505
Omicron_BA1,Y200C,0.2614157
Omicron_BA1,Y200F,0.21625485
Omicron_BA1,Y200H,0.11187008
Omicron_BA1,Y200I,0.25243974
Omicron_BA1,Y200L,0.042895187
Omicron_BA1,Y200N,0.3755486
Omicron_BA1,Y200S,-0.025277182
Omicron_BA1,Y200*,-2.8249216
Omicron_BA1,Y200-,0.0
Omicron_BA1,F201C,-0.33889845
Omicron_BA1,F201H,-1.9429013
Omicron_BA1,F201I,0.2571537
Omicron_BA1,F201L,0.27073815
Omicron_BA1,F201S,-3.415442
Omicron_BA1,F201V,-0.33369276
Omicron_BA1,F201Y,0.0
Omicron_BA1,K202A,-0.8116325
Omicron_BA1,K202E,-0.49261358
Omicron_BA1,K202G,0.0026166993
Omicron_BA1,K202H,-0.056598593
Omicron_BA1,K202M,0.044922907
Omicron_BA1,K202N,-0.18170655
Omicron_BA1,K202R,-0.07063226
Omicron_BA1,K202S,-0.20118009
Omicron_BA1,K202T,-0.111946516
Omicron_BA1,I203A,-1.3771452
Omicron_BA1,I203F,0.0
Omicron_BA1,I203K,-3.9173865
Omicron_BA1,I203L,-0.18602511
Omicron_BA1,I203M,-0.23466206
Omicron_BA1,I203N,-1.5235852
Omicron_BA1,I203S,-0.31762445
Omicron_BA1,I203T,-0.29070577
Omicron_BA1,I203V,-0.13727212
Omicron_BA1,I203Y,-2.311106
Omicron_BA1,Y204C,-0.881684
Omicron_BA1,Y204F,-0.08250006
Omicron_BA1,Y204H,-0.09284116
Omicron_BA1,Y204I,-2.6780066
Omicron_BA1,Y204L,-0.25402766
Omicron_BA1,Y204N,-0.365462
Omicron_BA1,Y204*,-1.7991037
Omicron_BA1,S205A,0.15483332
Omicron_BA1,S205C,-0.5969899
Omicron_BA1,S205F,-0.06494884
Omicron_BA1,S205G,-0.0673452
Omicron_BA1,S205I,-0.13866335
Omicron_BA1,S205L,0.08314567
Omicron_BA1,S205N,0.022004658
Omicron_BA1,S205R,0.06065032
Omicron_BA1,S205T,0.0649198
Omicron_BA1,S205Y,0.025152026
Omicron_BA1,K206A,0.18020096
Omicron_BA1,K206E,-0.7656632
Omicron_BA1,K206G,-1.5989653
Omicron_BA1,K206I,-1.3665726
Omicron_BA1,K206L,-0.46133828
Omicron_BA1,K206M,-0.23885334
Omicron_BA1,K206N,-0.34835744
Omicron_BA1,K206R,-0.28840828
Omicron_BA1,K206S,-0.45815852
Omicron_BA1,K206T,-0.058132507
Omicron_BA1,H207L,-0.020975975
Omicron_BA1,H207M,0.33182988
Omicron_BA1,H207N,0.08375748
Omicron_BA1,H207P,0.6399625
Omicron_BA1,H207Q,0.060634904
Omicron_BA1,H207R,0.11910137
Omicron_BA1,H207S,0.08259875
Omicron_BA1,H207T,0.028861474
Omicron_BA1,H207Y,0.027020175
Omicron_BA1,T208A,-0.09002154
Omicron_BA1,T208I,-0.06805776
Omicron_BA1,T208K,-0.17893533
Omicron_BA1,T208L,-0.76010233
Omicron_BA1,T208M,0.0519475
Omicron_BA1,T208P,-0.30118695
Omicron_BA1,T208R,-1.3827131
Omicron_BA1,T208S,-0.19730352
Omicron_BA1,P209A,0.33019865
Omicron_BA1,P209H,-0.0075692004
Omicron_BA1,P209L,-0.0010607932
Omicron_BA1,P209Q,0.034792926
Omicron_BA1,P209R,0.08636392
Omicron_BA1,P209S,0.057530962
Omicron_BA1,P209T,0.05287935
Omicron_BA1,P209Y,-0.07437863
Omicron_BA1,I210F,-0.04580106
Omicron_BA1,I210L,-0.23709214
Omicron_BA1,I210N,0.020716934
Omicron_BA1,I210S,0.08199812
Omicron_BA1,I210T,0.023437966
Omicron_BA1,I210V,-0.012877235
Omicron_BA1,I210Y,-0.08495317
Omicron_BA1,I210-,-0.07278313
Omicron_BA1,I212A,-0.02848446
Omicron_BA1,I212C,-0.055563368
Omicron_BA1,I212D,0.11720194
Omicron_BA1,I212E,0.031146845
Omicron_BA1,I212F,-0.014495414
Omicron_BA1,I212G,0.03496004
Omicron_BA1,I212H,0.019746132
Omicron_BA1,I212K,0.07238357
Omicron_BA1,I212L,-0.010188431
Omicron_BA1,I212M,-0.13592343
Omicron_BA1,I212N,0.078033455
Omicron_BA1,I212P,0.09469285
Omicron_BA1,I212Q,0.0062656365
Omicron_BA1,I212R,-0.028465046
Omicron_BA1,I212S,-0.02979658
Omicron_BA1,I212T,0.06835251
Omicron_BA1,I212V,0.05478741
Omicron_BA1,I212W,-0.006866746
Omicron_BA1,I212Y,0.09539827
Omicron_BA1,I212*,-3.8326354
Omicron_BA1,I212-,-0.15852758
Omicron_BA1,V213A,0.032361127
Omicron_BA1,V213C,-0.30856434
Omicron_BA1,V213D,0.14220041
Omicron_BA1,V213E,0.051154375
Omicron_BA1,V213F,-0.13872363
Omicron_BA1,V213G,0.032527324
Omicron_BA1,V213H,0.05498333
Omicron_BA1,V213I,0.04753447
Omicron_BA1,V213K,-0.17335202
Omicron_BA1,V213L,0.028572083
Omicron_BA1,V213M,-0.04097206
Omicron_BA1,V213N,0.10969561
Omicron_BA1,V213P,-0.0059501077
Omicron_BA1,V213Q,-0.100637875
Omicron_BA1,V213R,-0.0527692
Omicron_BA1,V213S,-0.038062695
Omicron_BA1,V213T,-0.03904358
Omicron_BA1,V213W,-0.08695723
Omicron_BA1,V213Y,-0.16070206
Omicron_BA1,V213*,-3.8306139
Omicron_BA1,V213-,0.11727786
Omicron_BA1,R214A,0.032964773
Omicron_BA1,R214C,-0.07265754
Omicron_BA1,R214E,0.015531694
Omicron_BA1,R214G,0.028815422
Omicron_BA1,R214H,0.03910345
Omicron_BA1,R214I,-0.10442477
Omicron_BA1,R214K,0.04746828
Omicron_BA1,R214L,0.013719516
Omicron_BA1,R214M,0.054572623
Omicron_BA1,R214N,0.23919342
Omicron_BA1,R214P,0.031443607
Omicron_BA1,R214Q,0.32334495
Omicron_BA1,R214S,-0.08797904
Omicron_BA1,R214V,-0.08497143
Omicron_BA1,R214W,0.0
Omicron_BA1,R214Y,-0.043373425
Omicron_BA1,R214-,-0.058082573
Omicron_BA1,D215A,-0.039863598
Omicron_BA1,D215C,-0.15032007
Omicron_BA1,D215E,-0.07532526
Omicron_BA1,D215F,-0.119804576
Omicron_BA1,D215G,-0.045293156
Omicron_BA1,D215H,-0.04672953
Omicron_BA1,D215I,-0.13552642
Omicron_BA1,D215K,0.026601238
Omicron_BA1,D215L,-0.01546439
Omicron_BA1,D215M,-0.25663334
Omicron_BA1,D215N,0.0014915161
Omicron_BA1,D215P,-0.14478303
Omicron_BA1,D215Q,-0.17244188
Omicron_BA1,D215R,-0.0945516
Omicron_BA1,D215S,-0.02107753
Omicron_BA1,D215T,-0.090846494
Omicron_BA1,D215V,-0.06298133
Omicron_BA1,D215W,-0.11362818
Omicron_BA1,D215Y,-0.06621028
Omicron_BA1,D215*,-1.9846256
Omicron_BA1,D215-,0.24832731
Omicron_BA1,L216A,-0.5817093
Omicron_BA1,L216D,-0.18919887
Omicron_BA1,L216F,0.04033233
Omicron_BA1,L216I,-0.12860927
Omicron_BA1,L216M,-0.18891063
Omicron_BA1,L216P,-0.8153715
Omicron_BA1,L216Q,-0.8184549
Omicron_BA1,L216R,0.19192025
Omicron_BA1,L216S,-1.6078432
Omicron_BA1,L216-,-1.1353805
Omicron_BA1,P217H,-0.05749455
Omicron_BA1,P217I,-1.4560391
Omicron_BA1,P217L,-0.016964274
Omicron_BA1,P217M,0.0
Omicron_BA1,P217Q,0.054547567
Omicron_BA1,P217R,0.0
Omicron_BA1,P217S,-0.01584115
Omicron_BA1,P217T,-0.18477333
Omicron_BA1,P217V,0.27743548
Omicron_BA1,P217-,0.29133424
Omicron_BA1,Q218E,0.03060542
Omicron_BA1,Q218H,0.030970007
Omicron_BA1,Q218I,-0.092035614
Omicron_BA1,Q218K,-0.03859142
Omicron_BA1,Q218L,-0.13164304
Omicron_BA1,Q218P,-0.028473679
Omicron_BA1,Q218R,-0.120873295
Omicron_BA1,Q218S,0.10860507
Omicron_BA1,Q218*,-1.3233328
Omicron_BA1,Q218-,-0.17289837
Omicron_BA1,G219C,-0.2396026
Omicron_BA1,G219D,-0.06561341
Omicron_BA1,G219F,0.0
Omicron_BA1,G219S,-0.04262664
Omicron_BA1,G219V,-0.14534155
Omicron_BA1,G219-,0.016438995
Omicron_BA1,F220C,0.0
Omicron_BA1,F220I,0.06605752
Omicron_BA1,F220L,-0.15954386
Omicron_BA1,F220S,-1.5749595
Omicron_BA1,F220V,-0.18709573
Omicron_BA1,F220Y,-1.225005
Omicron_BA1,F220-,-2.6508906
Omicron_BA1,S221A,0.030436868
Omicron_BA1,S221F,-0.47241864
Omicron_BA1,S221L,4.7313773e-05
Omicron_BA1,S221P,-1.8736275
Omicron_BA1,S221R,-0.6667879
Omicron_BA1,S221T,0.09650865
Omicron_BA1,S221W,-0.29712373
Omicron_BA1,S221Y,-0.05645378
Omicron_BA1,S221-,-0.15011466
Omicron_BA1,A222C,-0.16386811
Omicron_BA1,A222D,-0.33390403
Omicron_BA1,A222E,-3.6405451
Omicron_BA1,A222F,-1.2939811
Omicron_BA1,A222G,-0.39468643
Omicron_BA1,A222H,-4.6465917
Omicron_BA1,A222I,-0.029816166
Omicron_BA1,A222K,-3.571459
Omicron_BA1,A222L,-0.23083991
Omicron_BA1,A222M,-0.3902684
Omicron_BA1,A222N,-1.6803447
Omicron_BA1,A222P,-0.1047001
Omicron_BA1,A222Q,-1.6773198
Omicron_BA1,A222R,-4.3375764
Omicron_BA1,A222S,-0.26066834
Omicron_BA1,A222T,-0.014713817
Omicron_BA1,A222V,-0.065251715
Omicron_BA1,A222W,-4.2150526
Omicron_BA1,A222Y,-3.653148
Omicron_BA1,A222*,-3.1400774
Omicron_BA1,A222-,-2.4164767
Omicron_BA1,L223E,-2.909595
Omicron_BA1,L223F,-3.451818
Omicron_BA1,L223I,-0.47306678
Omicron_BA1,L223M,-1.2218817
Omicron_BA1,L223S,-2.105915
Omicron_BA1,L223T,-1.9085956
Omicron_BA1,L223V,-2.923005
Omicron_BA1,L223-,-0.74095386
Omicron_BA1,E224A,-0.085469075
Omicron_BA1,E224D,-1.5268756
Omicron_BA1,E224G,-0.3892573
Omicron_BA1,E224K,-0.69186246
Omicron_BA1,E224N,-1.4327973
Omicron_BA1,E224Q,-0.0859574
Omicron_BA1,E224R,-0.323547
Omicron_BA1,E224T,-0.5563915
Omicron_BA1,E224V,-0.28430676
Omicron_BA1,E224*,-1.4963527
Omicron_BA1,E224-,-0.21432365
Omicron_BA1,P225A,-2.0838957
Omicron_BA1,P225H,-4.1268535
Omicron_BA1,P225L,-1.4901918
Omicron_BA1,P225Q,-1.7254862
Omicron_BA1,P225R,-2.3840344
Omicron_BA1,P225S,-2.6278994
Omicron_BA1,P225T,-3.895474
Omicron_BA1,P225V,-3.2501397
Omicron_BA1,P225-,-2.6621253
Omicron_BA1,L226F,-0.08463251
Omicron_BA1,L226I,0.10173532
Omicron_BA1,L226M,-0.0033864325
Omicron_BA1,L226P,-3.3140583
Omicron_BA1,L226S,-0.16048099
Omicron_BA1,L226T,0.14399984
Omicron_BA1,L226V,-0.042268407
Omicron_BA1,L226W,-0.5037689
Omicron_BA1,L226-,-2.4172862
Omicron_BA1,V227A,-0.12208531
Omicron_BA1,V227E,0.018109668
Omicron_BA1,V227G,-0.76223695
Omicron_BA1,V227I,-0.033978228
Omicron_BA1,V227L,-0.1087382
Omicron_BA1,V227M,-0.08941614
Omicron_BA1,V227R,0.0
Omicron_BA1,V227T,-0.24727578
Omicron_BA1,V227-,-1.1408844
Omicron_BA1,D228A,-0.10252454
Omicron_BA1,D228E,-0.13201128
Omicron_BA1,D228G,-0.37538862
Omicron_BA1,D228H,-0.28321657
Omicron_BA1,D228I,-0.88084185
Omicron_BA1,D228K,0.27994618
Omicron_BA1,D228L,1.155253
Omicron_BA1,D228N,0.048613925
Omicron_BA1,D228R,-0.0017948976
Omicron_BA1,D228S,-0.21792914
Omicron_BA1,D228V,-0.7091426
Omicron_BA1,D228Y,-0.13026226
Omicron_BA1,D228-,-2.4291542
Omicron_BA1,L229C,-0.39801246
Omicron_BA1,L229F,-0.29286644
Omicron_BA1,L229I,-0.6652591
Omicron_BA1,L229M,-0.06688487
Omicron_BA1,L229P,-1.7098447
Omicron_BA1,L229Q,-0.6554705
Omicron_BA1,L229R,-1.3436478
Omicron_BA1,L229S,-0.7833977
Omicron_BA1,L229T,-0.69713503
Omicron_BA1,L229V,-0.086613245
Omicron_BA1,L229W,-0.78016883
Omicron_BA1,L229-,0.0
Omicron_BA1,P230A,0.037363056
Omicron_BA1,P230G,-0.42259246
Omicron_BA1,P230I,-2.178268
Omicron_BA1,P230L,-0.9594287
Omicron_BA1,P230N,-0.55729955
Omicron_BA1,P230Q,-0.7090061
Omicron_BA1,P230S,-0.062448785
Omicron_BA1,P230T,-0.088174485
Omicron_BA1,P230V,-0.33356655
Omicron_BA1,P230-,0.64677346
Omicron_BA1,I231A,-0.5366474
Omicron_BA1,I231C,-0.4316207
Omicron_BA1,I231F,0.03393645
Omicron_BA1,I231L,0.07612157
Omicron_BA1,I231M,-0.2561804
Omicron_BA1,I231N,-0.98167026
Omicron_BA1,I231S,0.0
Omicron_BA1,I231T,-0.074901335
Omicron_BA1,I231V,0.06041419
Omicron_BA1,I231-,-0.86090344
Omicron_BA1,G232A,-0.051495116
Omicron_BA1,G232C,0.02368849
Omicron_BA1,G232D,-0.14537665
Omicron_BA1,G232F,0.0
Omicron_BA1,G232K,-0.9135219
Omicron_BA1,G232N,0.03508589
Omicron_BA1,G232R,-0.3157339
Omicron_BA1,G232S,0.043255392
Omicron_BA1,G232V,0.09084987
Omicron_BA1,G232Y,-0.44820276
Omicron_BA1,G232-,-1.172853
Omicron_BA1,I233F,-0.3204777
Omicron_BA1,I233L,0.028233731
Omicron_BA1,I233M,0.12288495
Omicron_BA1,I233N,0.0
Omicron_BA1,I233R,0.0
Omicron_BA1,I233S,-0.7237113
Omicron_BA1,I233T,-0.0975507
Omicron_BA1,I233V,-0.048766885
Omicron_BA1,I233Y,-1.6891844
Omicron_BA1,I233-,0.0
Omicron_BA1,N234D,0.24133596
Omicron_BA1,N234F,-1.2221069
Omicron_BA1,N234H,0.31445354
Omicron_BA1,N234K,0.05653097
Omicron_BA1,N234L,0.29017636
Omicron_BA1,N234P,0.47214326
Omicron_BA1,N234R,0.1280643
Omicron_BA1,N234S,0.021326642
Omicron_BA1,N234T,0.2154236
Omicron_BA1,N234Y,-0.3244687
Omicron_BA1,N234-,-1.1112612
Omicron_BA1,I235A,-0.66924614
Omicron_BA1,I235F,-0.36037642
Omicron_BA1,I235L,-0.86914593
Omicron_BA1,I235N,-1.2341393
Omicron_BA1,I235Q,0.0
Omicron_BA1,I235S,-2.0972621
Omicron_BA1,I235T,-0.51266265
Omicron_BA1,I235V,0.1394055
Omicron_BA1,I235-,-0.36904025
Omicron_BA1,T236A,-0.20716931
Omicron_BA1,T236F,-1.2833142
Omicron_BA1,T236I,0.020841682
Omicron_BA1,T236K,-1.6226133
Omicron_BA1,T236L,-0.014777714
Omicron_BA1,T236N,-0.2481344
Omicron_BA1,T236S,-0.0849354
Omicron_BA1,T236V,0.008053087
Omicron_BA1,T236-,-2.9191403
Omicron_BA1,R237C,-0.123157755
Omicron_BA1,R237G,-0.10822246
Omicron_BA1,R237K,0.014092419
Omicron_BA1,R237M,-0.028257582
Omicron_BA1,R237N,-0.031603456
Omicron_BA1,R237S,-0.06072605
Omicron_BA1,R237W,0.3665599
Omicron_BA1,R237Y,-0.1536301
Omicron_BA1,R237-,-1.1021389
Omicron_BA1,F238C,0.0
Omicron_BA1,F238I,-0.14684443
Omicron_BA1,F238L,-0.23963383
Omicron_BA1,F238S,-1.9725825
Omicron_BA1,F238V,0.0
Omicron_BA1,F238Y,-0.63209754
Omicron_BA1,F238-,0.0
Omicron_BA1,Q239E,-0.48933503
Omicron_BA1,Q239H,-0.102776274
Omicron_BA1,Q239K,0.015428336
Omicron_BA1,Q239L,-0.053748168
Omicron_BA1,Q239P,-0.9972535
Omicron_BA1,Q239R,0.06771237
Omicron_BA1,Q239S,0.13338836
Omicron_BA1,Q239T,0.05117865
Omicron_BA1,Q239*,-3.2011058
Omicron_BA1,Q239-,0.0
Omicron_BA1,T240A,-0.018660273
Omicron_BA1,T240I,0.0063624782
Omicron_BA1,T240L,-1.3512583
Omicron_BA1,T240N,-0.19061962
Omicron_BA1,T240P,0.0043809433
Omicron_BA1,T240R,-0.3953439
Omicron_BA1,T240S,0.122837365
Omicron_BA1,T240V,0.2156053
Omicron_BA1,T240-,-0.27389878
Omicron_BA1,L241F,-0.32791576
Omicron_BA1,L241H,0.9090507
Omicron_BA1,L241I,-0.17560886
Omicron_BA1,L241K,-1.5379905
Omicron_BA1,L241M,-0.5290664
Omicron_BA1,L241P,-2.2881227
Omicron_BA1,L241Q,0.0
Omicron_BA1,L241R,0.17555638
Omicron_BA1,L241S,-2.6779377
Omicron_BA1,L241V,0.047701437
Omicron_BA1,L241Y,-0.8859117
Omicron_BA1,L241-,-0.21011542
Omicron_BA1,L242F,0.064041026
Omicron_BA1,L242H,-0.043591022
Omicron_BA1,L242I,-0.19175944
Omicron_BA1,L242M,-0.15493551
Omicron_BA1,L242P,-0.45674342
Omicron_BA1,L242Q,-0.31368667
Omicron_BA1,L242R,-0.246642
Omicron_BA1,L242S,0.0
Omicron_BA1,L242T,-0.43921182
Omicron_BA1,L242V,0.18474327
Omicron_BA1,L242W,-0.4248718
Omicron_BA1,L242Y,0.242797
Omicron_BA1,L242-,0.17582324
Omicron_BA1,A243C,-0.117239326
Omicron_BA1,A243D,-0.024707023
Omicron_BA1,A243F,-1.2169245
Omicron_BA1,A243G,-0.010598672
Omicron_BA1,A243L,-1.0187021
Omicron_BA1,A243P,-0.3446491
Omicron_BA1,A243S,0.112867564
Omicron_BA1,A243T,-0.025354873
Omicron_BA1,A243V,-0.05690038
Omicron_BA1,A243Y,0.012259059
Omicron_BA1,A243-,0.0033586307
Omicron_BA1,L244D,-0.23164392
Omicron_BA1,L244F,-0.09586879
Omicron_BA1,L244I,-0.12178068
Omicron_BA1,L244M,0.05802358
Omicron_BA1,L244P,0.0007952763
Omicron_BA1,L244Q,-0.5818528
Omicron_BA1,L244R,0.0
Omicron_BA1,L244S,-0.28485516
Omicron_BA1,L244V,0.10870597
Omicron_BA1,L244-,0.10367083
Omicron_BA1,H245C,-0.096211456
Omicron_BA1,H245D,-0.06893691
Omicron_BA1,H245F,-0.3216388
Omicron_BA1,H245L,-0.66149473
Omicron_BA1,H245N,-0.011508335
Omicron_BA1,H245P,0.021061853
Omicron_BA1,H245Q,-0.0034625002
Omicron_BA1,H245R,-0.038421445
Omicron_BA1,H245S,0.1334485
Omicron_BA1,H245T,0.10397589
Omicron_BA1,H245Y,-0.024419067
Omicron_BA1,H245-,0.1126515
Omicron_BA1,R246D,0.0
Omicron_BA1,R246E,0.24240772
Omicron_BA1,R246G,0.08713528
Omicron_BA1,R246I,-0.021182893
Omicron_BA1,R246K,0.057173256
Omicron_BA1,R246M,-0.35756192
Omicron_BA1,R246N,0.007569107
Omicron_BA1,R246Q,-0.060834013
Omicron_BA1,R246S,0.030309062
Omicron_BA1,R246T,-0.098431796
Omicron_BA1,R246V,-0.63810533
Omicron_BA1,R246W,-0.13639246
Omicron_BA1,R246Y,-0.16111177
Omicron_BA1,R246-,0.08411716
Omicron_BA1,S247C,-0.00866269
Omicron_BA1,S247F,0.06992641
Omicron_BA1,S247G,-0.019722492
Omicron_BA1,S247H,0.090876676
Omicron_BA1,S247I,-0.12094816
Omicron_BA1,S247K,1.6260418
Omicron_BA1,S247N,0.023920747
Omicron_BA1,S247P,-0.080783196
Omicron_BA1,S247R,-0.5732012
Omicron_BA1,S247V,0.0
Omicron_BA1,S247Y,-0.037462715
Omicron_BA1,S247-,-0.0036287156
Omicron_BA1,Y248C,-0.085750744
Omicron_BA1,Y248D,0.24914083
Omicron_BA1,Y248F,-0.056413647
Omicron_BA1,Y248H,0.001470664
Omicron_BA1,Y248I,-0.072695285
Omicron_BA1,Y248L,0.11157643
Omicron_BA1,Y248N,-0.23051028
Omicron_BA1,Y248Q,0.0
Omicron_BA1,Y248S,-0.050505545
Omicron_BA1,Y248V,-0.3551583
Omicron_BA1,Y248*,-1.9003181
Omicron_BA1,Y248-,-0.057998598
Omicron_BA1,L249F,-0.045438472
Omicron_BA1,L249M,0.074393734
Omicron_BA1,L249P,-0.060102448
Omicron_BA1,L249Q,0.083425365
Omicron_BA1,L249R,-0.04617267
Omicron_BA1,L249S,0.28531158
Omicron_BA1,L249V,-0.03593179
Omicron_BA1,L249W,-0.09157036
Omicron_BA1,L249-,0.029940136
Omicron_BA1,T250A,0.09784178
Omicron_BA1,T250D,0.20074062
Omicron_BA1,T250F,0.033276573
Omicron_BA1,T250I,-0.021314273
Omicron_BA1,T250K,0.1235724
Omicron_BA1,T250L,-0.118012115
Omicron_BA1,T250M,0.8034506
Omicron_BA1,T250N,0.11316238
Omicron_BA1,T250P,0.101592585
Omicron_BA1,T250Q,-0.07691398
Omicron_BA1,T250R,0.3930164
Omicron_BA1,T250S,-0.107988134
Omicron_BA1,T250-,0.090718254
Omicron_BA1,P251A,-1.2023425
Omicron_BA1,P251H,-0.024219174
Omicron_BA1,P251L,0.02534214
Omicron_BA1,P251R,-0.31288302
Omicron_BA1,P251S,0.014979406
Omicron_BA1,P251T,-0.07327468
Omicron_BA1,P251V,-0.059724838
Omicron_BA1,P251Y,-0.07259764
Omicron_BA1,P251-,0.082440525
Omicron_BA1,G252A,0.0
Omicron_BA1,G252D,-0.027058646
Omicron_BA1,G252E,-0.033352163
Omicron_BA1,G252I,-0.11677528
Omicron_BA1,G252L,0.092722766
Omicron_BA1,G252R,0.022987321
Omicron_BA1,G252S,0.07849695
Omicron_BA1,G252V,-0.18314676
Omicron_BA1,G252*,-0.67139614
Omicron_BA1,G252-,-0.13927984
Omicron_BA1,D253A,-0.0009533023
Omicron_BA1,D253C,-0.020895217
Omicron_BA1,D253E,0.13734
Omicron_BA1,D253F,-0.10124587
Omicron_BA1,D253G,-0.07979326
Omicron_BA1,D253H,0.009109396
Omicron_BA1,D253I,-0.1467725
Omicron_BA1,D253K,0.11330774
Omicron_BA1,D253L,-0.030555492
Omicron_BA1,D253M,-0.023076031
Omicron_BA1,D253N,0.08414982
Omicron_BA1,D253P,-0.07171304
Omicron_BA1,D253Q,-0.08169316
Omicron_BA1,D253R,-0.0008210234
Omicron_BA1,D253S,-0.01495164
Omicron_BA1,D253T,-0.028338939
Omicron_BA1,D253V,-0.10099961
Omicron_BA1,D253W,-0.08989139
Omicron_BA1,D253Y,-0.039018292
Omicron_BA1,D253*,-2.8552892
Omicron_BA1,D253-,-0.35750735
Omicron_BA1,S254A,0.06599671
Omicron_BA1,S254C,-0.10218802
Omicron_BA1,S254D,0.13472421
Omicron_BA1,S254E,0.00947217
Omicron_BA1,S254F,0.051999643
Omicron_BA1,S254G,-0.2669537
Omicron_BA1,S254H,0.06407421
Omicron_BA1,S254I,-0.15422463
Omicron_BA1,S254K,-0.10624693
Omicron_BA1,S254L,0.14536946
Omicron_BA1,S254M,0.024569882
Omicron_BA1,S254N,0.1383515
Omicron_BA1,S254P,0.025263513
Omicron_BA1,S254Q,0.091843896
Omicron_BA1,S254R,-0.03834656
Omicron_BA1,S254T,-0.013603409
Omicron_BA1,S254V,-0.030290311
Omicron_BA1,S254W,-0.025085442
Omicron_BA1,S254Y,0.019370371
Omicron_BA1,S254*,-3.1856296
Omicron_BA1,S254-,0.14247377
Omicron_BA1,S255A,0.02018884
Omicron_BA1,S255C,-0.16453892
Omicron_BA1,S255D,0.049022563
Omicron_BA1,S255E,0.046265993
Omicron_BA1,S255F,-0.013578042
Omicron_BA1,S255G,0.10748922
Omicron_BA1,S255H,-0.014057959
Omicron_BA1,S255I,0.053274
Omicron_BA1,S255K,-0.081300765
Omicron_BA1,S255L,0.03503306
Omicron_BA1,S255M,-0.0612178
Omicron_BA1,S255N,0.033057936
Omicron_BA1,S255P,0.03174599
Omicron_BA1,S255Q,0.027520018
Omicron_BA1,S255R,-0.012682565
Omicron_BA1,S255T,0.025450094
Omicron_BA1,S255V,0.02222815
Omicron_BA1,S255W,-0.06350651
Omicron_BA1,S255Y,-0.019626813
Omicron_BA1,S255*,-2.672281
Omicron_BA1,S256A,-0.0770166
Omicron_BA1,S256F,-0.14134318
Omicron_BA1,S256I,0.23860325
Omicron_BA1,S256L,-0.007458978
Omicron_BA1,S256N,-0.5735798
Omicron_BA1,S256P,0.027369477
Omicron_BA1,S256T,-0.1721404
Omicron_BA1,S256Y,0.18972799
Omicron_BA1,S256-,-0.05643007
Omicron_BA1,G257A,-0.05297283
Omicron_BA1,G257C,-0.18846117
Omicron_BA1,G257D,0.0067123356
Omicron_BA1,G257E,0.029523171
Omicron_BA1,G257F,0.0012836499
Omicron_BA1,G257H,0.16956551
Omicron_BA1,G257I,-0.10971982
Omicron_BA1,G257K,-0.002828556
Omicron_BA1,G257L,-0.047520306
Omicron_BA1,G257M,0.09168289
Omicron_BA1,G257N,0.053148847
Omicron_BA1,G257P,-0.019113805
Omicron_BA1,G257Q,-0.35615742
Omicron_BA1,G257R,-0.08131232
Omicron_BA1,G257S,-0.1088958
Omicron_BA1,G257T,0.030497145
Omicron_BA1,G257V,-0.012109332
Omicron_BA1,G257W,0.010012064
Omicron_BA1,G257Y,-0.13696942
Omicron_BA1,G257*,-2.7840676
Omicron_BA1,G257-,0.054755114
Omicron_BA1,W258C,-0.18235338
Omicron_BA1,W258F,-0.27767712
Omicron_BA1,W258G,0.20218137
Omicron_BA1,W258L,0.0048351153
Omicron_BA1,W258R,0.019690352
Omicron_BA1,W258S,-0.13799113
Omicron_BA1,W258Y,0.7828162
Omicron_BA1,W258*,-2.7037628
Omicron_BA1,W258-,0.09637047
Omicron_BA1,T259A,0.0021491288
Omicron_BA1,T259D,-0.08328342
Omicron_BA1,T259I,0.0682878
Omicron_BA1,T259K,0.057054352
Omicron_BA1,T259P,-0.13821787
Omicron_BA1,T259R,0.1768849
Omicron_BA1,T259S,0.12166674
Omicron_BA1,T259V,-0.15334313
Omicron_BA1,T259-,0.059380494
Omicron_BA1,A260C,-0.29199168
Omicron_BA1,A260D,-0.033949815
Omicron_BA1,A260E,0.089808054
Omicron_BA1,A260F,-0.08957212
Omicron_BA1,A260G,0.21770935
Omicron_BA1,A260I,-0.1582267
Omicron_BA1,A260L,-0.20716079
Omicron_BA1,A260P,-0.16413136
Omicron_BA1,A260R,0.13527843
Omicron_BA1,A260S,-0.025909524
Omicron_BA1,A260T,-0.144637
Omicron_BA1,A260V,-0.09150795
Omicron_BA1,A260-,-0.3273026
Omicron_BA1,G261A,0.016380124
Omicron_BA1,G261C,-0.055988975
Omicron_BA1,G261D,-0.06692544
Omicron_BA1,G261E,0.08085596
Omicron_BA1,G261F,-0.0055271047
Omicron_BA1,G261H,-0.023075635
Omicron_BA1,G261I,-0.046859257
Omicron_BA1,G261K,0.05168766
Omicron_BA1,G261L,-0.04544872
Omicron_BA1,G261M,-0.01622632
Omicron_BA1,G261N,0.016403468
Omicron_BA1,G261P,-0.030294811
Omicron_BA1,G261Q,0.115790926
Omicron_BA1,G261R,-0.023307547
Omicron_BA1,G261S,-0.014257921
Omicron_BA1,G261T,0.064325884
Omicron_BA1,G261V,0.094352245
Omicron_BA1,G261W,-0.007485848
Omicron_BA1,G261Y,-0.08399558
Omicron_BA1,G261*,-4.013167
Omicron_BA1,G261-,-0.033510912
Omicron_BA1,A262C,-0.06993854
Omicron_BA1,A262D,-0.0053331866
Omicron_BA1,A262E,-0.042254936
Omicron_BA1,A262F,0.024136111
Omicron_BA1,A262G,0.0050521195
Omicron_BA1,A262H,-0.020359654
Omicron_BA1,A262I,-0.024099864
Omicron_BA1,A262K,0.048243027
Omicron_BA1,A262L,-0.22133037
Omicron_BA1,A262M,-0.06626834
Omicron_BA1,A262N,0.124045834
Omicron_BA1,A262P,-0.08189298
Omicron_BA1,A262Q,0.10060873
Omicron_BA1,A262R,-0.059205476
Omicron_BA1,A262S,0.018796451
Omicron_BA1,A262T,-0.03414442
Omicron_BA1,A262V,-0.02127449
Omicron_BA1,A262W,0.09376628
Omicron_BA1,A262Y,0.06728869
Omicron_BA1,A262*,-4.00763
Omicron_BA1,A262-,0.01595252
Omicron_BA1,A263C,-0.38880587
Omicron_BA1,A263E,-0.089641444
Omicron_BA1,A263G,-0.24539872
Omicron_BA1,A263I,-0.28606063
Omicron_BA1,A263L,0.045400303
Omicron_BA1,A263P,-0.37626067
Omicron_BA1,A263R,-0.25109032
Omicron_BA1,A263S,-0.17279652
Omicron_BA1,A263T,-0.091978066
Omicron_BA1,A263V,-0.050446097
Omicron_BA1,A264D,0.06448189
Omicron_BA1,A264G,0.2187042
Omicron_BA1,A264I,-0.15737183
Omicron_BA1,A264L,-0.38351506
Omicron_BA1,A264S,0.021631299
Omicron_BA1,A264T,-0.03409064
Omicron_BA1,A264V,-0.16511416
Omicron_BA1,A264-,-0.18514869
Omicron_BA1,Y265C,-0.14221348
Omicron_BA1,Y265D,-0.32907906
Omicron_BA1,Y265F,0.0430614
Omicron_BA1,Y265H,-0.2615093
Omicron_BA1,Y265L,-0.39255804
Omicron_BA1,Y265N,-0.0068573523
Omicron_BA1,Y265*,-3.6427534
Omicron_BA1,Y265-,-0.9376913
Omicron_BA1,Y266C,-0.11432703
Omicron_BA1,Y266F,0.06875185
Omicron_BA1,Y266H,-0.17464197
Omicron_BA1,Y266L,-0.021734992
Omicron_BA1,Y266N,-0.29411265
Omicron_BA1,Y266Q,-0.3211883
Omicron_BA1,Y266*,-1.9025881
Omicron_BA1,Y266-,-1.0321437
Omicron_BA1,V267A,-0.47523198
Omicron_BA1,V267C,-0.32963818
Omicron_BA1,V267E,-1.8330294
Omicron_BA1,V267I,-0.12913172
Omicron_BA1,V267L,-0.3281428
Omicron_BA1,V267M,-0.5294063
Omicron_BA1,V267T,0.029998919
Omicron_BA1,V267-,-1.2539237
Omicron_BA1,G268A,0.0
Omicron_BA1,G268C,-2.141139
Omicron_BA1,G268D,-4.0386763
Omicron_BA1,G268E,-2.4298286
Omicron_BA1,G268N,-3.2558367
Omicron_BA1,G268S,-0.4098485
Omicron_BA1,G268-,0.0
Omicron_BA1,Y269C,-0.36548
Omicron_BA1,Y269F,0.020351259
Omicron_BA1,Y269H,-0.04066844
Omicron_BA1,Y269I,-0.39328107
Omicron_BA1,Y269L,-0.73268014
Omicron_BA1,Y269N,-0.23297139
Omicron_BA1,Y269Q,-0.13808426
Omicron_BA1,Y269*,-2.4902
Omicron_BA1,Y269-,-1.5888127
Omicron_BA1,L270F,-4.4561877
Omicron_BA1,L270H,-1.8392025
Omicron_BA1,L270I,-0.13296539
Omicron_BA1,L270M,-0.557627
Omicron_BA1,L270P,-5.4719706
Omicron_BA1,L270R,0.0
Omicron_BA1,L270-,-2.4638093
Omicron_BA1,Q271A,-0.424157
Omicron_BA1,Q271E,-0.0967593
Omicron_BA1,Q271H,-0.10841615
Omicron_BA1,Q271K,0.079822406
Omicron_BA1,Q271L,-0.18236512
Omicron_BA1,Q271P,0.0
Omicron_BA1,Q271R,-0.10541795
Omicron_BA1,Q271S,-0.13260356
Omicron_BA1,Q271V,-0.030473765
Omicron_BA1,Q271*,-3.5785022
Omicron_BA1,Q271-,-1.6932256
Omicron_BA1,P272F,0.3560671
Omicron_BA1,P272H,0.03531643
Omicron_BA1,P272L,0.09319687
Omicron_BA1,P272M,-0.11795859
Omicron_BA1,P272Q,0.3605651
Omicron_BA1,P272S,-0.06042948
Omicron_BA1,P272T,-0.0138003165
Omicron_BA1,R273E,-3.0975835
Omicron_BA1,R273G,-0.49840605
Omicron_BA1,R273I,0.0
Omicron_BA1,R273K,-0.28280628
Omicron_BA1,R273L,-0.9222279
Omicron_BA1,R273M,-1.4685129
Omicron_BA1,R273Q,-1.1752437
Omicron_BA1,R273S,-0.22285765
Omicron_BA1,R273T,-0.6600768
Omicron_BA1,R273V,0.0
Omicron_BA1,R273-,-0.2841162
Omicron_BA1,T274A,-0.7426502
Omicron_BA1,T274D,-1.2280209
Omicron_BA1,T274I,-0.072402135
Omicron_BA1,T274L,-1.5921347
Omicron_BA1,T274N,-0.34361947
Omicron_BA1,T274P,-1.1786001
Omicron_BA1,T274S,-0.34757003
Omicron_BA1,T274-,0.0
Omicron_BA1,F275C,-2.6517727
Omicron_BA1,F275E,0.0
Omicron_BA1,F275I,-0.42746183
Omicron_BA1,F275L,0.010250625
Omicron_BA1,F275M,0.046094004
Omicron_BA1,F275S,-3.323692
Omicron_BA1,F275V,0.0
Omicron_BA1,F275Y,0.0
Omicron_BA1,F275-,0.0
Omicron_BA1,L276I,-1.4545691
Omicron_BA1,L276M,0.0713307
Omicron_BA1,L276P,-2.4982414
Omicron_BA1,L276Q,-1.65329
Omicron_BA1,L276R,0.0
Omicron_BA1,L276S,-2.2001185
Omicron_BA1,L276V,-1.4640799
Omicron_BA1,L276Y,-1.410902
Omicron_BA1,L276-,-1.0321376
Omicron_BA1,L277F,-0.15371414
Omicron_BA1,L277I,-0.07223787
Omicron_BA1,L277M,0.22910897
Omicron_BA1,L277P,-3.7880905
Omicron_BA1,L277R,0.0
Omicron_BA1,L277V,-1.0096768
Omicron_BA1,L277W,-2.6815403
Omicron_BA1,K278E,-0.14151932
Omicron_BA1,K278H,0.0
Omicron_BA1,K278I,-2.036691
Omicron_BA1,K278L,-0.1627119
Omicron_BA1,K278N,-0.16581844
Omicron_BA1,K278Q,-0.27550617
Omicron_BA1,K278R,-0.11203434
Omicron_BA1,K278S,-0.018338533
Omicron_BA1,K278V,-0.88915783
Omicron_BA1,K278-,-2.131906
Omicron_BA1,Y279C,-2.0045319
Omicron_BA1,Y279F,-0.0006095034
Omicron_BA1,Y279H,-0.8443719
Omicron_BA1,Y279I,-1.6196785
Omicron_BA1,Y279L,-1.2237865
Omicron_BA1,Y279N,-3.6668346
Omicron_BA1,Y279S,-0.54755646
Omicron_BA1,Y279W,-0.44200972
Omicron_BA1,Y279*,-1.2837634
Omicron_BA1,Y279-,-2.7272089
Omicron_BA1,N280D,-0.03544437
Omicron_BA1,N280F,-2.6872857
Omicron_BA1,N280I,-0.47242278
Omicron_BA1,N280K,-1.0256763
Omicron_BA1,N280M,-2.1223295
Omicron_BA1,N280S,-0.17012946
Omicron_BA1,N280T,-1.0154321
Omicron_BA1,N280-,-0.5720608
Omicron_BA1,E281A,-0.13192339
Omicron_BA1,E281D,-0.10686633
Omicron_BA1,E281G,-0.027687559
Omicron_BA1,E281H,0.02343527
Omicron_BA1,E281K,-0.18339221
Omicron_BA1,E281N,-0.17128752
Omicron_BA1,E281Q,-0.058172517
Omicron_BA1,E281V,-0.09778729
Omicron_BA1,E281*,-1.2003616
Omicron_BA1,E281-,-1.0306462
Omicron_BA1,N282D,0.01673332
Omicron_BA1,N282H,0.06692945
Omicron_BA1,N282I,-0.09349798
Omicron_BA1,N282K,-0.30753705
Omicron_BA1,N282L,-0.15714237
Omicron_BA1,N282S,-0.2896629
Omicron_BA1,N282T,-0.3842015
Omicron_BA1,N282Y,-0.3175409
Omicron_BA1,G283A,-0.098463416
Omicron_BA1,G283C,-2.9800332
Omicron_BA1,G283D,-4.732062
Omicron_BA1,G283E,-1.1202062
Omicron_BA1,G283L,-0.47576994
Omicron_BA1,G283R,-2.8341453
Omicron_BA1,G283S,-0.9014984
Omicron_BA1,G283V,-2.8832858
Omicron_BA1,G283W,-2.9580674
Omicron_BA1,T284A,-0.07178253
Omicron_BA1,T284C,-0.54289615
Omicron_BA1,T284I,0.090265214
Omicron_BA1,T284L,-0.35749647
Omicron_BA1,T284N,-0.7222228
Omicron_BA1,T284S,-0.031876393
Omicron_BA1,I285F,-2.8857296
Omicron_BA1,I285H,-1.8425585
Omicron_BA1,I285L,-0.0030957076
Omicron_BA1,I285S,-1.9339724
Omicron_BA1,I285T,-3.2260387
Omicron_BA1,I285V,-0.4692026
Omicron_BA1,T286A,0.04550458
Omicron_BA1,T286I,-0.11337463
Omicron_BA1,T286K,-0.42042178
Omicron_BA1,T286N,-0.09109422
Omicron_BA1,T286P,-2.127817
Omicron_BA1,T286Q,-0.08026591
Omicron_BA1,T286R,0.0
Omicron_BA1,T286S,0.17929824
Omicron_BA1,T286Y,-0.5262051
Omicron_BA1,D287A,-0.21880554
Omicron_BA1,D287E,-0.035022385
Omicron_BA1,D287G,-0.17620713
Omicron_BA1,D287H,-0.59722716
Omicron_BA1,D287K,0.0
Omicron_BA1,D287N,-0.18890716
Omicron_BA1,D287Q,-0.14106144
Omicron_BA1,D287R,-0.4738622
Omicron_BA1,D287V,-3.4988964
Omicron_BA1,D287Y,-1.9900347
Omicron_BA1,A288C,-0.6138148
Omicron_BA1,A288D,-3.0821526
Omicron_BA1,A288K,-2.8108847
Omicron_BA1,A288L,-1.6967713
Omicron_BA1,A288P,0.0
Omicron_BA1,A288S,-0.47617865
Omicron_BA1,A288T,-0.4643879
Omicron_BA1,A288V,-0.18432893
Omicron_BA1,A288Y,-3.0893433
Omicron_BA1,V289A,-1.1593385
Omicron_BA1,V289C,-0.6641024
Omicron_BA1,V289I,0.08423851
Omicron_BA1,V289L,-0.36935034
Omicron_BA1,V289M,-4.551078
Omicron_BA1,V289Q,-3.3186111
Omicron_BA1,V289R,-3.2962635
Omicron_BA1,V289S,0.0
Omicron_BA1,V289T,-0.89296967
Omicron_BA1,D290C,-3.3047307
Omicron_BA1,D290E,-4.076268
Omicron_BA1,D290G,-1.4989927
Omicron_BA1,D290H,-3.6407375
Omicron_BA1,D290N,-2.4011805
Omicron_BA1,D290R,-0.4375209
Omicron_BA1,D290S,-2.4812474
Omicron_BA1,D290V,-3.0928059
Omicron_BA1,D290Y,-0.47844964
Omicron_BA1,C291A,-2.897246
Omicron_BA1,C291F,-3.3329358
Omicron_BA1,C291G,-1.9660571
Omicron_BA1,C291L,-4.163973
Omicron_BA1,C291M,-2.7747638
Omicron_BA1,C291R,-3.8279257
Omicron_BA1,C291S,-2.4484317
Omicron_BA1,C291V,-4.108499
Omicron_BA1,C291W,-3.8646593
Omicron_BA1,C291Y,-3.9668486
Omicron_BA1,A292C,-0.5244963
Omicron_BA1,A292D,-2.145591
Omicron_BA1,A292E,0.0
Omicron_BA1,A292G,0.11584585
Omicron_BA1,A292K,-1.9017404
Omicron_BA1,A292P,0.0
Omicron_BA1,A292R,-2.0023406
Omicron_BA1,A292S,-0.06642757
Omicron_BA1,A292T,-0.5877521
Omicron_BA1,A292V,-1.6535971
Omicron_BA1,L293F,-0.2301475
Omicron_BA1,L293I,-0.7166232
Omicron_BA1,L293M,-0.21372303
Omicron_BA1,L293P,-4.726192
Omicron_BA1,L293Q,0.09061113
Omicron_BA1,L293R,-1.0547371
Omicron_BA1,L293T,-0.4487733
Omicron_BA1,L293V,-0.49384338
Omicron_BA1,D294A,-2.7183113
Omicron_BA1,D294C,-0.3893456
Omicron_BA1,D294E,-1.9820428
Omicron_BA1,D294G,-0.79504645
Omicron_BA1,D294H,-2.825776
Omicron_BA1,D294N,-0.66305846
Omicron_BA1,D294P,-3.4975529
Omicron_BA1,D294T,-2.8542566
Omicron_BA1,D294V,0.0
Omicron_BA1,D294Y,-2.262355
Omicron_BA1,P295A,0.0
Omicron_BA1,P295L,-2.388711
Omicron_BA1,P295Q,-3.619588
Omicron_BA1,P295S,-2.5690641
Omicron_BA1,P295T,-2.5367305
Omicron_BA1,L296H,-3.4443183
Omicron_BA1,L296I,-0.1407676
Omicron_BA1,L296M,-1.2901372
Omicron_BA1,L296P,-2.0744312
Omicron_BA1,L296S,-2.4906685
Omicron_BA1,S297A,-0.2741332
Omicron_BA1,S297C,0.0
Omicron_BA1,S297F,-3.2831066
Omicron_BA1,S297L,-5.4867916
Omicron_BA1,S297P,-3.0594807
Omicron_BA1,S297Q,-2.0022712
Omicron_BA1,S297T,-2.1805537
Omicron_BA1,S297Y,-1.85914
Omicron_BA1,E298A,0.0
Omicron_BA1,E298D,-1.6713133
Omicron_BA1,E298G,-1.7675272
Omicron_BA1,E298K,-3.247543
Omicron_BA1,E298Q,-1.7195562
Omicron_BA1,E298R,-3.2767754
Omicron_BA1,E298V,-3.049648
Omicron_BA1,E298*,-2.3718064
Omicron_BA1,T299A,-0.35741162
Omicron_BA1,T299I,0.013939921
Omicron_BA1,T299K,-3.5549934
Omicron_BA1,T299L,0.1656723
Omicron_BA1,T299N,-3.06452
Omicron_BA1,K300E,-2.925479
Omicron_BA1,K300M,-0.784755
Omicron_BA1,K300N,-2.1065452
Omicron_BA1,K300Q,-0.6106315
Omicron_BA1,K300R,-0.6729732
Omicron_BA1,K300S,-1.5286309
Omicron_BA1,K300T,0.0
Omicron_BA1,K300*,-1.8173649
Omicron_BA1,C301E,-3.097256
Omicron_BA1,C301F,-3.8063545
Omicron_BA1,C301R,-1.0868611
Omicron_BA1,C301S,-1.5203384
Omicron_BA1,C301V,-2.9920185
Omicron_BA1,C301Y,-3.8462577
Omicron_BA1,C301*,0.0
Omicron_BA1,T302A,-1.845843
Omicron_BA1,T302I,-2.251085
Omicron_BA1,T302K,-1.3033084
Omicron_BA1,T302N,-1.8374931
Omicron_BA1,T302R,-2.309142
Omicron_BA1,T302S,-0.16283736
Omicron_BA1,T302V,-2.1022046
Omicron_BA1,T302Y,-2.4892745
Omicron_BA1,L303F,-0.9219161
Omicron_BA1,L303I,-0.09837088
Omicron_BA1,L303M,-0.36084294
Omicron_BA1,L303P,-4.3769026
Omicron_BA1,L303Q,-1.3099526
Omicron_BA1,L303R,-2.819409
Omicron_BA1,L303V,-0.35142803
Omicron_BA1,K304E,-0.6413986
Omicron_BA1,K304N,0.10141515
Omicron_BA1,K304Q,-0.40109143
Omicron_BA1,K304R,0.06160939
Omicron_BA1,S305A,-0.11152369
Omicron_BA1,S305F,-3.6465695
Omicron_BA1,S305I,-2.6056626
Omicron_BA1,S305L,-0.76381356
Omicron_BA1,S305N,-0.1969409
Omicron_BA1,S305P,-3.3151088
Omicron_BA1,S305T,-0.13449788
Omicron_BA1,S305Y,-3.538438
Omicron_BA1,F306I,-0.37675774
Omicron_BA1,F306L,0.07340378
Omicron_BA1,F306P,0.0
Omicron_BA1,F306S,-2.321857
Omicron_BA1,F306V,-0.7531495
Omicron_BA1,F306Y,-1.8734126
Omicron_BA1,T307A,-0.22306542
Omicron_BA1,T307C,-1.2004617
Omicron_BA1,T307D,0.087496094
Omicron_BA1,T307E,-0.09549198
Omicron_BA1,T307F,-0.46849433
Omicron_BA1,T307G,-0.5134192
Omicron_BA1,T307H,-0.07324922
Omicron_BA1,T307I,-0.14057392
Omicron_BA1,T307K,-0.543065
Omicron_BA1,T307L,-0.6119563
Omicron_BA1,T307M,-0.28912085
Omicron_BA1,T307N,-0.27643746
Omicron_BA1,T307P,-4.95894
Omicron_BA1,T307Q,-0.19641174
Omicron_BA1,T307R,-0.38831237
Omicron_BA1,T307S,0.001840911
Omicron_BA1,T307V,-0.14624786
Omicron_BA1,T307W,-0.18409246
Omicron_BA1,T307Y,-0.18283196
Omicron_BA1,T307*,-3.2571964
Omicron_BA1,V308A,-4.410211
Omicron_BA1,V308C,-1.749464
Omicron_BA1,V308E,0.0
Omicron_BA1,V308I,-0.21950237
Omicron_BA1,V308L,-0.2916377
Omicron_BA1,V308M,-2.6736927
Omicron_BA1,V308Q,0.0
Omicron_BA1,E309A,0.05282578
Omicron_BA1,E309D,-0.059482057
Omicron_BA1,E309G,-0.33972993
Omicron_BA1,E309H,0.37453958
Omicron_BA1,E309K,-0.25860766
Omicron_BA1,E309Q,-0.074766695
Omicron_BA1,E309R,-0.40105247
Omicron_BA1,E309V,-0.054092824
Omicron_BA1,E309*,-2.4046144
Omicron_BA1,K310E,-2.8789833
Omicron_BA1,K310N,-2.8463078
Omicron_BA1,K310R,-0.6390566
Omicron_BA1,K310S,-2.4092479
Omicron_BA1,K310T,1.171136
Omicron_BA1,G311C,-2.7466931
Omicron_BA1,G311D,-3.715041
Omicron_BA1,G311E,-0.91622055
Omicron_BA1,G311F,-1.3453962
Omicron_BA1,G311N,-3.9304013
Omicron_BA1,G311R,-3.2671056
Omicron_BA1,G311S,-3.3671365
Omicron_BA1,G311V,-2.185207
Omicron_BA1,I312F,-1.3582017
Omicron_BA1,I312L,-0.41877598
Omicron_BA1,I312M,-0.3272281
Omicron_BA1,I312N,-1.8309588
Omicron_BA1,I312Q,0.0
Omicron_BA1,I312S,-2.0957785
Omicron_BA1,I312T,-0.7034797
Omicron_BA1,I312V,-0.476033
Omicron_BA1,Y313C,-3.0651052
Omicron_BA1,Y313D,0.0
Omicron_BA1,Y313H,-1.4631944
Omicron_BA1,Y313I,-2.7596333
Omicron_BA1,Y313L,-2.3203769
Omicron_BA1,Y313N,-2.028946
Omicron_BA1,Y313Q,-2.507073
Omicron_BA1,Y313R,-2.5956829
Omicron_BA1,Y313S,-1.2463857
Omicron_BA1,Y313*,-1.2506133
Omicron_BA1,Y313-,-2.6613505
Omicron_BA1,Q314E,0.0
Omicron_BA1,Q314H,0.05832473
Omicron_BA1,Q314K,-0.65286136
Omicron_BA1,Q314L,-1.1806568
Omicron_BA1,Q314N,-3.336138
Omicron_BA1,Q314P,-0.11542951
Omicron_BA1,Q314R,-0.16076066
Omicron_BA1,Q314T,-0.43675154
Omicron_BA1,Q314*,-3.020571
Omicron_BA1,Q314-,-1.5537068
Omicron_BA1,T315A,-1.1046714
Omicron_BA1,T315E,-2.0851176
Omicron_BA1,T315I,-0.63206
Omicron_BA1,T315L,-0.22516283
Omicron_BA1,T315N,-0.9228406
Omicron_BA1,T315S,-2.3406608
Omicron_BA1,T315-,-2.0650847
Omicron_BA1,S316A,-0.16315046
Omicron_BA1,S316C,-0.005581069
Omicron_BA1,S316F,-1.5477973
Omicron_BA1,S316G,-0.45375648
Omicron_BA1,S316I,-2.8052418
Omicron_BA1,S316L,-1.0014554
Omicron_BA1,S316N,-0.6643971
Omicron_BA1,S316P,-1.881587
Omicron_BA1,S316R,-1.0443581
Omicron_BA1,S316T,-0.5837617
Omicron_BA1,S316Y,-0.5023112
Omicron_BA1,S316-,-1.3121957
Omicron_BA1,N317D,-2.4454155
Omicron_BA1,N317G,0.0
Omicron_BA1,N317I,-0.5358027
Omicron_BA1,N317K,-1.3643981
Omicron_BA1,N317S,0.078843266
Omicron_BA1,N317T,-0.96296746
Omicron_BA1,N317-,-0.7244423
Omicron_BA1,F318C,-3.0824924
Omicron_BA1,F318I,-2.467631
Omicron_BA1,F318L,-1.8139839
Omicron_BA1,F318N,-1.5505009
Omicron_BA1,F318S,-4.2665734
Omicron_BA1,F318V,-3.2204826
Omicron_BA1,F318Y,-0.16075133
Omicron_BA1,F318-,-1.4206554
Omicron_BA1,R319E,-3.2105544
Omicron_BA1,R319G,-5.165398
Omicron_BA1,R319I,-1.0672504
Omicron_BA1,R319K,-1.7947971
Omicron_BA1,R319L,-3.4780948
Omicron_BA1,R319M,-1.9592886
Omicron_BA1,R319S,-3.030945
Omicron_BA1,R319T,-3.6327214
Omicron_BA1,R319W,-2.2193246
Omicron_BA1,R319-,-2.0330815
Omicron_BA1,V320A,-1.0294013
Omicron_BA1,V320D,-0.6180849
Omicron_BA1,V320F,-1.0121638
Omicron_BA1,V320G,-1.2154927
Omicron_BA1,V320I,-1.0353305
Omicron_BA1,V320L,-1.7733591
Omicron_BA1,V320S,-0.6861185
Omicron_BA1,V320T,-0.27370802
Omicron_BA1,V320-,-3.2300937
Omicron_BA1,Q321E,-0.10531
Omicron_BA1,Q321H,-0.39246157
Omicron_BA1,Q321K,-0.59408027
Omicron_BA1,Q321L,-0.07008629
Omicron_BA1,Q321N,-0.7385457
Omicron_BA1,Q321P,-0.75686276
Omicron_BA1,Q321R,0.01112716
Omicron_BA1,Q321S,-0.59585667
Omicron_BA1,Q321T,0.0
Omicron_BA1,Q321*,-3.8438468
Omicron_BA1,P322A,-0.33048037
Omicron_BA1,P322L,-1.5330832
Omicron_BA1,P322N,-2.6881742
Omicron_BA1,P322Q,-4.463463
Omicron_BA1,P322R,-0.40506843
Omicron_BA1,P322S,-1.180012
Omicron_BA1,P322T,-1.5592815
Omicron_BA1,T323A,-0.31112865
Omicron_BA1,T323C,-0.79177886
Omicron_BA1,T323I,-0.48442554
Omicron_BA1,T323K,-0.38432014
Omicron_BA1,T323M,-0.3697687
Omicron_BA1,T323P,-3.024962
Omicron_BA1,T323Q,-0.15554962
Omicron_BA1,T323R,-0.3304367
Omicron_BA1,T323S,0.0547738
Omicron_BA1,T323-,1.0910966
Omicron_BA1,E324A,-0.05218257
Omicron_BA1,E324D,-0.008871477
Omicron_BA1,E324G,-0.12391408
Omicron_BA1,E324I,-1.096721
Omicron_BA1,E324K,-0.34159538
Omicron_BA1,E324N,-0.4207235
Omicron_BA1,E324Q,-0.20225652
Omicron_BA1,E324T,-0.563119
Omicron_BA1,E324V,-0.12741417
Omicron_BA1,E324*,-2.3073926
Omicron_BA1,S325A,-0.26195586
Omicron_BA1,S325F,-1.104743
Omicron_BA1,S325G,-0.52909535
Omicron_BA1,S325I,-2.1754663
Omicron_BA1,S325K,-0.19812632
Omicron_BA1,S325L,-0.7162106
Omicron_BA1,S325N,-0.051072057
Omicron_BA1,S325Q,-0.60183483
Omicron_BA1,S325R,-0.5776326
Omicron_BA1,S325T,-0.04375838
Omicron_BA1,S325Y,-0.40836263
Omicron_BA1,I326L,-0.11572901
Omicron_BA1,I326N,0.32266155
Omicron_BA1,I326T,-1.1872932
Omicron_BA1,I326V,-0.18609671
Omicron_BA1,V327A,-0.12280538
Omicron_BA1,V327C,-0.75444794
Omicron_BA1,V327E,-1.6714714
Omicron_BA1,V327F,-0.46149907
Omicron_BA1,V327G,0.0
Omicron_BA1,V327I,-0.14463189
Omicron_BA1,V327L,-0.3008901
Omicron_BA1,V327M,-0.6108432
Omicron_BA1,V327Y,-0.7120463
Omicron_BA1,R328C,-3.6035602
Omicron_BA1,R328D,-2.6873786
Omicron_BA1,R328G,-2.0860052
Omicron_BA1,R328K,-4.9910016
Omicron_BA1,R328M,-2.9900632
Omicron_BA1,R328P,-2.1799557
Omicron_BA1,R328S,-2.4598296
Omicron_BA1,R328T,-1.6756338
Omicron_BA1,R328W,0.33916354
Omicron_BA1,F329C,0.0
Omicron_BA1,F329I,-1.2080832
Omicron_BA1,F329L,-0.6631034
Omicron_BA1,F329S,-2.0779085
Omicron_BA1,F329V,-2.015674
Omicron_BA1,F329Y,-0.5947499
Omicron_BA1,P330A,-0.50114715
Omicron_BA1,P330G,-1.6586303
Omicron_BA1,P330H,-2.2170897
Omicron_BA1,P330L,-1.7776078
Omicron_BA1,P330Q,-3.0238085
Omicron_BA1,P330S,-0.41543144
Omicron_BA1,P330T,-0.60195696
Omicron_BA1,N331D,-0.6270368
Omicron_BA1,N331E,-0.6908016
Omicron_BA1,N331H,-0.7315566
Omicron_BA1,N331I,-0.34636757
Omicron_BA1,N331K,-0.13500962
Omicron_BA1,N331S,-0.5262015
Omicron_BA1,N331T,-0.29357243
Omicron_BA1,N331Y,-1.1395181
Omicron_BA1,I332A,0.0
Omicron_BA1,I332L,0.36978975
Omicron_BA1,I332M,0.0
Omicron_BA1,I332N,-0.45794803
Omicron_BA1,I332P,-3.1854837
Omicron_BA1,I332T,-0.6136175
Omicron_BA1,I332V,-0.60584384
Omicron_BA1,I332Y,-0.27029783
Omicron_BA1,T333A,-0.5508454
Omicron_BA1,T333F,-0.3182247
Omicron_BA1,T333I,-0.9708086
Omicron_BA1,T333K,-0.30655983
Omicron_BA1,T333L,-0.7545559
Omicron_BA1,T333N,-0.5570331
Omicron_BA1,T333P,-0.9912654
Omicron_BA1,T333S,0.12927201
Omicron_BA1,T333Y,-1.1685425
Omicron_BA1,N334D,-0.40037566
Omicron_BA1,N334H,-0.19811766
Omicron_BA1,N334I,0.0
Omicron_BA1,N334K,0.3231053
Omicron_BA1,N334Q,0.18044217
Omicron_BA1,N334S,-0.032117464
Omicron_BA1,N334T,-0.11272381
Omicron_BA1,N334Y,-0.36546418
Omicron_BA1,L335A,-0.35726768
Omicron_BA1,L335F,-0.22859584
Omicron_BA1,L335M,0.013809523
Omicron_BA1,L335P,0.17942633
Omicron_BA1,L335Q,-0.36039254
Omicron_BA1,L335R,0.1797709
Omicron_BA1,L335S,0.023665935
Omicron_BA1,L335T,-0.08757384
Omicron_BA1,L335V,0.019190717
Omicron_BA1,C336F,-1.2380428
Omicron_BA1,C336R,-0.15023857
Omicron_BA1,C336S,-1.5126936
Omicron_BA1,C336T,-2.4581418
Omicron_BA1,C336V,-2.843086
Omicron_BA1,C336Y,-2.5995913
Omicron_BA1,C336*,-2.9988298
Omicron_BA1,P337A,0.0
Omicron_BA1,P337H,-0.43811956
Omicron_BA1,P337L,-1.3651162
Omicron_BA1,P337Q,-0.03463975
Omicron_BA1,P337R,-0.08074421
Omicron_BA1,P337S,-0.10461913
Omicron_BA1,P337T,-0.9082727
Omicron_BA1,F338I,-0.95277274
Omicron_BA1,F338L,-0.20760795
Omicron_BA1,F338S,-3.1291826
Omicron_BA1,D339A,-0.04529379
Omicron_BA1,D339C,-2.235117
Omicron_BA1,D339E,0.08157956
Omicron_BA1,D339F,-0.30849603
Omicron_BA1,D339G,-0.24977916
Omicron_BA1,D339H,0.03354614
Omicron_BA1,D339I,0.16414788
Omicron_BA1,D339K,-0.098559685
Omicron_BA1,D339L,0.032092042
Omicron_BA1,D339M,0.16739243
Omicron_BA1,D339N,-0.04090219
Omicron_BA1,D339P,-0.6637912
Omicron_BA1,D339Q,-0.050444987
Omicron_BA1,D339R,-0.2526943
Omicron_BA1,D339S,-0.14432688
Omicron_BA1,D339T,-0.13668539
Omicron_BA1,D339V,0.037012782
Omicron_BA1,D339W,-0.19855018
Omicron_BA1,D339Y,-0.21978
Omicron_BA1,D339*,-3.8070374
Omicron_BA1,E340A,-0.31707352
Omicron_BA1,E340D,-0.27018562
Omicron_BA1,E340G,-1.1106932
Omicron_BA1,E340K,-0.29226682
Omicron_BA1,E340Q,-0.2929318
Omicron_BA1,E340S,-0.30277902
Omicron_BA1,E340V,-0.6109973
Omicron_BA1,E340*,-3.1890275
Omicron_BA1,V341A,-0.51804703
Omicron_BA1,V341E,-1.36948
Omicron_BA1,V341F,-0.58130074
Omicron_BA1,V341G,0.0
Omicron_BA1,V341I,0.13020436
Omicron_BA1,V341L,-0.12874047
Omicron_BA1,V341M,-0.5093786
Omicron_BA1,V341S,-2.5463395
Omicron_BA1,F342I,-0.55371004
Omicron_BA1,F342L,-0.61697227
Omicron_BA1,F342S,-3.1105013
Omicron_BA1,F342Y,-3.4714766
Omicron_BA1,F342-,-3.062912
Omicron_BA1,N343D,-0.79195434
Omicron_BA1,N343K,-1.2067622
Omicron_BA1,N343S,-0.5658177
Omicron_BA1,N343T,0.0
Omicron_BA1,N343Y,-0.41860992
Omicron_BA1,A344D,-0.7653933
Omicron_BA1,A344F,-0.98526865
Omicron_BA1,A344R,-0.33755347
Omicron_BA1,A344S,-0.2226122
Omicron_BA1,A344T,-0.5709269
Omicron_BA1,A344V,-0.78989714
Omicron_BA1,A344-,-0.07698874
Omicron_BA1,T345A,0.0
Omicron_BA1,T345H,-0.7350915
Omicron_BA1,T345I,-2.714518
Omicron_BA1,T345N,-0.9505796
Omicron_BA1,T345S,-0.08910818
Omicron_BA1,T345-,-0.2532377
Omicron_BA1,R346G,-0.61233985
Omicron_BA1,R346I,-0.02744301
Omicron_BA1,R346K,-0.032446664
Omicron_BA1,R346M,-0.114643686
Omicron_BA1,R346Q,-0.052320104
Omicron_BA1,R346S,0.0024804196
Omicron_BA1,R346T,0.009119585
Omicron_BA1,R346W,-0.68418705
Omicron_BA1,R346-,0.050754495
Omicron_BA1,F347C,-2.3200717
Omicron_BA1,F347I,-2.223222
Omicron_BA1,F347L,-1.8217624
Omicron_BA1,F347R,-1.763421
Omicron_BA1,F347S,-2.169689
Omicron_BA1,F347V,0.0
Omicron_BA1,F347Y,-1.8847167
Omicron_BA1,F347-,0.0
Omicron_BA1,A348C,-1.7874517
Omicron_BA1,A348D,-3.080525
Omicron_BA1,A348E,-1.1682048
Omicron_BA1,A348G,-0.65970635
Omicron_BA1,A348L,-1.8802067
Omicron_BA1,A348P,0.22132716
Omicron_BA1,A348S,-0.11399103
Omicron_BA1,A348T,-1.3681408
Omicron_BA1,A348V,-2.0717843
Omicron_BA1,A348-,0.0
Omicron_BA1,S349A,-1.5800488
Omicron_BA1,S349F,-2.7378564
Omicron_BA1,S349I,-2.8315933
Omicron_BA1,S349L,-2.6750755
Omicron_BA1,S349P,-0.70857364
Omicron_BA1,S349Q,-0.28505743
Omicron_BA1,S349T,-1.4194386
Omicron_BA1,S349Y,-3.2087262
Omicron_BA1,S349-,0.0
Omicron_BA1,V350A,-2.0075977
Omicron_BA1,V350C,-3.2950647
Omicron_BA1,V350D,0.0775305
Omicron_BA1,V350F,-3.6483812
Omicron_BA1,V350G,0.0
Omicron_BA1,V350I,-2.2435632
Omicron_BA1,V350L,-3.190833
Omicron_BA1,V350-,0.0
Omicron_BA1,Y351C,-1.8266894
Omicron_BA1,Y351F,-0.07346109
Omicron_BA1,Y351H,-1.0368724
Omicron_BA1,Y351L,-2.2595203
Omicron_BA1,Y351M,-2.212332
Omicron_BA1,Y351N,-0.22266772
Omicron_BA1,Y351*,-2.589396
Omicron_BA1,Y351-,0.0
Omicron_BA1,A352C,-1.1536855
Omicron_BA1,A352D,-1.1018943
Omicron_BA1,A352G,0.06716513
Omicron_BA1,A352L,0.0
Omicron_BA1,A352M,-0.13190036
Omicron_BA1,A352N,0.058970276
Omicron_BA1,A352S,-0.34661156
Omicron_BA1,A352T,-1.5755676
Omicron_BA1,A352V,-2.4237375
Omicron_BA1,W353C,-2.9329429
Omicron_BA1,W353F,-0.9926812
Omicron_BA1,W353G,-2.3776057
Omicron_BA1,W353L,-2.2891324
Omicron_BA1,W353R,-4.518847
Omicron_BA1,W353*,-6.948935
Omicron_BA1,N354D,-0.09040626
Omicron_BA1,N354H,-0.15630321
Omicron_BA1,N354I,-0.028113578
Omicron_BA1,N354K,0.023646792
Omicron_BA1,N354S,0.02431068
Omicron_BA1,N354T,-0.046770923
Omicron_BA1,N354Y,-0.45107466
Omicron_BA1,R355G,-2.9722598
Omicron_BA1,R355K,-3.437952
Omicron_BA1,R355M,-2.9374642
Omicron_BA1,R355Q,-0.79761004
Omicron_BA1,R355S,-2.984066
Omicron_BA1,R355T,-2.541054
Omicron_BA1,R355W,-1.4495682
Omicron_BA1,K356E,-0.69416255
Omicron_BA1,K356G,-1.3709358
Omicron_BA1,K356M,0.023384733
Omicron_BA1,K356N,-0.7712532
Omicron_BA1,K356Q,0.029217726
Omicron_BA1,K356R,0.026846757
Omicron_BA1,K356T,-0.1276929
Omicron_BA1,K356W,-1.399682
Omicron_BA1,K356Y,-0.24078909
Omicron_BA1,R357E,-0.33645657
Omicron_BA1,R357G,-1.9535636
Omicron_BA1,R357I,0.18031839
Omicron_BA1,R357K,0.06796668
Omicron_BA1,R357M,0.01407432
Omicron_BA1,R357S,-0.076576576
Omicron_BA1,R357T,0.08114177
Omicron_BA1,R357W,-0.16337803
Omicron_BA1,R357-,0.0
Omicron_BA1,I358E,-0.789262
Omicron_BA1,I358F,-1.464024
Omicron_BA1,I358L,-0.002644853
Omicron_BA1,I358N,-2.857667
Omicron_BA1,I358S,-2.362114
Omicron_BA1,I358T,-0.7619772
Omicron_BA1,I358V,-0.7924003
Omicron_BA1,S359A,0.40121686
Omicron_BA1,S359C,-0.3407091
Omicron_BA1,S359F,0.2962175
Omicron_BA1,S359G,-1.106125
Omicron_BA1,S359I,-0.7590655
Omicron_BA1,S359L,-3.0270898
Omicron_BA1,S359N,-0.14630301
Omicron_BA1,S359R,-0.38517165
Omicron_BA1,S359T,-0.1307093
Omicron_BA1,N360A,-2.262238
Omicron_BA1,N360D,-0.09852669
Omicron_BA1,N360F,-0.6920075
Omicron_BA1,N360I,0.18176079
Omicron_BA1,N360K,-1.1755042
Omicron_BA1,N360L,-1.3545076
Omicron_BA1,N360S,-0.5144988
Omicron_BA1,N360T,-2.0781434
Omicron_BA1,N360Y,-0.624356
Omicron_BA1,C361F,-1.7899765
Omicron_BA1,C361G,-1.9368979
Omicron_BA1,C361I,-2.0207765
Omicron_BA1,C361N,-3.3148503
Omicron_BA1,C361R,-4.5954547
Omicron_BA1,C361S,0.0
Omicron_BA1,C361T,-2.9829926
Omicron_BA1,C361V,-2.6329823
Omicron_BA1,C361Y,-2.0012152
Omicron_BA1,C361*,-1.735684
Omicron_BA1,V362A,-0.6777287
Omicron_BA1,V362E,-1.6123012
Omicron_BA1,V362F,-1.6970261
Omicron_BA1,V362G,-1.1710165
Omicron_BA1,V362I,0.05277408
Omicron_BA1,V362L,-0.29141688
Omicron_BA1,V362M,-0.3647407
Omicron_BA1,A363D,-2.9775846
Omicron_BA1,A363L,0.18785302
Omicron_BA1,A363P,0.0
Omicron_BA1,A363S,-0.2656856
Omicron_BA1,A363T,-0.7554646
Omicron_BA1,A363V,-0.20575494
Omicron_BA1,D364E,-1.0023173
Omicron_BA1,D364G,-2.827283
Omicron_BA1,D364N,-0.24327873
Omicron_BA1,D364S,-3.2493463
Omicron_BA1,D364Y,-0.7631001
Omicron_BA1,D364-,-2.9338198
Omicron_BA1,Y365A,0.0
Omicron_BA1,Y365C,-1.6023494
Omicron_BA1,Y365D,-2.4163241
Omicron_BA1,Y365E,-2.3162155
Omicron_BA1,Y365F,0.3874725
Omicron_BA1,Y365H,-1.3022394
Omicron_BA1,Y365N,0.0
Omicron_BA1,Y365S,-2.76193
Omicron_BA1,Y365*,-1.8787969
Omicron_BA1,Y365-,-2.0592117
Omicron_BA1,S366A,-0.42582172
Omicron_BA1,S366F,-2.2530022
Omicron_BA1,S366I,-2.2426248
Omicron_BA1,S366L,-0.59526604
Omicron_BA1,S366P,-1.1571646
Omicron_BA1,S366T,0.09056213
Omicron_BA1,S366Y,-1.5129689
Omicron_BA1,V367A,-0.10258669
Omicron_BA1,V367E,-0.1413494
Omicron_BA1,V367F,-0.564163
Omicron_BA1,V367G,-0.17903519
Omicron_BA1,V367I,-0.082013525
Omicron_BA1,V367L,-0.17596023
Omicron_BA1,V367M,-0.046819903
Omicron_BA1,L368F,-0.7064928
Omicron_BA1,L368H,0.0
Omicron_BA1,L368I,0.11230802
Omicron_BA1,L368P,-2.21709
Omicron_BA1,L368Q,-0.70752525
Omicron_BA1,L368S,-2.671776
Omicron_BA1,Y369C,-2.327173
Omicron_BA1,Y369D,0.0
Omicron_BA1,Y369F,-0.70412964
Omicron_BA1,Y369H,0.102501504
Omicron_BA1,Y369N,-0.841735
Omicron_BA1,Y369Q,0.39707926
Omicron_BA1,Y369*,-1.8876932
Omicron_BA1,N370D,0.054901466
Omicron_BA1,N370H,-0.100228414
Omicron_BA1,N370I,0.0
Omicron_BA1,N370K,0.032082755
Omicron_BA1,N370S,-0.08528575
Omicron_BA1,N370-,-0.4642214
Omicron_BA1,A372D,-0.26953736
Omicron_BA1,A372E,-0.15830989
Omicron_BA1,A372G,0.0
Omicron_BA1,A372L,-0.09654082
Omicron_BA1,A372P,-0.32692614
Omicron_BA1,A372R,-1.0487814
Omicron_BA1,A372S,-0.3357205
Omicron_BA1,A372T,-0.41212597
Omicron_BA1,A372V,-0.10779655
Omicron_BA1,A372-,-0.6726853
Omicron_BA1,P373A,-0.37643486
Omicron_BA1,P373C,-3.577803
Omicron_BA1,P373D,0.15190113
Omicron_BA1,P373E,-0.24073523
Omicron_BA1,P373F,-0.98857385
Omicron_BA1,P373G,-0.24526751
Omicron_BA1,P373H,-0.50276333
Omicron_BA1,P373I,-1.9699342
Omicron_BA1,P373K,-1.1968722
Omicron_BA1,P373L,-1.3908803
Omicron_BA1,P373M,-1.2376745
Omicron_BA1,P373N,-0.43646953
Omicron_BA1,P373Q,-0.28040388
Omicron_BA1,P373R,-0.6915862
Omicron_BA1,P373S,-0.19130813
Omicron_BA1,P373T,-0.114835545
Omicron_BA1,P373V,-1.8230882
Omicron_BA1,P373W,-1.9154652
Omicron_BA1,P373Y,-0.6305561
Omicron_BA1,P373*,-4.055633
Omicron_BA1,P373-,-0.21465051
Omicron_BA1,F374C,0.0
Omicron_BA1,F374I,-0.068184085
Omicron_BA1,F374L,-0.12733206
Omicron_BA1,F374R,0.0
Omicron_BA1,F374S,-0.44409066
Omicron_BA1,F374V,-0.066868834
Omicron_BA1,F374Y,0.07554679
Omicron_BA1,F375A,0.16377912
Omicron_BA1,F375C,-0.1354021
Omicron_BA1,F375D,0.5064843
Omicron_BA1,F375E,0.57582307
Omicron_BA1,F375G,0.094691955
Omicron_BA1,F375H,0.2935562
Omicron_BA1,F375I,0.07152258
Omicron_BA1,F375K,-0.56087625
Omicron_BA1,F375L,0.1455542
Omicron_BA1,F375M,0.08711191
Omicron_BA1,F375N,0.20350172
Omicron_BA1,F375P,0.28447604
Omicron_BA1,F375Q,0.28775078
Omicron_BA1,F375R,-1.2362778
Omicron_BA1,F375S,0.4349235
Omicron_BA1,F375T,0.40631747
Omicron_BA1,F375V,-0.09009911
Omicron_BA1,F375W,-0.18069808
Omicron_BA1,F375Y,-0.24918522
Omicron_BA1,F375*,-3.9377313
Omicron_BA1,F375-,-0.21766168
Omicron_BA1,T376A,-0.6285279
Omicron_BA1,T376C,-3.7556374
Omicron_BA1,T376D,0.27361554
Omicron_BA1,T376E,0.017259216
Omicron_BA1,T376F,-0.69113314
Omicron_BA1,T376G,-0.3105604
Omicron_BA1,T376H,0.124008484
Omicron_BA1,T376I,-0.028747402
Omicron_BA1,T376K,-0.19220072
Omicron_BA1,T376L,-0.06686871
Omicron_BA1,T376M,-0.22394437
Omicron_BA1,T376N,-0.24423195
Omicron_BA1,T376P,-1.4339851
Omicron_BA1,T376Q,0.22948427
Omicron_BA1,T376R,-0.12823977
Omicron_BA1,T376S,-0.095817946
Omicron_BA1,T376V,-0.12484583
Omicron_BA1,T376W,-0.31714365
Omicron_BA1,T376Y,0.0030086634
Omicron_BA1,T376*,-3.2172947
Omicron_BA1,T376-,0.1489827
Omicron_BA1,F377I,-0.4252492
Omicron_BA1,F377K,0.0
Omicron_BA1,F377L,-0.34884462
Omicron_BA1,F377M,-1.1870986
Omicron_BA1,F377S,-0.9698541
Omicron_BA1,F377V,-0.3234796
Omicron_BA1,F377Y,0.0
Omicron_BA1,K378E,-0.32317898
Omicron_BA1,K378M,-0.8100178
Omicron_BA1,K378N,-0.3460424
Omicron_BA1,K378Q,-0.034012042
Omicron_BA1,K378R,-0.02677126
Omicron_BA1,C379F,-3.2047143
Omicron_BA1,C379G,0.0
Omicron_BA1,C379N,0.0
Omicron_BA1,C379R,-2.6906216
Omicron_BA1,C379S,1.2480714
Omicron_BA1,C379W,-2.118603
Omicron_BA1,C379Y,-3.8629658
Omicron_BA1,C379*,-2.487108
Omicron_BA1,Y380C,-2.650144
Omicron_BA1,Y380E,-0.6142218
Omicron_BA1,Y380F,-0.18185243
Omicron_BA1,Y380H,-0.78353983
Omicron_BA1,Y380L,-3.6775053
Omicron_BA1,Y380N,-1.8550385
Omicron_BA1,Y380W,0.05772627
Omicron_BA1,Y380*,0.8408328
Omicron_BA1,G381A,0.20329551
Omicron_BA1,G381E,-1.6194742
Omicron_BA1,G381L,-1.5113035
Omicron_BA1,G381R,-0.059651375
Omicron_BA1,G381S,-0.700506
Omicron_BA1,G381V,-3.197597
Omicron_BA1,G381*,-3.401435
Omicron_BA1,V382A,-0.6638721
Omicron_BA1,V382E,-1.6982888
Omicron_BA1,V382G,0.0
Omicron_BA1,V382L,-0.26972836
Omicron_BA1,V382M,-0.78929615
Omicron_BA1,S383A,-0.8639301
Omicron_BA1,S383C,-2.6584966
Omicron_BA1,S383F,-3.187108
Omicron_BA1,S383G,-0.6744309
Omicron_BA1,S383I,-2.8556218
Omicron_BA1,S383N,-2.605116
Omicron_BA1,S383P,0.0
Omicron_BA1,S383R,-1.6435198
Omicron_BA1,S383Y,0.0
Omicron_BA1,S383-,-0.4723519
Omicron_BA1,P384A,-0.09363074
Omicron_BA1,P384C,-1.1698376
Omicron_BA1,P384D,-0.6116163
Omicron_BA1,P384E,-0.13889116
Omicron_BA1,P384F,0.02091484
Omicron_BA1,P384G,-0.6132779
Omicron_BA1,P384H,-0.093122154
Omicron_BA1,P384I,-0.13934481
Omicron_BA1,P384K,-0.5075741
Omicron_BA1,P384L,-0.23420258
Omicron_BA1,P384M,-0.16289642
Omicron_BA1,P384N,-0.41970965
Omicron_BA1,P384Q,-0.30205595
Omicron_BA1,P384R,-0.28073907
Omicron_BA1,P384S,-0.13716678
Omicron_BA1,P384T,-0.5082573
Omicron_BA1,P384V,-0.21659346
Omicron_BA1,P384W,-0.07961061
Omicron_BA1,P384Y,0.05114966
Omicron_BA1,P384*,-1.8823005
Omicron_BA1,T385A,0.03465919
Omicron_BA1,T385I,-0.29843906
Omicron_BA1,T385K,0.059952457
Omicron_BA1,T385M,-0.51765645
Omicron_BA1,T385N,0.052365538
Omicron_BA1,T385S,-0.045377452
Omicron_BA1,T385-,-1.6961615
Omicron_BA1,K386I,-3.036542
Omicron_BA1,K386L,-2.05441
Omicron_BA1,K386N,1.0019981
Omicron_BA1,K386R,-0.5659588
Omicron_BA1,K386T,0.0
Omicron_BA1,K386-,-2.4790902
Omicron_BA1,L387M,-0.93450195
Omicron_BA1,L387P,-3.1273954
Omicron_BA1,L387R,0.0
Omicron_BA1,L387S,-1.5633277
Omicron_BA1,N388A,-0.45365986
Omicron_BA1,N388D,-0.5959059
Omicron_BA1,N388K,-0.31107935
Omicron_BA1,N388S,-0.43335757
Omicron_BA1,N388Y,0.36677697
Omicron_BA1,D389A,-1.3631833
Omicron_BA1,D389E,-0.2303829
Omicron_BA1,D389G,-0.43511847
Omicron_BA1,D389H,-0.55031854
Omicron_BA1,D389L,-1.526955
Omicron_BA1,D389N,-0.74123067
Omicron_BA1,D389T,-0.8450679
Omicron_BA1,D389Y,-1.7793489
Omicron_BA1,D389-,-2.8382258
Omicron_BA1,L390F,-2.3625765
Omicron_BA1,L390I,-0.19577156
Omicron_BA1,L390M,-0.69393605
Omicron_BA1,L390P,-5.4065266
Omicron_BA1,L390Q,-0.4389508
Omicron_BA1,L390R,-1.7940884
Omicron_BA1,L390V,-0.68738663
Omicron_BA1,C391F,-1.029472
Omicron_BA1,C391I,-1.7670537
Omicron_BA1,C391M,-3.2476134
Omicron_BA1,C391R,-2.172552
Omicron_BA1,C391S,0.0
Omicron_BA1,C391W,0.0
Omicron_BA1,C391Y,-2.8638086
Omicron_BA1,C391*,0.0
Omicron_BA1,F392I,0.0
Omicron_BA1,F392L,-1.5187141
Omicron_BA1,F392S,-0.68940645
Omicron_BA1,F392V,-1.3998711
Omicron_BA1,F392Y,1.4135978
Omicron_BA1,F392-,-0.5403543
Omicron_BA1,T393A,0.1150482
Omicron_BA1,T393D,0.0
Omicron_BA1,T393I,-2.2596827
Omicron_BA1,T393M,-2.8755014
Omicron_BA1,T393N,-0.45933253
Omicron_BA1,T393S,0.09969668
Omicron_BA1,T393-,-0.496622
Omicron_BA1,N394D,-0.055292457
Omicron_BA1,N394H,-0.63884205
Omicron_BA1,N394I,-1.1708206
Omicron_BA1,N394K,-0.35960862
Omicron_BA1,N394Q,-0.84541774
Omicron_BA1,N394R,0.0
Omicron_BA1,N394S,-0.0841759
Omicron_BA1,N394T,-0.3039065
Omicron_BA1,N394Y,-0.8450987
Omicron_BA1,N394-,-2.1140661
Omicron_BA1,V395A,-1.1136916
Omicron_BA1,V395D,0.0
Omicron_BA1,V395F,-0.7637167
Omicron_BA1,V395G,0.0
Omicron_BA1,V395I,-0.4867784
Omicron_BA1,V395L,-0.056285117
Omicron_BA1,Y396C,0.0
Omicron_BA1,Y396D,-1.034141
Omicron_BA1,Y396F,-0.2142945
Omicron_BA1,Y396H,-0.89642906
Omicron_BA1,Y396N,-0.006432089
Omicron_BA1,Y396*,-1.2824714
Omicron_BA1,A397D,-2.447298
Omicron_BA1,A397L,-0.560203
Omicron_BA1,A397S,-1.4292046
Omicron_BA1,A397T,-2.0182612
Omicron_BA1,A397V,-0.46979368
Omicron_BA1,D398E,-2.559721
Omicron_BA1,D398H,0.0
Omicron_BA1,D398N,-3.7945726
Omicron_BA1,D398Y,-2.1667538
Omicron_BA1,D398-,0.4722995
Omicron_BA1,S399F,-1.3982413
Omicron_BA1,S399L,-2.485243
Omicron_BA1,S399P,-2.1354058
Omicron_BA1,S399Y,-0.5819373
Omicron_BA1,S399-,1.458807
Omicron_BA1,F400A,-1.1084061
Omicron_BA1,F400E,-2.7221441
Omicron_BA1,F400I,-0.6230882
Omicron_BA1,F400L,-4.407531
Omicron_BA1,F400M,-0.46980512
Omicron_BA1,F400S,-0.305047
Omicron_BA1,F400V,0.0
Omicron_BA1,F400Y,1.4733934
Omicron_BA1,F400-,0.0
Omicron_BA1,V401A,-0.60578245
Omicron_BA1,V401E,-1.8888108
Omicron_BA1,V401I,-1.4416674
Omicron_BA1,V401L,-2.3783262
Omicron_BA1,V401M,-3.4536204
Omicron_BA1,V401-,0.0
Omicron_BA1,I402F,0.0
Omicron_BA1,I402L,-0.40097353
Omicron_BA1,I402M,-2.693415
Omicron_BA1,I402N,-2.6286235
Omicron_BA1,I402T,-1.9144251
Omicron_BA1,I402V,-0.17382717
Omicron_BA1,I402-,0.0
Omicron_BA1,R403G,-1.079348
Omicron_BA1,R403I,-1.9755955
Omicron_BA1,R403K,-0.1297789
Omicron_BA1,R403M,-0.32836178
Omicron_BA1,R403S,-0.61966187
Omicron_BA1,R403T,-0.9904594
Omicron_BA1,R403W,-2.2806718
Omicron_BA1,R403-,0.0
Omicron_BA1,G404A,-0.7874086
Omicron_BA1,G404C,-2.5366442
Omicron_BA1,G404D,0.11649005
Omicron_BA1,G404E,-1.1677716
Omicron_BA1,G404H,0.0
Omicron_BA1,G404R,-1.6502788
Omicron_BA1,G404S,-2.431129
Omicron_BA1,G404V,-3.7761834
Omicron_BA1,G404*,-2.7629452
Omicron_BA1,G404-,0.0
Omicron_BA1,D405A,-0.06961637
Omicron_BA1,D405C,-1.7594205
Omicron_BA1,D405E,-0.18486837
Omicron_BA1,D405F,-0.4053642
Omicron_BA1,D405G,-0.26913503
Omicron_BA1,D405H,-0.35734966
Omicron_BA1,D405I,-0.409976
Omicron_BA1,D405K,-3.418275
Omicron_BA1,D405L,-0.73862433
Omicron_BA1,D405M,-0.31351018
Omicron_BA1,D405N,-0.97938067
Omicron_BA1,D405P,-4.0834794
Omicron_BA1,D405Q,-0.23417687
Omicron_BA1,D405R,-1.4707868
Omicron_BA1,D405S,0.1695498
Omicron_BA1,D405T,-0.6188964
Omicron_BA1,D405V,-0.75386584
Omicron_BA1,D405W,-2.1019807
Omicron_BA1,D405Y,-0.5364287
Omicron_BA1,D405*,-3.2783515
Omicron_BA1,D405-,0.0
Omicron_BA1,E406D,-1.1307731
Omicron_BA1,E406G,-4.092975
Omicron_BA1,E406K,-4.6701555
Omicron_BA1,E406Q,-0.1962061
Omicron_BA1,E406V,-0.37706897
Omicron_BA1,E406*,-1.930849
Omicron_BA1,E406-,0.0
Omicron_BA1,V407A,-2.2365344
Omicron_BA1,V407E,0.0
Omicron_BA1,V407I,-0.035998814
Omicron_BA1,V407L,-0.04580742
Omicron_BA1,V407M,-1.2011462
Omicron_BA1,V407S,-3.5924156
Omicron_BA1,V407-,0.0
Omicron_BA1,R408A,-0.17138728
Omicron_BA1,R408C,-3.5387416
Omicron_BA1,R408D,-0.29874027
Omicron_BA1,R408E,-0.3040938
Omicron_BA1,R408F,-0.4124087
Omicron_BA1,R408G,-0.3027409
Omicron_BA1,R408H,-0.24202251
Omicron_BA1,R408I,-0.66712934
Omicron_BA1,R408K,-0.3541555
Omicron_BA1,R408L,-1.2632151
Omicron_BA1,R408M,-0.59136343
Omicron_BA1,R408N,-0.2745572
Omicron_BA1,R408P,-0.2901171
Omicron_BA1,R408Q,-0.07526588
Omicron_BA1,R408S,-0.20891279
Omicron_BA1,R408T,-0.29679126
Omicron_BA1,R408V,-0.31788337
Omicron_BA1,R408W,-0.42766932
Omicron_BA1,R408Y,-0.12837537
Omicron_BA1,R408*,-4.1785917
Omicron_BA1,R408-,0.0
Omicron_BA1,Q409E,-1.1044122
Omicron_BA1,Q409H,-1.9240323
Omicron_BA1,Q409K,-2.1775563
Omicron_BA1,Q409L,-2.2169251
Omicron_BA1,Q409R,-2.2448566
Omicron_BA1,Q409*,-3.5950494
Omicron_BA1,Q409-,0.0
Omicron_BA1,I410L,-0.5366441
Omicron_BA1,I410N,-2.4746654
Omicron_BA1,I410S,-1.7603209
Omicron_BA1,I410T,-2.980513
Omicron_BA1,I410V,-0.39421526
Omicron_BA1,I410-,0.0
Omicron_BA1,A411C,-3.6178074
Omicron_BA1,A411D,-1.7632208
Omicron_BA1,A411G,-0.0008320317
Omicron_BA1,A411L,-0.84558344
Omicron_BA1,A411P,-1.7790351
Omicron_BA1,A411S,-0.8590777
Omicron_BA1,A411T,-2.0353596
Omicron_BA1,A411V,-2.3237493
Omicron_BA1,A411-,0.0
Omicron_BA1,P412H,-3.2042093
Omicron_BA1,P412L,-3.2151287
Omicron_BA1,P412N,-0.6787155
Omicron_BA1,P412Q,-2.1909688
Omicron_BA1,P412S,-1.0267572
Omicron_BA1,P412T,-2.6278806
Omicron_BA1,P412-,1.1321892
Omicron_BA1,G413A,-0.6686326
Omicron_BA1,G413C,-0.3175127
Omicron_BA1,G413E,-1.6086493
Omicron_BA1,G413R,-0.30256546
Omicron_BA1,G413S,-0.42492273
Omicron_BA1,G413V,-2.1710403
Omicron_BA1,G413W,-2.1424344
Omicron_BA1,G413*,-3.5652838
Omicron_BA1,G413-,-1.620945
Omicron_BA1,Q414H,-1.4692366
Omicron_BA1,Q414K,-0.28296822
Omicron_BA1,Q414L,-1.5329204
Omicron_BA1,Q414P,0.0
Omicron_BA1,Q414R,-0.2254879
Omicron_BA1,Q414*,-2.6925735
Omicron_BA1,Q414-,0.19828711
Omicron_BA1,T415A,-0.24209851
Omicron_BA1,T415I,-0.49040237
Omicron_BA1,T415K,0.06010965
Omicron_BA1,T415L,-1.3971888
Omicron_BA1,T415N,-0.27168933
Omicron_BA1,T415P,-0.20996065
Omicron_BA1,T415R,0.2804773
Omicron_BA1,T415S,0.11223174
Omicron_BA1,T415-,-0.065029316
Omicron_BA1,G416C,0.0
Omicron_BA1,G416D,-5.358312
Omicron_BA1,G416E,-2.9152014
Omicron_BA1,G416N,-3.0000393
Omicron_BA1,G416R,-1.1638898
Omicron_BA1,G416S,-2.6359646
Omicron_BA1,G416V,-2.7632716
Omicron_BA1,G416W,-2.4568436
Omicron_BA1,G416-,-0.73612565
Omicron_BA1,N417A,-0.08658154
Omicron_BA1,N417C,-0.6448072
Omicron_BA1,N417D,-1.2028053
Omicron_BA1,N417E,-0.7539466
Omicron_BA1,N417F,-0.071762994
Omicron_BA1,N417G,-0.74113506
Omicron_BA1,N417H,-0.061076153
Omicron_BA1,N417I,0.08250126
Omicron_BA1,N417K,-0.13332918
Omicron_BA1,N417L,0.07110043
Omicron_BA1,N417M,-0.10120072
Omicron_BA1,N417P,-0.031140601
Omicron_BA1,N417Q,-0.37616178
Omicron_BA1,N417R,0.080343336
Omicron_BA1,N417S,-0.18333629
Omicron_BA1,N417T,0.052987784
Omicron_BA1,N417V,-0.03244359
Omicron_BA1,N417W,-0.14829499
Omicron_BA1,N417Y,-0.00728931
Omicron_BA1,N417*,-2.9480658
Omicron_BA1,N417-,0.0
Omicron_BA1,I418L,-2.300225
Omicron_BA1,I418N,0.0
Omicron_BA1,I418S,0.0
Omicron_BA1,I418T,0.1932973
Omicron_BA1,I418V,-0.6024279
Omicron_BA1,I418-,0.0
Omicron_BA1,A419D,-1.7957369
Omicron_BA1,A419I,-2.4015758
Omicron_BA1,A419S,-2.4573946
Omicron_BA1,A419T,-2.3212197
Omicron_BA1,A419V,-2.4390614
Omicron_BA1,A419-,0.0
Omicron_BA1,D420A,0.17280151
Omicron_BA1,D420E,-0.81686366
Omicron_BA1,D420G,-3.338653
Omicron_BA1,D420H,0.0
Omicron_BA1,D420I,-2.685287
Omicron_BA1,D420N,-0.0025733882
Omicron_BA1,D420R,-0.687252
Omicron_BA1,D420Y,-1.6913384
Omicron_BA1,Y421A,-2.731354
Omicron_BA1,Y421F,-0.2728115
Omicron_BA1,Y421H,-0.7536784
Omicron_BA1,Y421I,-1.7987809
Omicron_BA1,Y421N,0.4919166
Omicron_BA1,Y421*,-1.8514833
Omicron_BA1,Y423F,0.0
Omicron_BA1,Y423H,-2.21891
Omicron_BA1,Y423N,-3.023133
Omicron_BA1,Y423W,-1.4294534
Omicron_BA1,Y423*,-1.7232267
Omicron_BA1,K424E,-2.4754834
Omicron_BA1,K424G,-1.3845294
Omicron_BA1,K424N,-1.6824812
Omicron_BA1,K424Q,-2.5835311
Omicron_BA1,K424R,-0.28200313
Omicron_BA1,L425I,0.17132421
Omicron_BA1,L425M,-0.5347401
Omicron_BA1,L425P,-1.7168791
Omicron_BA1,L425R,0.0
Omicron_BA1,L425V,-0.20992443
Omicron_BA1,P426H,-2.4927084
Omicron_BA1,P426L,-2.2771177
Omicron_BA1,P426S,-1.8667947
Omicron_BA1,P426T,-1.827835
Omicron_BA1,D427A,-0.5747975
Omicron_BA1,D427E,-0.15411095
Omicron_BA1,D427G,-0.38672423
Omicron_BA1,D427H,-0.3368955
Omicron_BA1,D427N,-0.14166002
Omicron_BA1,D427R,-0.28796867
Omicron_BA1,D427S,0.0
Omicron_BA1,D427V,-0.565284
Omicron_BA1,D427Y,-0.29100582
Omicron_BA1,D427-,-2.2848494
Omicron_BA1,D428A,-0.35881492
Omicron_BA1,D428E,-0.006116308
Omicron_BA1,D428G,-0.67569774
Omicron_BA1,D428H,-0.12295599
Omicron_BA1,D428N,-2.8516788
Omicron_BA1,D428V,-0.39229852
Omicron_BA1,D428Y,-0.86800605
Omicron_BA1,F429I,-1.7156106
Omicron_BA1,F429L,-1.7176853
Omicron_BA1,F429S,-3.1398745
Omicron_BA1,F429V,-0.2594878
Omicron_BA1,F429Y,-0.9606007
Omicron_BA1,T430A,-0.96824986
Omicron_BA1,T430I,-0.055353105
Omicron_BA1,T430K,-1.7837224
Omicron_BA1,T430M,-0.07695697
Omicron_BA1,T430R,0.0
Omicron_BA1,T430S,-0.6267527
Omicron_BA1,G431C,-3.2740629
Omicron_BA1,G431D,-2.5448325
Omicron_BA1,G431R,-0.85756856
Omicron_BA1,G431S,-2.5488627
Omicron_BA1,G431V,-2.9229522
Omicron_BA1,C432F,-1.4188619
Omicron_BA1,C432G,-2.406102
Omicron_BA1,C432R,-2.0279303
Omicron_BA1,C432S,-1.9440385
Omicron_BA1,C432W,-1.631071
Omicron_BA1,C432Y,-2.9532878
Omicron_BA1,C432*,0.0
Omicron_BA1,V433A,-2.4767995
Omicron_BA1,V433E,-0.560253
Omicron_BA1,V433F,0.0
Omicron_BA1,V433G,0.0
Omicron_BA1,V433I,-0.28172582
Omicron_BA1,V433L,-2.8307493
Omicron_BA1,V433M,-1.312503
Omicron_BA1,I434F,-0.027342878
Omicron_BA1,I434L,-0.69661695
Omicron_BA1,I434M,-0.30752605
Omicron_BA1,I434T,-1.1378173
Omicron_BA1,I434V,-0.3122619
Omicron_BA1,A435G,0.0
Omicron_BA1,A435P,0.0
Omicron_BA1,A435S,-0.10576303
Omicron_BA1,A435T,-0.43110338
Omicron_BA1,A435V,-0.90850025
Omicron_BA1,W436C,-1.9149756
Omicron_BA1,W436G,-2.4639444
Omicron_BA1,W436L,-1.8316085
Omicron_BA1,W436R,-2.127627
Omicron_BA1,W436*,-3.6677625
Omicron_BA1,N437D,0.0
Omicron_BA1,N437K,-1.109447
Omicron_BA1,N437S,-0.9527755
Omicron_BA1,S438A,-0.2183047
Omicron_BA1,S438G,-1.6348782
Omicron_BA1,S438I,-3.1823905
Omicron_BA1,S438N,-2.0980527
Omicron_BA1,S438R,-3.3920493
Omicron_BA1,S438T,-0.8370662
Omicron_BA1,S438Y,-3.0093775
Omicron_BA1,N439A,-0.06996005
Omicron_BA1,N439C,-2.1721282
Omicron_BA1,N439D,-0.7458452
Omicron_BA1,N439E,-0.5273664
Omicron_BA1,N439F,-0.31305325
Omicron_BA1,N439G,-1.0004486
Omicron_BA1,N439H,-0.24058408
Omicron_BA1,N439I,-1.7546781
Omicron_BA1,N439K,-0.8928474
Omicron_BA1,N439L,-0.68859184
Omicron_BA1,N439M,-0.38988248
Omicron_BA1,N439P,-3.9660704
Omicron_BA1,N439Q,-0.69456834
Omicron_BA1,N439R,-1.2035189
Omicron_BA1,N439S,-0.97987497
Omicron_BA1,N439T,-0.98592216
Omicron_BA1,N439V,-0.34122932
Omicron_BA1,N439W,-0.46227163
Omicron_BA1,N439Y,-0.61718357
Omicron_BA1,N439*,-2.544556
Omicron_BA1,N439-,-0.4512837
Omicron_BA1,K440A,-0.081782356
Omicron_BA1,K440C,-3.2610142
Omicron_BA1,K440D,-0.10233946
Omicron_BA1,K440E,0.09006666
Omicron_BA1,K440F,-0.55787385
Omicron_BA1,K440G,-0.23339581
Omicron_BA1,K440H,-0.04491435
Omicron_BA1,K440I,-0.53866726
Omicron_BA1,K440L,-0.5022347
Omicron_BA1,K440M,-0.18634485
Omicron_BA1,K440N,0.12769252
Omicron_BA1,K440P,-0.63197047
Omicron_BA1,K440Q,-0.103687905
Omicron_BA1,K440R,0.00555016
Omicron_BA1,K440S,0.111211725
Omicron_BA1,K440T,0.051167205
Omicron_BA1,K440V,-0.37484857
Omicron_BA1,K440W,-1.7789485
Omicron_BA1,K440Y,-0.2822466
Omicron_BA1,K440*,-2.09801
Omicron_BA1,K440-,0.17653415
Omicron_BA1,L441F,-0.3020846
Omicron_BA1,L441H,-3.1248755
Omicron_BA1,L441I,0.017797658
Omicron_BA1,L441K,-0.055878412
Omicron_BA1,L441M,-0.19325474
Omicron_BA1,L441P,-1.5325068
Omicron_BA1,L441Q,0.083923556
Omicron_BA1,L441R,-0.3375842
Omicron_BA1,L441S,-1.0083468
Omicron_BA1,L441V,0.1740792
Omicron_BA1,L441Y,-0.34501797
Omicron_BA1,L441-,-0.95978093
Omicron_BA1,D442E,-0.38477284
Omicron_BA1,D442F,-2.4281604
Omicron_BA1,D442G,-3.1211407
Omicron_BA1,D442I,-0.35446665
Omicron_BA1,D442N,-2.2341015
Omicron_BA1,D442V,-3.4553978
Omicron_BA1,D442Y,-2.453412
Omicron_BA1,D442-,-0.89620894
Omicron_BA1,S443A,-0.15309052
Omicron_BA1,S443C,-0.6413356
Omicron_BA1,S443D,0.0
Omicron_BA1,S443E,-2.5179064
Omicron_BA1,S443F,-2.0559044
Omicron_BA1,S443G,-1.0838203
Omicron_BA1,S443I,0.6084935
Omicron_BA1,S443L,0.16982049
Omicron_BA1,S443N,-0.5235589
Omicron_BA1,S443R,-1.170642
Omicron_BA1,S443T,-0.49529803
Omicron_BA1,S443Y,-0.94376355
Omicron_BA1,S443-,0.0
Omicron_BA1,K444E,0.027736168
Omicron_BA1,K444F,0.06301831
Omicron_BA1,K444G,0.0
Omicron_BA1,K444I,-0.35263532
Omicron_BA1,K444L,-0.34557384
Omicron_BA1,K444M,-0.052386455
Omicron_BA1,K444N,0.15223724
Omicron_BA1,K444R,-0.08103781
Omicron_BA1,K444T,-0.07622858
Omicron_BA1,K444Y,0.07747565
Omicron_BA1,K444-,-1.3627774
Omicron_BA1,V445A,-0.063070446
Omicron_BA1,V445D,0.17869757
Omicron_BA1,V445E,-0.20323722
Omicron_BA1,V445F,-0.29556295
Omicron_BA1,V445G,-0.0658957
Omicron_BA1,V445I,-0.10212602
Omicron_BA1,V445L,-0.043296795
Omicron_BA1,V445M,-0.13618557
Omicron_BA1,V445T,0.020910583
Omicron_BA1,V445-,-0.44495016
Omicron_BA1,S446A,0.030476637
Omicron_BA1,S446C,-3.497259
Omicron_BA1,S446D,0.12103925
Omicron_BA1,S446E,0.03982039
Omicron_BA1,S446F,-0.32909438
Omicron_BA1,S446G,0.072184905
Omicron_BA1,S446H,-0.029541887
Omicron_BA1,S446I,-0.62099767
Omicron_BA1,S446K,-0.4955283
Omicron_BA1,S446L,-0.48093307
Omicron_BA1,S446M,-0.31250548
Omicron_BA1,S446N,-0.00094570074
Omicron_BA1,S446P,-0.29825383
Omicron_BA1,S446Q,-0.13243107
Omicron_BA1,S446R,-2.075885
Omicron_BA1,S446T,0.06524231
Omicron_BA1,S446V,-0.2326469
Omicron_BA1,S446W,-1.1208305
Omicron_BA1,S446Y,-0.29737702
Omicron_BA1,S446*,-4.3376555
Omicron_BA1,S446-,-0.06646346
Omicron_BA1,G447C,-2.971184
Omicron_BA1,G447D,-0.12043277
Omicron_BA1,G447F,-0.17420258
Omicron_BA1,G447S,-0.47513717
Omicron_BA1,G447V,-1.0181314
Omicron_BA1,G447-,0.036780052
Omicron_BA1,N448D,-0.11479816
Omicron_BA1,N448G,-0.2605994
Omicron_BA1,N448I,0.0
Omicron_BA1,N448K,-1.0996151
Omicron_BA1,N448S,0.04107595
Omicron_BA1,N448T,-0.42661914
Omicron_BA1,N448Y,-1.1821133
Omicron_BA1,N448-,-0.2092324
Omicron_BA1,Y449D,-0.021434607
Omicron_BA1,Y449F,0.005401221
Omicron_BA1,Y449G,0.1543054
Omicron_BA1,Y449H,0.16802152
Omicron_BA1,Y449N,0.17139855
Omicron_BA1,Y449S,0.17514473
Omicron_BA1,Y449V,-0.015545942
Omicron_BA1,Y449*,-1.2361153
Omicron_BA1,Y449-,-0.8160782
Omicron_BA1,N450D,0.077140436
Omicron_BA1,N450G,0.16879912
Omicron_BA1,N450H,-0.19110021
Omicron_BA1,N450K,-0.5099996
Omicron_BA1,N450Q,0.020133706
Omicron_BA1,N450S,-0.45454907
Omicron_BA1,N450T,-0.14554529
Omicron_BA1,N450Y,-0.21628559
Omicron_BA1,N450-,0.0
Omicron_BA1,Y451D,-2.2450552
Omicron_BA1,Y451F,1.281034
Omicron_BA1,Y451H,-0.5874175
Omicron_BA1,Y451L,-0.4532335
Omicron_BA1,Y451N,-1.3438777
Omicron_BA1,Y451*,-2.501554
Omicron_BA1,L452A,0.08882974
Omicron_BA1,L452C,-1.8319138
Omicron_BA1,L452D,-1.1963233
Omicron_BA1,L452E,-0.047718134
Omicron_BA1,L452F,-0.055785682
Omicron_BA1,L452G,-0.38114926
Omicron_BA1,L452H,-0.040397566
Omicron_BA1,L452I,-0.40872145
Omicron_BA1,L452K,-0.07918498
Omicron_BA1,L452M,0.18694106
Omicron_BA1,L452N,-0.4941955
Omicron_BA1,L452P,-4.836885
Omicron_BA1,L452Q,0.29699805
Omicron_BA1,L452R,0.022597719
Omicron_BA1,L452S,-0.19504452
Omicron_BA1,L452T,-0.40767577
Omicron_BA1,L452V,-0.22951663
Omicron_BA1,L452W,-0.059748445
Omicron_BA1,L452Y,0.15822509
Omicron_BA1,L452*,-4.8815384
Omicron_BA1,Y453C,-1.5856981
Omicron_BA1,Y453F,-0.24543808
Omicron_BA1,Y453H,-0.52313286
Omicron_BA1,Y453N,0.0
Omicron_BA1,Y453R,-0.55881864
Omicron_BA1,Y453S,-0.51500934
Omicron_BA1,Y453*,-0.5663001
Omicron_BA1,R454E,-1.2320489
Omicron_BA1,R454G,-2.1008542
Omicron_BA1,R454I,-3.9253135
Omicron_BA1,R454K,-3.607903
Omicron_BA1,R454*,-0.7241315
Omicron_BA1,L455F,-0.12951031
Omicron_BA1,L455I,0.12957036
Omicron_BA1,L455M,-0.010498383
Omicron_BA1,L455P,-0.28360543
Omicron_BA1,L455Q,0.40061212
Omicron_BA1,L455R,0.0
Omicron_BA1,L455S,-0.051040206
Omicron_BA1,L455V,-0.19475691
Omicron_BA1,F456I,-0.7460186
Omicron_BA1,F456L,-0.6105457
Omicron_BA1,F456M,0.0
Omicron_BA1,F456S,-1.5408128
Omicron_BA1,F456V,-0.13549367
Omicron_BA1,F456Y,-0.054590855
Omicron_BA1,R457G,-2.545448
Omicron_BA1,R457K,-2.0852544
Omicron_BA1,R457M,-3.27097
Omicron_BA1,R457Q,-2.7352417
Omicron_BA1,R457S,-2.0766032
Omicron_BA1,R457T,-1.0012909
Omicron_BA1,R457W,-0.35600415
Omicron_BA1,R457-,0.0
Omicron_BA1,K458E,0.05588815
Omicron_BA1,K458L,-0.5391624
Omicron_BA1,K458M,-0.60368496
Omicron_BA1,K458N,-0.05320653
Omicron_BA1,K458Q,-0.17338443
Omicron_BA1,K458R,-0.048659425
Omicron_BA1,K458S,0.000644323
Omicron_BA1,K458T,0.1141822
Omicron_BA1,S459A,0.33421642
Omicron_BA1,S459C,-0.13446358
Omicron_BA1,S459F,-0.757838
Omicron_BA1,S459G,-0.1973906
Omicron_BA1,S459I,-0.27674457
Omicron_BA1,S459K,-0.6310108
Omicron_BA1,S459N,-0.024553152
Omicron_BA1,S459P,-0.20730849
Omicron_BA1,S459R,-0.40473902
Omicron_BA1,S459Y,-0.38548568
Omicron_BA1,N460D,-0.65797675
Omicron_BA1,N460H,0.0
Omicron_BA1,N460I,-0.12446671
Omicron_BA1,N460K,-0.014851841
Omicron_BA1,N460S,-0.12603241
Omicron_BA1,N460T,-0.18223828
Omicron_BA1,N460Y,-0.29097217
Omicron_BA1,L461F,-1.6645184
Omicron_BA1,L461I,0.12772192
Omicron_BA1,L461M,-0.6165234
Omicron_BA1,L461P,-2.54363
Omicron_BA1,L461Q,-2.040093
Omicron_BA1,L461R,0.0
Omicron_BA1,L461V,0.0
Omicron_BA1,L461-,-2.279994
Omicron_BA1,K462E,-0.27890572
Omicron_BA1,K462G,0.6895502
Omicron_BA1,K462I,-0.646017
Omicron_BA1,K462L,-0.20708059
Omicron_BA1,K462N,-0.12783286
Omicron_BA1,K462Q,0.12856923
Omicron_BA1,K462R,0.15571725
Omicron_BA1,K462T,-0.39402035
Omicron_BA1,K462-,0.0
Omicron_BA1,P463A,-0.012651294
Omicron_BA1,P463H,-0.7028645
Omicron_BA1,P463L,-4.1602273
Omicron_BA1,P463Q,-1.8947315
Omicron_BA1,P463R,-1.8459444
Omicron_BA1,P463S,-1.8023366
Omicron_BA1,P463T,-1.4024805
Omicron_BA1,P463-,0.0
Omicron_BA1,F464I,-0.88160163
Omicron_BA1,F464L,-1.2927691
Omicron_BA1,F464S,-1.2229197
Omicron_BA1,F464V,-2.2088668
Omicron_BA1,F464Y,-0.31468797
Omicron_BA1,F464-,-1.3559188
Omicron_BA1,E465A,-1.2924407
Omicron_BA1,E465D,-0.6581086
Omicron_BA1,E465G,-0.73553133
Omicron_BA1,E465K,-1.8814901
Omicron_BA1,E465Q,-0.7571256
Omicron_BA1,E465*,-2.8599522
Omicron_BA1,E465-,-0.7693463
Omicron_BA1,R466G,-4.9124093
Omicron_BA1,R466I,-1.2736111
Omicron_BA1,R466K,-0.7349977
Omicron_BA1,R466M,-0.8824627
Omicron_BA1,R466S,-1.5976142
Omicron_BA1,R466W,-0.8050463
Omicron_BA1,R466-,-2.263842
Omicron_BA1,D467E,-2.994605
Omicron_BA1,D467G,-3.0634842
Omicron_BA1,D467L,-1.8640854
Omicron_BA1,D467N,-2.816963
Omicron_BA1,D467Y,-2.7175167
Omicron_BA1,I468F,-0.6644409
Omicron_BA1,I468L,-0.20289582
Omicron_BA1,I468M,-0.31909853
Omicron_BA1,I468N,-1.0848043
Omicron_BA1,I468S,-0.59744275
Omicron_BA1,I468T,-0.07128187
Omicron_BA1,I468V,-0.28487134
Omicron_BA1,S469A,-0.4917267
Omicron_BA1,S469C,0.0
Omicron_BA1,S469G,-0.41700792
Omicron_BA1,S469I,-1.6497926
Omicron_BA1,S469L,-1.929508
Omicron_BA1,S469N,-0.8635197
Omicron_BA1,S469Q,-0.09842433
Omicron_BA1,S469R,-0.27829087
Omicron_BA1,S469T,-0.011862809
Omicron_BA1,T470A,-0.25329983
Omicron_BA1,T470I,-0.5082185
Omicron_BA1,T470K,-0.28095832
Omicron_BA1,T470N,-0.0070117475
Omicron_BA1,T470R,0.18759121
Omicron_BA1,T470S,-0.3169405
Omicron_BA1,E471A,-0.26413515
Omicron_BA1,E471D,-0.07737084
Omicron_BA1,E471G,-0.3678512
Omicron_BA1,E471K,-0.79636765
Omicron_BA1,E471Q,-0.17003274
Omicron_BA1,E471V,-0.67723584
Omicron_BA1,E471*,-2.3036666
Omicron_BA1,I472F,-0.27631813
Omicron_BA1,I472L,0.36806592
Omicron_BA1,I472N,-2.4736154
Omicron_BA1,I472S,0.0
Omicron_BA1,I472T,-0.91730005
Omicron_BA1,I472V,-0.69461775
Omicron_BA1,Y473C,-3.4688504
Omicron_BA1,Y473F,-0.015837356
Omicron_BA1,Y473H,-0.31453705
Omicron_BA1,Y473N,-1.0132478
Omicron_BA1,Y473*,-2.3974178
Omicron_BA1,Q474E,-0.16471507
Omicron_BA1,Q474G,0.0
Omicron_BA1,Q474H,-0.8814
Omicron_BA1,Q474K,-0.85538054
Omicron_BA1,Q474L,-0.46894905
Omicron_BA1,Q474P,-0.79414284
Omicron_BA1,Q474R,-1.2926018
Omicron_BA1,Q474*,-2.9172456
Omicron_BA1,A475D,-0.7880255
Omicron_BA1,A475L,-0.76833546
Omicron_BA1,A475P,0.0
Omicron_BA1,A475S,-0.13830373
Omicron_BA1,A475T,-0.4055943
Omicron_BA1,A475V,-0.20706978
Omicron_BA1,G476A,-0.24228986
Omicron_BA1,G476C,-2.761102
Omicron_BA1,G476D,-0.38909295
Omicron_BA1,G476K,-1.7404239
Omicron_BA1,G476S,-0.102072865
Omicron_BA1,G476V,-1.2446983
Omicron_BA1,N477A,-0.27353826
Omicron_BA1,N477C,-1.650713
Omicron_BA1,N477D,0.15450273
Omicron_BA1,N477E,-0.09339241
Omicron_BA1,N477F,-0.10274059
Omicron_BA1,N477G,-0.28621012
Omicron_BA1,N477H,0.18502815
Omicron_BA1,N477I,-0.28851303
Omicron_BA1,N477K,-0.28676373
Omicron_BA1,N477L,-0.36990613
Omicron_BA1,N477M,-0.09344365
Omicron_BA1,N477P,-0.06805965
Omicron_BA1,N477Q,-0.0010752092
Omicron_BA1,N477R,-0.29188114
Omicron_BA1,N477S,-0.032759488
Omicron_BA1,N477T,-0.05602482
Omicron_BA1,N477V,-0.058409236
Omicron_BA1,N477W,-0.8022393
Omicron_BA1,N477Y,-0.4915474
Omicron_BA1,N477*,-2.0159786
Omicron_BA1,K478A,0.013964754
Omicron_BA1,K478C,-2.5662723
Omicron_BA1,K478D,0.03345022
Omicron_BA1,K478E,0.114574775
Omicron_BA1,K478F,-0.54763806
Omicron_BA1,K478G,-0.541484
Omicron_BA1,K478H,-0.21009704
Omicron_BA1,K478I,-0.112905614
Omicron_BA1,K478L,-0.16018021
Omicron_BA1,K478M,-0.08093292
Omicron_BA1,K478N,-0.107388236
Omicron_BA1,K478P,-1.1219909
Omicron_BA1,K478Q,0.030496739
Omicron_BA1,K478R,-0.034240756
Omicron_BA1,K478S,-0.04180744
Omicron_BA1,K478T,0.17793187
Omicron_BA1,K478V,0.022366656
Omicron_BA1,K478W,-0.91413474
Omicron_BA1,K478Y,-0.09291107
Omicron_BA1,K478*,-3.5535648
Omicron_BA1,P479A,-0.27705705
Omicron_BA1,P479D,0.0
Omicron_BA1,P479H,-0.46620226
Omicron_BA1,P479L,-0.6407492
Omicron_BA1,P479N,0.0
Omicron_BA1,P479Q,-0.0155536765
Omicron_BA1,P479R,-0.54349136
Omicron_BA1,P479S,-0.013270705
Omicron_BA1,P479T,-0.003010965
Omicron_BA1,P479Y,0.0
Omicron_BA1,C480F,-2.8048654
Omicron_BA1,C480L,-1.6239765
Omicron_BA1,C480N,0.0
Omicron_BA1,C480R,-3.2661579
Omicron_BA1,C480S,-1.1021415
Omicron_BA1,C480V,-1.4044423
Omicron_BA1,C480Y,-3.1417735
Omicron_BA1,C480*,-1.4830649
Omicron_BA1,C480-,-2.9553342
Omicron_BA1,N481D,-0.21295224
Omicron_BA1,N481E,0.0
Omicron_BA1,N481G,0.0
Omicron_BA1,N481H,-0.09913545
Omicron_BA1,N481I,-1.1921852
Omicron_BA1,N481K,-0.1763188
Omicron_BA1,N481S,-0.2024338
Omicron_BA1,N481T,-1.8386809
Omicron_BA1,N481Y,-0.3123561
Omicron_BA1,G482D,-0.27340978
Omicron_BA1,G482E,-0.42566743
Omicron_BA1,G482P,-0.522321
Omicron_BA1,G482R,-0.6048522
Omicron_BA1,G482S,-0.57220954
Omicron_BA1,G482V,-1.6125398
Omicron_BA1,G482*,-2.6601467
Omicron_BA1,G482-,0.46698067
Omicron_BA1,V483A,-0.02941046
Omicron_BA1,V483E,-0.0368703
Omicron_BA1,V483F,-0.3874071
Omicron_BA1,V483G,-0.013298316
Omicron_BA1,V483I,-0.2471301
Omicron_BA1,V483L,-0.17160068
Omicron_BA1,V483M,-0.087770045
Omicron_BA1,V483Q,0.0
Omicron_BA1,V483S,-0.061199225
Omicron_BA1,V483-,0.17610706
Omicron_BA1,A484C,-1.2440655
Omicron_BA1,A484D,-1.2862294
Omicron_BA1,A484E,-0.1004472
Omicron_BA1,A484F,-0.9177889
Omicron_BA1,A484G,-0.49769765
Omicron_BA1,A484H,-0.23669705
Omicron_BA1,A484I,-0.28063294
Omicron_BA1,A484K,-0.09374044
Omicron_BA1,A484L,-0.09283873
Omicron_BA1,A484M,-0.114994146
Omicron_BA1,A484N,-0.3027473
Omicron_BA1,A484P,-0.16259871
Omicron_BA1,A484Q,-0.053949963
Omicron_BA1,A484R,-0.27016336
Omicron_BA1,A484S,-0.07350473
Omicron_BA1,A484T,0.015895301
Omicron_BA1,A484V,-0.04349341
Omicron_BA1,A484W,-1.7729754
Omicron_BA1,A484Y,-0.9727022
Omicron_BA1,A484*,-2.7384868
Omicron_BA1,G485A,-0.34682608
Omicron_BA1,G485C,-2.7848387
Omicron_BA1,G485D,-0.28042665
Omicron_BA1,G485R,-0.9249679
Omicron_BA1,G485S,-0.22485493
Omicron_BA1,G485T,-0.31145474
Omicron_BA1,G485V,-1.2807727
Omicron_BA1,F486C,0.0
Omicron_BA1,F486I,0.07781632
Omicron_BA1,F486L,0.06498553
Omicron_BA1,F486P,0.11143083
Omicron_BA1,F486S,0.07378734
Omicron_BA1,F486V,-0.119456016
Omicron_BA1,F486Y,-0.10376951
Omicron_BA1,F486-,-0.17925778
Omicron_BA1,N487D,-0.23160952
Omicron_BA1,N487G,0.0
Omicron_BA1,N487I,-2.5034866
Omicron_BA1,N487K,-0.11102453
Omicron_BA1,N487S,0.041984856
Omicron_BA1,N487T,-0.04028163
Omicron_BA1,C488F,-3.5454178
Omicron_BA1,C488L,-2.1359522
Omicron_BA1,C488R,-3.7166831
Omicron_BA1,C488S,0.0
Omicron_BA1,C488V,-2.8600924
Omicron_BA1,C488W,-3.3215864
Omicron_BA1,C488Y,-4.840055
Omicron_BA1,C488*,-1.9346994
Omicron_BA1,Y489C,-2.9881287
Omicron_BA1,Y489F,-0.02712466
Omicron_BA1,Y489H,-0.22553931
Omicron_BA1,Y489L,-0.53211963
Omicron_BA1,Y489N,0.0
Omicron_BA1,Y489W,-0.10577965
Omicron_BA1,Y489*,-2.075294
Omicron_BA1,F490I,-0.33787188
Omicron_BA1,F490L,-0.2801265
Omicron_BA1,F490R,-0.23907909
Omicron_BA1,F490S,-0.04886153
Omicron_BA1,F490V,-0.39122632
Omicron_BA1,F490Y,0.08609715
Omicron_BA1,P491A,0.0
Omicron_BA1,P491H,-1.9319106
Omicron_BA1,P491L,-3.9398565
Omicron_BA1,P491Q,-0.9010828
Omicron_BA1,P491S,-2.297835
Omicron_BA1,P491T,-2.3274212
Omicron_BA1,L492F,-1.4528548
Omicron_BA1,L492H,-1.1360823
Omicron_BA1,L492I,-0.67498
Omicron_BA1,L492P,-1.8617101
Omicron_BA1,L492S,-2.16337
Omicron_BA1,L492T,-3.1412742
Omicron_BA1,L492V,-2.754315
Omicron_BA1,R493A,-0.3803317
Omicron_BA1,R493C,-4.588224
Omicron_BA1,R493D,-1.3975844
Omicron_BA1,R493E,-0.36959538
Omicron_BA1,R493F,-1.989399
Omicron_BA1,R493G,-0.9433152
Omicron_BA1,R493H,-0.7405185
Omicron_BA1,R493I,-1.0907606
Omicron_BA1,R493K,0.09288412
Omicron_BA1,R493L,-1.970794
Omicron_BA1,R493M,-0.73477656
Omicron_BA1,R493N,-0.6497319
Omicron_BA1,R493P,-2.3617773
Omicron_BA1,R493Q,-0.26131332
Omicron_BA1,R493S,-0.71548754
Omicron_BA1,R493T,-0.80015045
Omicron_BA1,R493V,-0.57442266
Omicron_BA1,R493W,-2.620794
Omicron_BA1,R493Y,-1.3253524
Omicron_BA1,R493*,-2.9987867
Omicron_BA1,R493-,-0.47726712
Omicron_BA1,S494A,0.02677245
Omicron_BA1,S494F,-0.93527263
Omicron_BA1,S494K,-0.5590435
Omicron_BA1,S494L,-1.1435547
Omicron_BA1,S494P,0.032808144
Omicron_BA1,S494T,0.026668131
Omicron_BA1,S494Y,-0.72793835
Omicron_BA1,S494-,-0.67680967
Omicron_BA1,Y495C,-1.0153483
Omicron_BA1,Y495D,-2.7412438
Omicron_BA1,Y495F,-1.1849973
Omicron_BA1,Y495H,-2.1564343
Omicron_BA1,Y495N,-2.28625
Omicron_BA1,Y495S,-1.3767188
Omicron_BA1,Y495W,-2.8239427
Omicron_BA1,Y495-,-0.9854462
Omicron_BA1,S496A,0.21952721
Omicron_BA1,S496C,-1.8206699
Omicron_BA1,S496D,0.22308847
Omicron_BA1,S496E,-0.09234274
Omicron_BA1,S496F,-0.67532516
Omicron_BA1,S496G,0.14815831
Omicron_BA1,S496H,-0.114204004
Omicron_BA1,S496I,-0.06597397
Omicron_BA1,S496K,-0.42059737
Omicron_BA1,S496L,-0.76210946
Omicron_BA1,S496M,-0.14796513
Omicron_BA1,S496N,0.033654515
Omicron_BA1,S496P,-2.5898468
Omicron_BA1,S496Q,0.14230056
Omicron_BA1,S496R,-0.98088723
Omicron_BA1,S496T,0.07729565
Omicron_BA1,S496V,0.066913985
Omicron_BA1,S496W,-2.4108028
Omicron_BA1,S496Y,-0.60636586
Omicron_BA1,S496*,-3.007248
Omicron_BA1,S496-,0.4325169
Omicron_BA1,F497H,-2.515812
Omicron_BA1,F497I,0.0
Omicron_BA1,F497L,-2.877475
Omicron_BA1,F497S,-2.5839577
Omicron_BA1,F497V,0.0
Omicron_BA1,F497W,-2.8819044
Omicron_BA1,F497-,-0.41970995
Omicron_BA1,R498A,-0.036466755
Omicron_BA1,R498C,-2.1934032
Omicron_BA1,R498D,-3.039022
Omicron_BA1,R498E,-0.23821266
Omicron_BA1,R498F,-0.103720576
Omicron_BA1,R498G,-0.42723832
Omicron_BA1,R498H,-0.047501475
Omicron_BA1,R498I,-0.64994043
Omicron_BA1,R498K,0.11845699
Omicron_BA1,R498L,-0.42733788
Omicron_BA1,R498M,-0.06313854
Omicron_BA1,R498N,-0.25739336
Omicron_BA1,R498P,-3.1929288
Omicron_BA1,R498Q,-0.010878135
Omicron_BA1,R498S,0.010979656
Omicron_BA1,R498T,-0.55114055
Omicron_BA1,R498V,-0.21965563
Omicron_BA1,R498W,-0.3323682
Omicron_BA1,R498Y,0.04853418
Omicron_BA1,R498*,-2.7085605
Omicron_BA1,R498-,-1.1703181
Omicron_BA1,P499H,-0.50546443
Omicron_BA1,P499L,-2.1781
Omicron_BA1,P499Q,-0.72418046
Omicron_BA1,P499R,-0.876645
Omicron_BA1,P499S,-0.26653042
Omicron_BA1,P499T,-0.36521456
Omicron_BA1,P499V,-0.5067336
Omicron_BA1,T500A,-0.0063134814
Omicron_BA1,T500I,-0.55120426
Omicron_BA1,T500N,0.18733491
Omicron_BA1,T500P,0.018470101
Omicron_BA1,T500S,0.11097882
Omicron_BA1,Y501A,0.2144426
Omicron_BA1,Y501C,-4.1316357
Omicron_BA1,Y501D,-0.031377725
Omicron_BA1,Y501E,0.070040815
Omicron_BA1,Y501F,0.06243722
Omicron_BA1,Y501G,0.011747184
Omicron_BA1,Y501H,-0.086226925
Omicron_BA1,Y501I,-0.40918908
Omicron_BA1,Y501K,-2.1685472
Omicron_BA1,Y501L,0.058403037
Omicron_BA1,Y501M,0.012854677
Omicron_BA1,Y501N,-0.0038766838
Omicron_BA1,Y501P,-1.6501596
Omicron_BA1,Y501Q,0.04091017
Omicron_BA1,Y501R,-2.3420303
Omicron_BA1,Y501S,0.008474621
Omicron_BA1,Y501T,0.0012831867
Omicron_BA1,Y501V,-0.13477583
Omicron_BA1,Y501W,-0.41187736
Omicron_BA1,Y501*,-3.4363906
Omicron_BA1,Y501-,-2.3734994
Omicron_BA1,G502E,-1.5095574
Omicron_BA1,G502R,-3.3626025
Omicron_BA1,G502S,-0.13425733
Omicron_BA1,G502V,-1.8583637
Omicron_BA1,G502*,-3.4749112
Omicron_BA1,G502-,0.0
Omicron_BA1,V503A,-0.10985018
Omicron_BA1,V503E,0.24162057
Omicron_BA1,V503F,-0.123172276
Omicron_BA1,V503G,-0.5976168
Omicron_BA1,V503I,0.18322581
Omicron_BA1,V503L,0.18412495
Omicron_BA1,V503M,0.14479116
Omicron_BA1,V503Q,0.11610133
Omicron_BA1,V503-,-2.4637454
Omicron_BA1,G504C,-1.8002754
Omicron_BA1,G504D,-0.09021872
Omicron_BA1,G504N,-0.17525329
Omicron_BA1,G504S,-0.12474375
Omicron_BA1,G504V,-0.6365378
Omicron_BA1,G504-,0.0
Omicron_BA1,H505A,-0.26539585
Omicron_BA1,H505C,-3.2007241
Omicron_BA1,H505D,0.07146846
Omicron_BA1,H505E,0.17463349
Omicron_BA1,H505F,-0.3045025
Omicron_BA1,H505G,-0.3778736
Omicron_BA1,H505I,-2.4243186
Omicron_BA1,H505K,-1.4906503
Omicron_BA1,H505L,-0.02625761
Omicron_BA1,H505M,0.017977117
Omicron_BA1,H505N,-0.14751253
Omicron_BA1,H505P,-4.6873083
Omicron_BA1,H505Q,-0.06851608
Omicron_BA1,H505R,-0.90755403
Omicron_BA1,H505S,-0.19442493
Omicron_BA1,H505T,-0.71850824
Omicron_BA1,H505V,-1.7054161
Omicron_BA1,H505W,-0.18447591
Omicron_BA1,H505Y,-0.079579644
Omicron_BA1,H505*,-1.9520595
Omicron_BA1,H505-,-1.8818353
Omicron_BA1,Q506H,0.0
Omicron_BA1,Q506K,-2.6889923
Omicron_BA1,Q506R,-3.061518
Omicron_BA1,Q506*,-3.3052332
Omicron_BA1,Q506-,-2.6158817
Omicron_BA1,P507A,-0.32304308
Omicron_BA1,P507L,-3.1571918
Omicron_BA1,P507Q,-3.0341256
Omicron_BA1,P507S,-1.7411449
Omicron_BA1,P507T,0.6021885
Omicron_BA1,P507-,0.0
Omicron_BA1,Y508C,-1.014497
Omicron_BA1,Y508F,-0.1580985
Omicron_BA1,Y508H,-0.0064640357
Omicron_BA1,Y508N,0.021187514
Omicron_BA1,Y508*,-2.9511135
Omicron_BA1,Y508-,-1.2402381
Omicron_BA1,R509G,-5.2174573
Omicron_BA1,R509K,-1.3521163
Omicron_BA1,R509M,-4.407257
Omicron_BA1,R509S,-3.6553595
Omicron_BA1,R509T,0.5373261
Omicron_BA1,R509W,-1.3087733
Omicron_BA1,R509-,-3.1713076
Omicron_BA1,V510A,0.0
Omicron_BA1,V510E,-3.1347883
Omicron_BA1,V510I,-0.47483402
Omicron_BA1,V510L,-2.1422126
Omicron_BA1,V510M,-1.8050679
Omicron_BA1,V510-,-0.77194506
Omicron_BA1,V511A,-0.39192462
Omicron_BA1,V511E,-2.092523
Omicron_BA1,V511I,-2.3906255
Omicron_BA1,V511L,-1.8112733
Omicron_BA1,V511M,-1.2017688
Omicron_BA1,V511-,0.0
Omicron_BA1,V512A,-1.5968263
Omicron_BA1,V512E,0.0
Omicron_BA1,V512F,-3.1097584
Omicron_BA1,V512I,-1.5620954
Omicron_BA1,V512L,-3.7872863
Omicron_BA1,V512M,-3.900307
Omicron_BA1,V512-,0.0
Omicron_BA1,L513F,-0.3935914
Omicron_BA1,L513I,-0.53755766
Omicron_BA1,L513M,-0.42982996
Omicron_BA1,L513P,-2.8066945
Omicron_BA1,L513Q,-3.0104952
Omicron_BA1,L513R,0.17463699
Omicron_BA1,L513T,-0.08539388
Omicron_BA1,L513V,-2.1563025
Omicron_BA1,L513-,0.0
Omicron_BA1,S514A,-0.2591272
Omicron_BA1,S514F,-1.3641244
Omicron_BA1,S514N,0.007086343
Omicron_BA1,S514P,-2.6318593
Omicron_BA1,S514T,-0.050596144
Omicron_BA1,S514Y,-0.7197146
Omicron_BA1,S514-,0.0
Omicron_BA1,F515C,-1.6402045
Omicron_BA1,F515I,0.43099234
Omicron_BA1,F515L,-0.4362838
Omicron_BA1,F515S,-3.6417043
Omicron_BA1,F515V,-1.4579661
Omicron_BA1,F515Y,-0.58140445
Omicron_BA1,F515-,0.0
Omicron_BA1,E516A,-0.8636666
Omicron_BA1,E516D,0.22284624
Omicron_BA1,E516G,-1.1234846
Omicron_BA1,E516K,-1.2865665
Omicron_BA1,E516Q,-0.14170106
Omicron_BA1,E516S,-0.22039692
Omicron_BA1,E516V,-0.9950012
Omicron_BA1,E516*,-3.402897
Omicron_BA1,L517F,0.17744088
Omicron_BA1,L517H,-0.65730584
Omicron_BA1,L517I,0.16290534
Omicron_BA1,L517M,0.21334192
Omicron_BA1,L517P,-0.91669166
Omicron_BA1,L517Q,0.31292874
Omicron_BA1,L517R,-2.892928
Omicron_BA1,L517T,-0.7821518
Omicron_BA1,L517V,-0.018826751
Omicron_BA1,L517Y,-0.99314785
Omicron_BA1,L518F,-0.15769497
Omicron_BA1,L518H,-0.52762395
Omicron_BA1,L518I,0.12742242
Omicron_BA1,L518M,-0.13540682
Omicron_BA1,L518P,-0.506634
Omicron_BA1,L518Q,-0.017856989
Omicron_BA1,L518V,-0.08251355
Omicron_BA1,H519A,-1.0098039
Omicron_BA1,H519D,-0.077336006
Omicron_BA1,H519L,-0.51582325
Omicron_BA1,H519N,-0.733154
Omicron_BA1,H519P,-0.15177974
Omicron_BA1,H519Q,-0.017819433
Omicron_BA1,H519R,-0.93423814
Omicron_BA1,H519Y,-0.09643094
Omicron_BA1,A520D,-0.73403686
Omicron_BA1,A520E,-0.017929245
Omicron_BA1,A520G,0.38042322
Omicron_BA1,A520L,0.097767726
Omicron_BA1,A520P,-1.3545943
Omicron_BA1,A520S,0.0062701325
Omicron_BA1,A520T,-0.76844406
Omicron_BA1,A520V,-1.4768432
Omicron_BA1,P521A,-1.1229842
Omicron_BA1,P521H,-0.1278721
Omicron_BA1,P521L,-1.0096701
Omicron_BA1,P521Q,0.040645424
Omicron_BA1,P521R,-0.1726887
Omicron_BA1,P521S,-0.23636855
Omicron_BA1,P521T,-0.19326088
Omicron_BA1,A522C,-0.4627653
Omicron_BA1,A522D,-1.2042891
Omicron_BA1,A522E,-1.6790597
Omicron_BA1,A522F,-0.33004507
Omicron_BA1,A522G,-0.6664559
Omicron_BA1,A522H,-1.3489201
Omicron_BA1,A522I,-0.99968314
Omicron_BA1,A522K,-2.1338363
Omicron_BA1,A522L,-1.8685857
Omicron_BA1,A522M,-0.123098806
Omicron_BA1,A522N,-1.7905267
Omicron_BA1,A522P,0.16193835
Omicron_BA1,A522Q,-2.6628091
Omicron_BA1,A522R,-1.9520248
Omicron_BA1,A522S,-0.1914922
Omicron_BA1,A522T,-1.2133639
Omicron_BA1,A522V,-0.20667252
Omicron_BA1,A522W,-1.0944114
Omicron_BA1,A522Y,0.08787884
Omicron_BA1,A522*,-3.8802555
Omicron_BA1,A522-,-0.3864122
Omicron_BA1,T523A,-0.5675801
Omicron_BA1,T523I,-1.773129
Omicron_BA1,T523K,-1.0898855
Omicron_BA1,T523N,-0.5967279
Omicron_BA1,T523P,-0.30084005
Omicron_BA1,T523R,0.0
Omicron_BA1,T523S,-0.07008126
Omicron_BA1,V524A,-2.5062864
Omicron_BA1,V524C,-1.0451419
Omicron_BA1,V524E,-1.2920989
Omicron_BA1,V524I,0.0
Omicron_BA1,V524L,-2.0130339
Omicron_BA1,V524M,-2.2768831
Omicron_BA1,C525F,-1.9078177
Omicron_BA1,C525R,0.0
Omicron_BA1,C525S,-2.6082563
Omicron_BA1,C525W,-3.2592442
Omicron_BA1,C525Y,-3.7430127
Omicron_BA1,C525*,-1.7589406
Omicron_BA1,G526E,-3.4116628
Omicron_BA1,G526P,-0.44324866
Omicron_BA1,G526R,-4.724111
Omicron_BA1,G526V,-2.7458584
Omicron_BA1,G526*,-1.6685208
Omicron_BA1,P527A,0.0
Omicron_BA1,P527K,-1.6540524
Omicron_BA1,P527L,-2.2679927
Omicron_BA1,P527Q,-2.395589
Omicron_BA1,P527S,-1.8793595
Omicron_BA1,P527T,-1.0808667
Omicron_BA1,P527-,-2.1743271
Omicron_BA1,K528E,-0.6667833
Omicron_BA1,K528I,-0.11343188
Omicron_BA1,K528M,0.0
Omicron_BA1,K528N,-1.1458108
Omicron_BA1,K528P,-1.9139376
Omicron_BA1,K528Q,0.061008327
Omicron_BA1,K528R,-0.20458698
Omicron_BA1,K528T,0.14126551
Omicron_BA1,K528W,-0.46951565
Omicron_BA1,K529E,-0.2079576
Omicron_BA1,K529G,-0.72693914
Omicron_BA1,K529L,-0.5433175
Omicron_BA1,K529M,-0.42097798
Omicron_BA1,K529N,-0.5686154
Omicron_BA1,K529Q,-0.0696253
Omicron_BA1,K529R,-0.18192245
Omicron_BA1,K529T,-0.12160075
Omicron_BA1,S530C,-1.7679694
Omicron_BA1,S530F,-1.1473709
Omicron_BA1,S530G,-1.2996292
Omicron_BA1,S530I,-0.31810024
Omicron_BA1,S530N,-1.1740804
Omicron_BA1,S530P,-0.6216543
Omicron_BA1,S530R,-2.4690726
Omicron_BA1,S530T,0.24419913
Omicron_BA1,S530V,-0.6965873
Omicron_BA1,S530W,-2.1466806
Omicron_BA1,T531A,-0.25506848
Omicron_BA1,T531G,-0.514735
Omicron_BA1,T531I,-3.0498095
Omicron_BA1,T531L,-2.3333435
Omicron_BA1,T531N,-1.2353354
Omicron_BA1,T531S,-0.37499952
Omicron_BA1,T531-,-1.4222983
Omicron_BA1,N532D,-0.044816736
Omicron_BA1,N532E,2.3360329
Omicron_BA1,N532H,0.13798168
Omicron_BA1,N532I,0.003511168
Omicron_BA1,N532K,-0.08646121
Omicron_BA1,N532P,0.21640167
Omicron_BA1,N532S,-0.013253643
Omicron_BA1,N532T,-0.013720823
Omicron_BA1,N532V,-0.47920936
Omicron_BA1,N532Y,-0.17429768
Omicron_BA1,L533F,-1.2131491
Omicron_BA1,L533K,-1.8609334
Omicron_BA1,L533M,-0.68059427
Omicron_BA1,L533P,-3.5009367
Omicron_BA1,L533Q,-2.7053528
Omicron_BA1,L533R,-0.7079075
Omicron_BA1,L533T,0.0
Omicron_BA1,L533V,-1.271995
Omicron_BA1,V534A,-1.204463
Omicron_BA1,V534F,-3.9668415
Omicron_BA1,V534G,-0.41795558
Omicron_BA1,V534I,-0.07588245
Omicron_BA1,V534L,-0.5966032
Omicron_BA1,V534M,-0.93959033
Omicron_BA1,V534P,-2.000875
Omicron_BA1,V534-,0.0
Omicron_BA1,K535E,-2.6313984
Omicron_BA1,K535M,0.29591715
Omicron_BA1,K535N,-3.0787847
Omicron_BA1,K535R,-0.54260063
Omicron_BA1,K535T,-0.25647923
Omicron_BA1,K535V,-0.67877614
Omicron_BA1,K535Y,0.07594421
Omicron_BA1,K535-,0.0
Omicron_BA1,N536D,-0.39547026
Omicron_BA1,N536H,-0.060736552
Omicron_BA1,N536K,-0.63402534
Omicron_BA1,N536P,-2.6878984
Omicron_BA1,N536Q,-0.42716745
Omicron_BA1,N536S,-0.60716146
Omicron_BA1,N536T,-2.0272582
Omicron_BA1,N536W,-1.1955112
Omicron_BA1,N536Y,0.37720588
Omicron_BA1,N536-,0.0
Omicron_BA1,K537E,-0.5796566
Omicron_BA1,K537G,-0.9903358
Omicron_BA1,K537M,-0.73213625
Omicron_BA1,K537N,-3.447749
Omicron_BA1,K537Q,0.02660816
Omicron_BA1,K537R,-0.3149328
Omicron_BA1,K537T,0.021582456
Omicron_BA1,K537*,0.0
Omicron_BA1,K537-,0.0
Omicron_BA1,C538F,-2.527486
Omicron_BA1,C538M,-3.299
Omicron_BA1,C538S,-2.761773
Omicron_BA1,C538W,-2.4345062
Omicron_BA1,C538Y,-2.3124664
Omicron_BA1,C538-,0.0
Omicron_BA1,V539A,-2.1360195
Omicron_BA1,V539C,-0.8942356
Omicron_BA1,V539F,-1.026641
Omicron_BA1,V539G,-1.3117491
Omicron_BA1,V539I,-0.26653913
Omicron_BA1,V539L,-1.6357232
Omicron_BA1,V539M,-1.8323373
Omicron_BA1,V539-,0.0
Omicron_BA1,N540D,-0.33467484
Omicron_BA1,N540H,0.04165609
Omicron_BA1,N540I,-1.8569725
Omicron_BA1,N540K,-0.14650068
Omicron_BA1,N540Q,-2.0830345
Omicron_BA1,N540S,-0.23956081
Omicron_BA1,N540T,-0.32442635
Omicron_BA1,N540Y,-0.7372247
Omicron_BA1,N540-,0.0
Omicron_BA1,F541I,-2.9905086
Omicron_BA1,F541L,-4.7255864
Omicron_BA1,F541P,0.0
Omicron_BA1,F541S,-3.0309615
Omicron_BA1,F541Y,0.11388316
Omicron_BA1,F541-,0.0
Omicron_BA1,N542D,-0.5232462
Omicron_BA1,N542H,-2.8803601
Omicron_BA1,N542K,-1.5081966
Omicron_BA1,N542Q,-1.9638944
Omicron_BA1,N542S,-0.7752714
Omicron_BA1,F543I,0.21434122
Omicron_BA1,F543L,-1.2429193
Omicron_BA1,F543S,-3.0547209
Omicron_BA1,F543T,-1.6666034
Omicron_BA1,F543V,-0.32656255
Omicron_BA1,F543W,-2.8532135
Omicron_BA1,F543Y,-1.4372481
Omicron_BA1,F543-,0.3499868
Omicron_BA1,N544D,-3.0574994
Omicron_BA1,N544G,-0.081119604
Omicron_BA1,N544I,0.0
Omicron_BA1,N544K,-0.9644137
Omicron_BA1,N544M,-0.012081546
Omicron_BA1,N544S,0.17008059
Omicron_BA1,N544Y,-0.261925
Omicron_BA1,N544-,-0.7345621
Omicron_BA1,G545A,-1.1419823
Omicron_BA1,G545E,-3.5197964
Omicron_BA1,G545R,-2.9586036
Omicron_BA1,G545V,-2.8464608
Omicron_BA1,G545*,-2.8226726
Omicron_BA1,L546F,0.19145115
Omicron_BA1,L546I,1.2042577
Omicron_BA1,L546M,-0.08605671
Omicron_BA1,L546P,-3.0423017
Omicron_BA1,L546Q,-0.037525028
Omicron_BA1,L546V,-0.17671584
Omicron_BA1,K547A,-0.31879926
Omicron_BA1,K547C,-0.63368416
Omicron_BA1,K547D,-2.6520746
Omicron_BA1,K547E,-1.6477933
Omicron_BA1,K547F,-1.2654542
Omicron_BA1,K547G,-1.0580238
Omicron_BA1,K547H,-0.41774482
Omicron_BA1,K547I,-0.18535595
Omicron_BA1,K547L,-0.89789206
Omicron_BA1,K547M,-0.37392297
Omicron_BA1,K547N,-2.4443798
Omicron_BA1,K547P,-3.5801697
Omicron_BA1,K547Q,-0.1611565
Omicron_BA1,K547R,0.06541076
Omicron_BA1,K547S,-0.20893157
Omicron_BA1,K547T,-0.036508657
Omicron_BA1,K547V,-0.03424953
Omicron_BA1,K547W,-3.115682
Omicron_BA1,K547Y,-1.2188238
Omicron_BA1,K547*,-3.4639664
Omicron_BA1,G548A,-2.114067
Omicron_BA1,G548C,-2.618346
Omicron_BA1,G548D,-5.335204
Omicron_BA1,G548P,-1.741905
Omicron_BA1,G548S,-4.601959
Omicron_BA1,G548T,0.0
Omicron_BA1,G548V,-2.928298
Omicron_BA1,T549A,-0.3251033
Omicron_BA1,T549I,-0.020157319
Omicron_BA1,T549K,-0.28837797
Omicron_BA1,T549P,-2.641665
Omicron_BA1,T549Q,-0.5884478
Omicron_BA1,T549R,0.0
Omicron_BA1,T549S,-0.21454875
Omicron_BA1,G550A,-1.1199737
Omicron_BA1,G550C,0.0
Omicron_BA1,G550E,-2.5625563
Omicron_BA1,G550K,-0.2514909
Omicron_BA1,G550R,-2.492166
Omicron_BA1,G550V,-2.2833292
Omicron_BA1,G550W,1.1015542
Omicron_BA1,G550*,-4.062316
Omicron_BA1,V551A,-2.6764815
Omicron_BA1,V551E,-1.3009634
Omicron_BA1,V551F,-1.0098307
Omicron_BA1,V551G,-2.3581688
Omicron_BA1,V551I,-0.04438109
Omicron_BA1,V551K,-2.5776417
Omicron_BA1,V551L,-0.83352983
Omicron_BA1,V551M,-0.62996745
Omicron_BA1,V551W,-1.899371
Omicron_BA1,L552F,-2.0402853
Omicron_BA1,L552I,-0.045931455
Omicron_BA1,L552M,-1.4289678
Omicron_BA1,L552P,-3.1150403
Omicron_BA1,L552Q,-1.0737628
Omicron_BA1,L552R,-1.2619319
Omicron_BA1,L552V,-0.4359111
Omicron_BA1,L552W,-3.2809625
Omicron_BA1,T553A,-0.93452096
Omicron_BA1,T553G,-1.257971
Omicron_BA1,T553I,-1.2387835
Omicron_BA1,T553K,-0.49178717
Omicron_BA1,T553L,-0.6621261
Omicron_BA1,T553N,-2.1509156
Omicron_BA1,T553R,0.0
Omicron_BA1,T553S,-0.16853614
Omicron_BA1,T553V,-2.0160017
Omicron_BA1,E554A,0.108471066
Omicron_BA1,E554D,0.0065406803
Omicron_BA1,E554G,-0.34087232
Omicron_BA1,E554K,0.29331726
Omicron_BA1,E554L,-0.9393568
Omicron_BA1,E554P,-0.9109084
Omicron_BA1,E554Q,0.01319135
Omicron_BA1,E554R,-0.095974006
Omicron_BA1,E554S,-0.056297116
Omicron_BA1,E554V,-0.28486586
Omicron_BA1,E554W,-2.227299
Omicron_BA1,E554*,-2.4836965
Omicron_BA1,S555C,0.0
Omicron_BA1,S555F,-2.5258577
Omicron_BA1,S555G,-3.9050577
Omicron_BA1,S555I,0.0
Omicron_BA1,S555L,-1.3254673
Omicron_BA1,S555N,-5.2719593
Omicron_BA1,S555P,-3.5608582
Omicron_BA1,S555R,-2.6785786
Omicron_BA1,S555T,-2.814582
Omicron_BA1,N556D,-0.6703552
Omicron_BA1,N556I,-0.13403547
Omicron_BA1,N556K,0.14176255
Omicron_BA1,N556P,-0.3027466
Omicron_BA1,N556S,-0.011597243
Omicron_BA1,N556T,-0.20124187
Omicron_BA1,N556V,-0.19389728
Omicron_BA1,N556Y,-0.29859775
Omicron_BA1,K557E,-2.0040598
Omicron_BA1,K557L,-3.4008095
Omicron_BA1,K557N,-0.89573455
Omicron_BA1,K557P,-2.6192195
Omicron_BA1,K557Q,-3.5413604
Omicron_BA1,K557R,-0.3554083
Omicron_BA1,K557T,-1.9083894
Omicron_BA1,K558E,-0.5151086
Omicron_BA1,K558M,-0.35951653
Omicron_BA1,K558N,-0.2799495
Omicron_BA1,K558P,0.02951051
Omicron_BA1,K558Q,0.11113661
Omicron_BA1,K558R,-0.012723315
Omicron_BA1,K558S,-0.37748393
Omicron_BA1,K558T,-0.9981461
Omicron_BA1,K558W,-1.269062
Omicron_BA1,F559G,-1.5805559
Omicron_BA1,F559I,-3.8268604
Omicron_BA1,F559L,-2.463882
Omicron_BA1,F559S,-2.4554343
Omicron_BA1,F559T,-2.2996771
Omicron_BA1,F559V,-1.9266833
Omicron_BA1,F559W,-2.5313373
Omicron_BA1,L560C,-0.6974363
Omicron_BA1,L560G,0.24151394
Omicron_BA1,L560M,-0.010368657
Omicron_BA1,L560P,-4.4076777
Omicron_BA1,L560Q,-0.114698075
Omicron_BA1,L560R,0.51851577
Omicron_BA1,L560S,-1.1945164
Omicron_BA1,L560V,0.0
Omicron_BA1,L560W,-0.98075473
Omicron_BA1,P561A,-0.47191477
Omicron_BA1,P561G,-0.36145985
Omicron_BA1,P561H,-0.3779805
Omicron_BA1,P561L,-1.6204239
Omicron_BA1,P561Q,-0.2940286
Omicron_BA1,P561S,-0.21303001
Omicron_BA1,P561T,-0.44530803
Omicron_BA1,F562L,-1.5409167
Omicron_BA1,F562S,-0.8703
Omicron_BA1,F562V,-1.9103931
Omicron_BA1,F562W,0.905567
Omicron_BA1,F562Y,0.28263456
Omicron_BA1,Q563K,-3.182557
Omicron_BA1,Q563L,0.0
Omicron_BA1,Q563R,-2.5666282
Omicron_BA1,Q563*,-2.7365916
Omicron_BA1,Q563-,0.0
Omicron_BA1,Q564E,-1.2291569
Omicron_BA1,Q564H,0.031796537
Omicron_BA1,Q564K,-1.773249
Omicron_BA1,Q564L,-0.51918495
Omicron_BA1,Q564R,-2.2986991
Omicron_BA1,Q564T,0.0
Omicron_BA1,Q564*,-2.237272
Omicron_BA1,F565C,-1.2140846
Omicron_BA1,F565I,0.15525514
Omicron_BA1,F565L,-0.41276923
Omicron_BA1,F565S,-1.2813966
Omicron_BA1,F565V,-0.0067217504
Omicron_BA1,F565Y,0.11763223
Omicron_BA1,G566A,-1.8405131
Omicron_BA1,G566C,-2.9884782
Omicron_BA1,G566D,-3.034882
Omicron_BA1,G566S,-0.5633644
Omicron_BA1,G566V,-2.5162556
Omicron_BA1,G566-,-1.6300867
Omicron_BA1,R567G,-5.6424217
Omicron_BA1,R567I,-0.10863036
Omicron_BA1,R567K,0.16481689
Omicron_BA1,R567M,-0.3675805
Omicron_BA1,R567N,-1.8112049
Omicron_BA1,R567S,-1.1298021
Omicron_BA1,R567T,-0.53922033
Omicron_BA1,R567W,-1.8089757
Omicron_BA1,D568E,-1.9495914
Omicron_BA1,D568G,-0.94630855
Omicron_BA1,D568H,0.0
Omicron_BA1,D568K,0.0
Omicron_BA1,D568N,-1.5930687
Omicron_BA1,D568V,0.0
Omicron_BA1,D568Y,-2.3616104
Omicron_BA1,I569F,-0.47187614
Omicron_BA1,I569L,-0.035283297
Omicron_BA1,I569M,-0.21886328
Omicron_BA1,I569N,-0.4343826
Omicron_BA1,I569S,-0.3186893
Omicron_BA1,I569T,-0.3874464
Omicron_BA1,I569V,0.004525802
Omicron_BA1,A570C,-4.5562716
Omicron_BA1,A570D,-2.2581873
Omicron_BA1,A570E,-2.2041883
Omicron_BA1,A570F,-1.5019999
Omicron_BA1,A570G,-1.2026068
Omicron_BA1,A570H,-1.7728294
Omicron_BA1,A570I,-1.1130904
Omicron_BA1,A570K,-1.1584835
Omicron_BA1,A570L,-1.8529545
Omicron_BA1,A570M,-1.0495503
Omicron_BA1,A570N,-3.0157216
Omicron_BA1,A570P,-3.1669784
Omicron_BA1,A570Q,-1.8571504
Omicron_BA1,A570R,-2.288629
Omicron_BA1,A570S,-0.086930215
Omicron_BA1,A570T,0.058809794
Omicron_BA1,A570V,-1.2061712
Omicron_BA1,A570W,-2.219038
Omicron_BA1,A570Y,-1.2182693
Omicron_BA1,A570*,-4.027386
Omicron_BA1,D571A,0.0
Omicron_BA1,D571E,-0.12781966
Omicron_BA1,D571G,0.08264201
Omicron_BA1,D571H,0.0
Omicron_BA1,D571N,-3.213169
Omicron_BA1,D571V,0.0
Omicron_BA1,D571Y,-1.2787209
Omicron_BA1,D571-,0.0
Omicron_BA1,T572A,0.04384506
Omicron_BA1,T572C,-1.1170243
Omicron_BA1,T572D,-1.189109
Omicron_BA1,T572E,-0.69313085
Omicron_BA1,T572F,0.12036207
Omicron_BA1,T572G,-0.30782166
Omicron_BA1,T572H,0.31074733
Omicron_BA1,T572I,-1.4354159
Omicron_BA1,T572K,0.4242143
Omicron_BA1,T572L,-1.0057715
Omicron_BA1,T572M,-0.2863412
Omicron_BA1,T572N,-0.7838299
Omicron_BA1,T572P,-5.207558
Omicron_BA1,T572Q,0.327141
Omicron_BA1,T572R,-0.34256965
Omicron_BA1,T572S,0.048180897
Omicron_BA1,T572V,-0.3233099
Omicron_BA1,T572W,-0.29022688
Omicron_BA1,T572Y,0.1637955
Omicron_BA1,T572*,-4.555845
Omicron_BA1,T572-,0.0
Omicron_BA1,T573A,-0.6337107
Omicron_BA1,T573I,0.2993699
Omicron_BA1,T573K,-0.087152936
Omicron_BA1,T573L,0.34975338
Omicron_BA1,T573N,-1.6328253
Omicron_BA1,T573P,-0.3334994
Omicron_BA1,T573R,-3.0317264
Omicron_BA1,T573S,-0.15781605
Omicron_BA1,T573V,0.42757666
Omicron_BA1,T573-,0.0
Omicron_BA1,D574E,-2.1723046
Omicron_BA1,D574G,0.0
Omicron_BA1,D574H,-1.5288391
Omicron_BA1,D574N,0.32564354
Omicron_BA1,D574V,0.1671985
Omicron_BA1,D574Y,-1.6020799
Omicron_BA1,D574-,0.0
Omicron_BA1,A575D,-3.4878695
Omicron_BA1,A575G,-1.521687
Omicron_BA1,A575S,0.15345156
Omicron_BA1,A575T,-1.8897
Omicron_BA1,A575V,-2.2338967
Omicron_BA1,V576A,-0.8908058
Omicron_BA1,V576F,-2.8019674
Omicron_BA1,V576I,0.005296377
Omicron_BA1,V576L,-0.55316925
Omicron_BA1,V576M,-2.1396587
Omicron_BA1,R577C,-3.4841332
Omicron_BA1,R577G,-3.610788
Omicron_BA1,R577K,-0.09956677
Omicron_BA1,R577L,-3.0934372
Omicron_BA1,R577M,-1.8291734
Omicron_BA1,R577S,-2.2869048
Omicron_BA1,R577W,-1.6699198
Omicron_BA1,D578E,-2.4127436
Omicron_BA1,D578G,-3.1528625
Omicron_BA1,D578H,-0.80097985
Omicron_BA1,D578N,-4.1601067
Omicron_BA1,D578Y,-2.0182753
Omicron_BA1,P579A,0.0
Omicron_BA1,P579L,-1.1772778
Omicron_BA1,P579Q,-2.555665
Omicron_BA1,P579S,-2.1867757
Omicron_BA1,P579T,-2.811189
Omicron_BA1,Q580E,-0.7426651
Omicron_BA1,Q580H,-0.6813208
Omicron_BA1,Q580I,0.0
Omicron_BA1,Q580K,0.0012683988
Omicron_BA1,Q580L,-0.061380416
Omicron_BA1,Q580M,0.31998628
Omicron_BA1,Q580P,-2.4385395
Omicron_BA1,Q580R,-0.076609395
Omicron_BA1,Q580*,-2.5223937
Omicron_BA1,T581I,-2.7102804
Omicron_BA1,T581K,-2.3641543
Omicron_BA1,T581N,-1.7548025
Omicron_BA1,T581S,-0.45712173
Omicron_BA1,L582F,0.062974356
Omicron_BA1,L582H,-0.43578607
Omicron_BA1,L582M,0.055316348
Omicron_BA1,L582N,1.7282602
Omicron_BA1,L582R,-0.04243637
Omicron_BA1,L582S,0.25376478
Omicron_BA1,L582V,-1.0760605
Omicron_BA1,L582W,0.0
Omicron_BA1,E583A,-0.4166195
Omicron_BA1,E583D,-0.73282975
Omicron_BA1,E583G,-1.8225869
Omicron_BA1,E583K,-1.1742665
Omicron_BA1,E583L,-1.0078386
Omicron_BA1,E583Q,-0.52072364
Omicron_BA1,E583V,-1.150828
Omicron_BA1,E583*,-2.4971483
Omicron_BA1,E583-,0.34931582
Omicron_BA1,I584F,-1.6348732
Omicron_BA1,I584L,-0.36349022
Omicron_BA1,I584M,-3.5252771
Omicron_BA1,I584N,-0.6568965
Omicron_BA1,I584P,-2.227789
Omicron_BA1,I584T,-1.9221324
Omicron_BA1,I584V,0.11384016
Omicron_BA1,I584-,-1.6006602
Omicron_BA1,L585F,-0.88801134
Omicron_BA1,L585I,0.1170141
Omicron_BA1,L585K,-2.4603126
Omicron_BA1,L585M,-0.68266225
Omicron_BA1,L585P,-3.3009326
Omicron_BA1,L585V,-0.13684201
Omicron_BA1,D586A,-0.29726732
Omicron_BA1,D586E,-1.4572192
Omicron_BA1,D586G,-0.91876584
Omicron_BA1,D586H,-0.2752393
Omicron_BA1,D586N,-0.13117936
Omicron_BA1,D586S,-0.39393967
Omicron_BA1,D586T,-1.4519503
Omicron_BA1,D586W,-2.1473024
Omicron_BA1,D586Y,-3.1857445
Omicron_BA1,I587G,-3.6819248
Omicron_BA1,I587L,-0.98197365
Omicron_BA1,I587N,-2.1440105
Omicron_BA1,I587T,-3.5045857
Omicron_BA1,I587V,-1.2875204
Omicron_BA1,T588A,-0.41211104
Omicron_BA1,T588I,-1.0746228
Omicron_BA1,T588K,-0.47884214
Omicron_BA1,T588R,-0.032797094
Omicron_BA1,T588S,-0.3313592
Omicron_BA1,T588V,-0.13927779
Omicron_BA1,P589A,-0.5756117
Omicron_BA1,P589H,-2.2048376
Omicron_BA1,P589L,-2.2962751
Omicron_BA1,P589Q,-1.0086336
Omicron_BA1,P589R,0.0
Omicron_BA1,P589S,-1.8409135
Omicron_BA1,P589T,-1.7565483
Omicron_BA1,C590F,-1.2144054
Omicron_BA1,C590L,-0.4869501
Omicron_BA1,C590R,-4.0579476
Omicron_BA1,C590V,0.0
Omicron_BA1,C590W,0.0
Omicron_BA1,C590Y,-2.7457063
Omicron_BA1,C590*,0.0
Omicron_BA1,S591A,-0.20881373
Omicron_BA1,S591F,-1.6260271
Omicron_BA1,S591H,-0.059519116
Omicron_BA1,S591P,-0.5902254
Omicron_BA1,S591T,-0.21170819
Omicron_BA1,S591Y,-0.14527063
Omicron_BA1,F592I,-0.5545791
Omicron_BA1,F592L,-1.1621919
Omicron_BA1,F592P,-3.8061008
Omicron_BA1,F592S,0.0072415336
Omicron_BA1,F592V,-0.044466972
Omicron_BA1,F592Y,-0.047633573
Omicron_BA1,G593C,-1.1047214
Omicron_BA1,G593E,-4.0263524
Omicron_BA1,G593R,-5.15492
Omicron_BA1,G593S,-1.0302907
Omicron_BA1,G593V,-0.7296677
Omicron_BA1,G593*,-2.649565
Omicron_BA1,G594C,-0.6034655
Omicron_BA1,G594D,-1.2024744
Omicron_BA1,G594E,-0.39840603
Omicron_BA1,G594F,-0.5398864
Omicron_BA1,G594R,-0.5769397
Omicron_BA1,G594S,0.07679013
Omicron_BA1,G594V,-0.90784585
Omicron_BA1,G594W,-0.33012
Omicron_BA1,G594*,-2.571767
Omicron_BA1,V595A,-2.506397
Omicron_BA1,V595G,-3.2371588
Omicron_BA1,V595I,0.018483669
Omicron_BA1,V595L,-0.6775092
Omicron_BA1,V595M,-1.1359416
Omicron_BA1,S596A,-0.010444601
Omicron_BA1,S596C,-0.12715451
Omicron_BA1,S596F,-0.31003392
Omicron_BA1,S596I,-2.6515362
Omicron_BA1,S596N,-0.35514313
Omicron_BA1,S596P,-2.3014219
Omicron_BA1,S596R,-0.70606214
Omicron_BA1,S596T,-1.9150928
Omicron_BA1,S596Y,-0.7467566
Omicron_BA1,V597G,0.0
Omicron_BA1,V597I,-0.94289774
Omicron_BA1,V597L,-3.5363815
Omicron_BA1,V597M,-1.6130847
Omicron_BA1,V597-,-0.39303032
Omicron_BA1,I598L,-1.3125273
Omicron_BA1,I598N,-1.936717
Omicron_BA1,I598T,-1.5333012
Omicron_BA1,I598V,-0.6214741
Omicron_BA1,I598-,1.4732691
Omicron_BA1,T599A,-4.0576386
Omicron_BA1,T599H,-3.577927
Omicron_BA1,T599I,-2.3040788
Omicron_BA1,T599K,-2.6276748
Omicron_BA1,T599R,0.0
Omicron_BA1,T599-,0.6109582
Omicron_BA1,P600A,-0.21818866
Omicron_BA1,P600H,-3.86985
Omicron_BA1,P600L,-1.8837101
Omicron_BA1,P600R,-1.4283274
Omicron_BA1,P600S,-3.6845567
Omicron_BA1,P600T,-2.4682539
Omicron_BA1,P600-,0.9955267
Omicron_BA1,G601C,0.13933802
Omicron_BA1,G601D,-4.5684733
Omicron_BA1,G601H,-2.5727108
Omicron_BA1,G601S,-3.4367838
Omicron_BA1,G601V,-2.293844
Omicron_BA1,T602A,-2.6650367
Omicron_BA1,T602H,0.0
Omicron_BA1,T602I,-1.5789803
Omicron_BA1,T602L,-2.8531203
Omicron_BA1,T602N,-2.960999
Omicron_BA1,T602S,0.11472452
Omicron_BA1,T602-,0.0
Omicron_BA1,N603D,0.25396582
Omicron_BA1,N603H,-0.08072432
Omicron_BA1,N603I,-0.5477348
Omicron_BA1,N603K,0.09508243
Omicron_BA1,N603R,-0.5000937
Omicron_BA1,N603S,-0.11957863
Omicron_BA1,N603T,-0.2782773
Omicron_BA1,N603Y,-0.31031984
Omicron_BA1,N603-,-1.7580414
Omicron_BA1,T604A,-0.17448342
Omicron_BA1,T604I,0.07021981
Omicron_BA1,T604L,-0.3808272
Omicron_BA1,T604N,-0.42613024
Omicron_BA1,T604S,-0.29681063
Omicron_BA1,T604V,-0.15654832
Omicron_BA1,T604Y,-1.0002284
Omicron_BA1,T604-,0.035703108
Omicron_BA1,S605A,-1.9379122
Omicron_BA1,S605C,-0.41265595
Omicron_BA1,S605F,-2.5693786
Omicron_BA1,S605G,-1.1911559
Omicron_BA1,S605I,-2.463286
Omicron_BA1,S605L,-2.8939154
Omicron_BA1,S605N,-4.210886
Omicron_BA1,S605R,-2.849402
Omicron_BA1,S605T,-0.21125135
Omicron_BA1,S605-,-0.35288092
Omicron_BA1,N606D,-0.013334093
Omicron_BA1,N606G,-0.49463424
Omicron_BA1,N606H,0.0
Omicron_BA1,N606K,-0.5911625
Omicron_BA1,N606L,-0.82091576
Omicron_BA1,N606S,-0.07865747
Omicron_BA1,N606T,0.094549686
Omicron_BA1,N606Y,-0.9240967
Omicron_BA1,Q607E,0.09707554
Omicron_BA1,Q607H,-0.29776925
Omicron_BA1,Q607K,-0.037854712
Omicron_BA1,Q607L,-0.05351369
Omicron_BA1,Q607R,-0.2840776
Omicron_BA1,Q607V,-0.41594818
Omicron_BA1,Q607*,-2.0365324
Omicron_BA1,V608A,-2.199985
Omicron_BA1,V608D,-2.9009707
Omicron_BA1,V608E,0.0
Omicron_BA1,V608F,-0.033599526
Omicron_BA1,V608I,-0.20517363
Omicron_BA1,V608L,-2.3079123
Omicron_BA1,V608M,-3.1498008
Omicron_BA1,A609D,-2.338272
Omicron_BA1,A609L,-1.037567
Omicron_BA1,A609S,-3.265524
Omicron_BA1,A609T,-3.3571188
Omicron_BA1,A609V,-4.430852
Omicron_BA1,V610A,-2.8002276
Omicron_BA1,V610E,-1.5381285
Omicron_BA1,V610F,-2.0802424
Omicron_BA1,V610G,0.0
Omicron_BA1,V610I,-0.7793168
Omicron_BA1,V610L,-0.59011686
Omicron_BA1,V610M,-2.6834717
Omicron_BA1,L611F,-0.88973176
Omicron_BA1,L611I,-1.5218389
Omicron_BA1,L611P,-2.5809147
Omicron_BA1,L611R,-2.4204276
Omicron_BA1,L611V,-2.1491523
Omicron_BA1,Y612C,-3.2210171
Omicron_BA1,Y612F,-0.24589385
Omicron_BA1,Y612H,-1.9250083
Omicron_BA1,Y612N,-1.9396908
Omicron_BA1,Y612Q,0.0
Omicron_BA1,Y612*,-2.3481355
Omicron_BA1,Y612-,0.0
Omicron_BA1,Q613E,-0.11355887
Omicron_BA1,Q613H,0.18351364
Omicron_BA1,Q613K,-1.0168203
Omicron_BA1,Q613L,-0.93645465
Omicron_BA1,Q613P,-1.6388084
Omicron_BA1,Q613R,0.015226994
Omicron_BA1,Q613*,-2.6050203
Omicron_BA1,Q613-,0.0
Omicron_BA1,G614A,-0.46756238
Omicron_BA1,G614C,-2.1123147
Omicron_BA1,G614D,-0.31149355
Omicron_BA1,G614E,-1.2984613
Omicron_BA1,G614F,-2.5326204
Omicron_BA1,G614H,-0.62255657
Omicron_BA1,G614I,-4.5882287
Omicron_BA1,G614K,-1.1525537
Omicron_BA1,G614L,-0.98861015
Omicron_BA1,G614M,-0.45830292
Omicron_BA1,G614N,0.07024948
Omicron_BA1,G614P,-1.8928937
Omicron_BA1,G614Q,-0.6403912
Omicron_BA1,G614R,-1.5275834
Omicron_BA1,G614S,-0.5485206
Omicron_BA1,G614T,-1.4545324
Omicron_BA1,G614V,-2.5835154
Omicron_BA1,G614W,-2.6150076
Omicron_BA1,G614Y,0.0
Omicron_BA1,G614*,-2.9915628
Omicron_BA1,G614-,0.0
Omicron_BA1,V615A,-0.37953573
Omicron_BA1,V615E,-2.9172928
Omicron_BA1,V615F,-1.0971979
Omicron_BA1,V615G,0.0
Omicron_BA1,V615I,-0.055850405
Omicron_BA1,V615L,-0.27421865
Omicron_BA1,V615M,0.016870316
Omicron_BA1,V615-,0.0
Omicron_BA1,N616D,-0.0881299
Omicron_BA1,N616I,-0.6780846
Omicron_BA1,N616K,0.0059381654
Omicron_BA1,N616L,0.17598389
Omicron_BA1,N616R,0.0
Omicron_BA1,N616S,0.094983466
Omicron_BA1,N616T,-0.20161109
Omicron_BA1,N616-,0.0
Omicron_BA1,C617F,-2.0764704
Omicron_BA1,C617L,-3.6293015
Omicron_BA1,C617R,-2.9443092
Omicron_BA1,C617S,-3.0970254
Omicron_BA1,C617Y,-4.9250355
Omicron_BA1,C617*,-2.1709468
Omicron_BA1,T618A,0.14452095
Omicron_BA1,T618I,-0.31526902
Omicron_BA1,T618K,0.04240978
Omicron_BA1,T618N,-0.0043787747
Omicron_BA1,T618P,0.0
Omicron_BA1,T618R,-0.13588074
Omicron_BA1,T618S,-0.15866211
Omicron_BA1,E619A,-0.42106447
Omicron_BA1,E619D,-0.30411655
Omicron_BA1,E619G,-1.098982
Omicron_BA1,E619K,-0.58636254
Omicron_BA1,E619Q,-0.10678787
Omicron_BA1,E619R,-0.21593603
Omicron_BA1,E619V,-0.9860638
Omicron_BA1,E619*,-2.3569229
Omicron_BA1,E619-,-1.7495693
Omicron_BA1,V620A,-1.8778142
Omicron_BA1,V620F,-4.2173824
Omicron_BA1,V620I,-1.5561124
Omicron_BA1,V620L,-1.2922167
Omicron_BA1,V620M,-1.0738539
Omicron_BA1,V620-,-1.3570733
Omicron_BA1,P621A,-0.01016146
Omicron_BA1,P621G,0.24070293
Omicron_BA1,P621H,-0.226878
Omicron_BA1,P621L,-1.8836747
Omicron_BA1,P621Q,0.0
Omicron_BA1,P621R,-0.22578852
Omicron_BA1,P621S,0.0131138
Omicron_BA1,P621T,-0.3523088
Omicron_BA1,P621-,-0.23582858
Omicron_BA1,V622A,-0.11761678
Omicron_BA1,V622C,-0.5399755
Omicron_BA1,V622D,0.016406184
Omicron_BA1,V622E,0.03791297
Omicron_BA1,V622F,0.10436384
Omicron_BA1,V622G,0.3621548
Omicron_BA1,V622H,0.04175146
Omicron_BA1,V622I,0.054257385
Omicron_BA1,V622K,-0.21715492
Omicron_BA1,V622L,0.10196415
Omicron_BA1,V622M,0.114190936
Omicron_BA1,V622N,-0.09076764
Omicron_BA1,V622P,-0.3031153
Omicron_BA1,V622Q,-0.11988639
Omicron_BA1,V622R,-0.15744889
Omicron_BA1,V622S,0.11430669
Omicron_BA1,V622T,-0.028302608
Omicron_BA1,V622W,-0.042372856
Omicron_BA1,V622Y,-0.16939503
Omicron_BA1,V622*,-4.337532
Omicron_BA1,V622-,0.05986954
Omicron_BA1,A623D,-1.0683122
Omicron_BA1,A623I,-0.224572
Omicron_BA1,A623L,0.019815195
Omicron_BA1,A623S,-0.08019838
Omicron_BA1,A623T,-0.14814001
Omicron_BA1,A623V,-0.13837884
Omicron_BA1,A623-,-0.28888366
Omicron_BA1,I624K,0.0
Omicron_BA1,I624L,0.055614464
Omicron_BA1,I624M,0.10846185
Omicron_BA1,I624N,-1.342356
Omicron_BA1,I624T,-1.2648109
Omicron_BA1,I624V,-0.16404629
Omicron_BA1,H625L,-0.28746435
Omicron_BA1,H625N,0.16247496
Omicron_BA1,H625P,0.0
Omicron_BA1,H625Q,-0.032324713
Omicron_BA1,H625R,0.11355209
Omicron_BA1,H625S,0.5674117
Omicron_BA1,H625Y,-0.83514315
Omicron_BA1,H625-,-1.630605
Omicron_BA1,A626D,-0.5360385
Omicron_BA1,A626E,-0.53531057
Omicron_BA1,A626G,0.0
Omicron_BA1,A626L,-1.6091604
Omicron_BA1,A626Q,-0.41766584
Omicron_BA1,A626R,-1.9138279
Omicron_BA1,A626S,-0.043325204
Omicron_BA1,A626T,-0.3791572
Omicron_BA1,A626V,-0.24474828
Omicron_BA1,A626-,-0.6256176
Omicron_BA1,D627A,-0.10516152
Omicron_BA1,D627E,0.0505656
Omicron_BA1,D627G,-0.44707376
Omicron_BA1,D627H,-0.06887297
Omicron_BA1,D627N,-0.026275104
Omicron_BA1,D627P,0.0
Omicron_BA1,D627S,0.24083348
Omicron_BA1,D627T,-1.3283272
Omicron_BA1,D627V,-0.546604
Omicron_BA1,D627Y,-1.2604637
Omicron_BA1,D627-,-0.49519634
Omicron_BA1,Q628D,-0.23139738
Omicron_BA1,Q628E,0.050505146
Omicron_BA1,Q628H,-0.62431073
Omicron_BA1,Q628K,0.23626995
Omicron_BA1,Q628L,-0.6249358
Omicron_BA1,Q628P,-2.108812
Omicron_BA1,Q628R,0.10212473
Omicron_BA1,Q628*,-3.1359525
Omicron_BA1,Q628-,-1.1052188
Omicron_BA1,L629C,-0.36297548
Omicron_BA1,L629F,-2.349686
Omicron_BA1,L629H,-1.3050137
Omicron_BA1,L629I,-0.0679865
Omicron_BA1,L629P,-1.2930815
Omicron_BA1,L629V,-0.07831204
Omicron_BA1,L629Y,-1.0498904
Omicron_BA1,L629-,-0.3779049
Omicron_BA1,T630A,-0.315736
Omicron_BA1,T630C,-2.624993
Omicron_BA1,T630I,-1.5837498
Omicron_BA1,T630K,-1.5334271
Omicron_BA1,T630L,-3.4295323
Omicron_BA1,T630N,-1.1865778
Omicron_BA1,T630S,-0.3534495
Omicron_BA1,T630-,-0.5009785
Omicron_BA1,P631H,-0.2985171
Omicron_BA1,P631L,-1.0105722
Omicron_BA1,P631Q,-0.46600112
Omicron_BA1,P631S,-0.38326257
Omicron_BA1,P631T,-0.37006953
Omicron_BA1,P631V,0.0
Omicron_BA1,P631Y,-0.7504667
Omicron_BA1,P631-,-2.2803824
Omicron_BA1,T632A,0.10527832
Omicron_BA1,T632G,0.028993625
Omicron_BA1,T632I,-0.5765891
Omicron_BA1,T632N,-0.16588564
Omicron_BA1,T632P,-0.14733444
Omicron_BA1,T632S,-0.034824826
Omicron_BA1,T632-,0.0
Omicron_BA1,W633C,-2.8524456
Omicron_BA1,W633R,-3.5262957
Omicron_BA1,W633*,-2.9633784
Omicron_BA1,W633-,-1.2264818
Omicron_BA1,R634G,-1.0387549
Omicron_BA1,R634H,-0.20381534
Omicron_BA1,R634K,0.043684237
Omicron_BA1,R634L,-0.3613169
Omicron_BA1,R634M,-0.13643683
Omicron_BA1,R634Q,0.0
Omicron_BA1,R634S,-0.8352026
Omicron_BA1,R634W,-1.4232149
Omicron_BA1,R634-,-1.9267108
Omicron_BA1,V635A,-0.20014359
Omicron_BA1,V635F,0.10577097
Omicron_BA1,V635G,-0.08771975
Omicron_BA1,V635I,0.030102814
Omicron_BA1,V635L,-0.08469808
Omicron_BA1,V635-,-0.87397677
Omicron_BA1,Y636C,-0.2642894
Omicron_BA1,Y636F,-0.011906368
Omicron_BA1,Y636H,-0.5406272
Omicron_BA1,Y636L,-1.3665369
Omicron_BA1,Y636N,-3.0308726
Omicron_BA1,Y636*,-3.133784
Omicron_BA1,Y636-,-0.64494693
Omicron_BA1,S637A,0.06572857
Omicron_BA1,S637C,-0.22528042
Omicron_BA1,S637F,-0.98224264
Omicron_BA1,S637G,-1.089318
Omicron_BA1,S637I,-0.32106036
Omicron_BA1,S637N,-2.4190352
Omicron_BA1,S637R,-0.60354877
Omicron_BA1,S637T,0.061571863
Omicron_BA1,S637Y,-0.59718037
Omicron_BA1,S637-,-0.41296056
Omicron_BA1,T638A,-0.3678432
Omicron_BA1,T638I,-0.44398937
Omicron_BA1,T638K,0.1408864
Omicron_BA1,T638R,-0.09494149
Omicron_BA1,T638S,0.027821913
Omicron_BA1,T638-,-1.2517858
Omicron_BA1,G639A,-1.0546398
Omicron_BA1,G639C,-2.3641307
Omicron_BA1,G639D,-1.2271891
Omicron_BA1,G639R,-1.6443216
Omicron_BA1,G639S,-0.49873638
Omicron_BA1,G639V,-2.1609657
Omicron_BA1,G639Y,-3.3752737
Omicron_BA1,G639-,0.20100167
Omicron_BA1,S640A,-0.063104846
Omicron_BA1,S640C,-0.7477179
Omicron_BA1,S640D,-0.018100126
Omicron_BA1,S640E,-0.093379505
Omicron_BA1,S640F,-0.4800801
Omicron_BA1,S640G,-0.13149099
Omicron_BA1,S640H,0.0031884387
Omicron_BA1,S640I,-0.16895984
Omicron_BA1,S640K,-0.13465121
Omicron_BA1,S640L,-0.37424248
Omicron_BA1,S640M,-0.095841825
Omicron_BA1,S640N,-0.04459768
Omicron_BA1,S640P,-0.5523996
Omicron_BA1,S640Q,0.022811193
Omicron_BA1,S640R,-0.15145792
Omicron_BA1,S640T,-0.037440896
Omicron_BA1,S640V,0.018603563
Omicron_BA1,S640Y,-0.22366647
Omicron_BA1,S640*,-3.7011065
Omicron_BA1,S640-,0.13049383
Omicron_BA1,N641D,-0.34489167
Omicron_BA1,N641G,-1.7621576
Omicron_BA1,N641H,0.03623459
Omicron_BA1,N641I,-0.054649983
Omicron_BA1,N641K,0.0783126
Omicron_BA1,N641R,-0.004958501
Omicron_BA1,N641S,-0.16155571
Omicron_BA1,N641T,-0.28988254
Omicron_BA1,N641Y,-0.25319302
Omicron_BA1,N641-,-0.32250106
Omicron_BA1,V642A,-0.27651748
Omicron_BA1,V642E,-1.5587894
Omicron_BA1,V642F,-0.51249886
Omicron_BA1,V642G,-0.19044413
Omicron_BA1,V642I,-0.105710484
Omicron_BA1,V642L,-0.32102332
Omicron_BA1,V642M,0.1606932
Omicron_BA1,V642R,-1.0563637
Omicron_BA1,V642S,0.0
Omicron_BA1,V642T,-0.8373829
Omicron_BA1,V642-,-0.48538575
Omicron_BA1,F643H,0.0
Omicron_BA1,F643I,-0.20119448
Omicron_BA1,F643L,0.03358174
Omicron_BA1,F643S,-2.2696476
Omicron_BA1,F643V,0.26729074
Omicron_BA1,F643Y,-0.16913588
Omicron_BA1,F643-,-0.9110541
Omicron_BA1,Q644E,0.0
Omicron_BA1,Q644H,-0.16271207
Omicron_BA1,Q644K,-3.610797
Omicron_BA1,Q644L,-0.71419495
Omicron_BA1,Q644N,0.0
Omicron_BA1,Q644P,0.0
Omicron_BA1,Q644R,-4.2628493
Omicron_BA1,Q644S,-0.20751484
Omicron_BA1,Q644T,-0.10188771
Omicron_BA1,Q644*,-3.347246
Omicron_BA1,T645A,-1.7879128
Omicron_BA1,T645H,-2.7694287
Omicron_BA1,T645I,-1.3081496
Omicron_BA1,T645N,-2.1307354
Omicron_BA1,R646G,0.16667569
Omicron_BA1,R646H,-0.10542186
Omicron_BA1,R646K,0.23401971
Omicron_BA1,R646L,0.07729153
Omicron_BA1,R646M,0.105214566
Omicron_BA1,R646P,0.042592086
Omicron_BA1,R646Q,-0.28529453
Omicron_BA1,R646S,-0.20972487
Omicron_BA1,R646T,-0.07486937
Omicron_BA1,R646W,-1.4251263
Omicron_BA1,A647C,-1.7484138
Omicron_BA1,A647D,-1.7755395
Omicron_BA1,A647E,-0.7475382
Omicron_BA1,A647F,-0.20029667
Omicron_BA1,A647P,-0.945669
Omicron_BA1,A647S,-0.59621865
Omicron_BA1,A647T,-1.0959872
Omicron_BA1,A647V,-0.44473892
Omicron_BA1,G648C,-2.8306463
Omicron_BA1,G648D,-5.6323805
Omicron_BA1,G648P,0.0
Omicron_BA1,G648S,-2.2368262
Omicron_BA1,G648V,-2.5119686
Omicron_BA1,G648-,0.0
Omicron_BA1,C649F,-1.8152536
Omicron_BA1,C649G,-4.6347713
Omicron_BA1,C649H,0.0
Omicron_BA1,C649L,-2.8350403
Omicron_BA1,C649R,-3.2735004
Omicron_BA1,C649S,2.2031438
Omicron_BA1,C649Y,-4.1961355
Omicron_BA1,C649*,-1.8123763
Omicron_BA1,C649-,0.0
Omicron_BA1,L650C,-2.996317
Omicron_BA1,L650F,-3.9597564
Omicron_BA1,L650I,-0.84954673
Omicron_BA1,L650M,-1.5460248
Omicron_BA1,L650N,-2.6464968
Omicron_BA1,L650P,-1.9885253
Omicron_BA1,L650Q,-1.8157233
Omicron_BA1,L650R,0.0
Omicron_BA1,L650S,-2.6648808
Omicron_BA1,L650-,0.0
Omicron_BA1,I651F,-0.56876725
Omicron_BA1,I651M,-2.4120102
Omicron_BA1,I651N,0.0
Omicron_BA1,I651S,0.0
Omicron_BA1,I651T,-1.5274411
Omicron_BA1,I651V,0.04218141
Omicron_BA1,I651Y,-1.9889566
Omicron_BA1,I651-,-2.7242484
Omicron_BA1,G652A,-4.1676636
Omicron_BA1,G652E,-3.0786853
Omicron_BA1,G652F,0.0
Omicron_BA1,G652L,-0.7762578
Omicron_BA1,G652R,-2.3412013
Omicron_BA1,G652S,-3.6094751
Omicron_BA1,G652V,-3.346108
Omicron_BA1,G652*,-3.1000972
Omicron_BA1,A653C,-1.4121099
Omicron_BA1,A653D,-4.494845
Omicron_BA1,A653E,-4.2572203
Omicron_BA1,A653F,-3.6551342
Omicron_BA1,A653G,-3.4003358
Omicron_BA1,A653H,-2.9883955
Omicron_BA1,A653I,-1.937669
Omicron_BA1,A653K,-3.6364996
Omicron_BA1,A653L,-6.209114
Omicron_BA1,A653M,-3.7136438
Omicron_BA1,A653N,-4.2327895
Omicron_BA1,A653P,-5.321561
Omicron_BA1,A653Q,-3.9264805
Omicron_BA1,A653R,-4.662969
Omicron_BA1,A653S,-6.574297
Omicron_BA1,A653T,-2.5226295
Omicron_BA1,A653V,-0.13324432
Omicron_BA1,A653W,-3.2971501
Omicron_BA1,A653Y,-3.173642
Omicron_BA1,A653*,-3.8668377
Omicron_BA1,E654A,-0.25299066
Omicron_BA1,E654D,-1.0844377
Omicron_BA1,E654G,-1.3473642
Omicron_BA1,E654K,-0.01798082
Omicron_BA1,E654Q,0.07310628
Omicron_BA1,E654R,0.068535805
Omicron_BA1,E654T,0.16637999
Omicron_BA1,E654V,-0.051479056
Omicron_BA1,E654*,-2.3055189
Omicron_BA1,E654-,-0.4362673
Omicron_BA1,Y655A,-1.934132
Omicron_BA1,Y655C,-2.4459631
Omicron_BA1,Y655D,-3.6685476
Omicron_BA1,Y655E,-3.0183065
Omicron_BA1,Y655F,-0.18180515
Omicron_BA1,Y655G,-2.7119076
Omicron_BA1,Y655H,-1.1061133
Omicron_BA1,Y655I,-1.4233544
Omicron_BA1,Y655K,-0.8925474
Omicron_BA1,Y655L,-0.77983916
Omicron_BA1,Y655M,-0.5674673
Omicron_BA1,Y655N,-2.0967407
Omicron_BA1,Y655P,-1.7450436
Omicron_BA1,Y655Q,-1.809377
Omicron_BA1,Y655R,-1.4181948
Omicron_BA1,Y655S,-2.5607836
Omicron_BA1,Y655T,-2.1518545
Omicron_BA1,Y655V,-0.9978629
Omicron_BA1,Y655W,-0.18130043
Omicron_BA1,Y655*,-3.9276419
Omicron_BA1,Y655-,-0.6448843
Omicron_BA1,V656A,-1.2549801
Omicron_BA1,V656E,-1.0552968
Omicron_BA1,V656I,-0.4073603
Omicron_BA1,V656L,-0.95620847
Omicron_BA1,V656M,-1.1211741
Omicron_BA1,V656Q,-2.0423872
Omicron_BA1,V656T,-0.18900928
Omicron_BA1,N657D,0.025852995
Omicron_BA1,N657H,-0.18273023
Omicron_BA1,N657I,-0.86832684
Omicron_BA1,N657K,-0.30239472
Omicron_BA1,N657S,-0.26789668
Omicron_BA1,N657T,-0.23352198
Omicron_BA1,N657Y,-0.45369202
Omicron_BA1,N657-,-1.6954942
Omicron_BA1,N658D,0.16311948
Omicron_BA1,N658G,1.2055869
Omicron_BA1,N658H,-0.0063078413
Omicron_BA1,N658I,-0.028046127
Omicron_BA1,N658K,-0.010391632
Omicron_BA1,N658S,0.08939864
Omicron_BA1,N658T,0.061257295
Omicron_BA1,N658V,0.27258924
Omicron_BA1,N658Y,-0.06235722
Omicron_BA1,S659A,-0.16938847
Omicron_BA1,S659F,-0.99625003
Omicron_BA1,S659L,-0.5160478
Omicron_BA1,S659P,-0.83979684
Omicron_BA1,S659T,0.044352856
Omicron_BA1,S659Y,-0.5223836
Omicron_BA1,S659-,-0.7967376
Omicron_BA1,Y660C,-2.264954
Omicron_BA1,Y660D,-1.7796904
Omicron_BA1,Y660F,-0.05498244
Omicron_BA1,Y660H,-0.6438368
Omicron_BA1,Y660K,-0.41848606
Omicron_BA1,Y660L,0.054440144
Omicron_BA1,Y660N,-1.7456051
Omicron_BA1,Y660*,-1.4440631
Omicron_BA1,Y660-,-2.2254207
Omicron_BA1,E661A,-0.10070075
Omicron_BA1,E661D,-0.19525142
Omicron_BA1,E661G,-0.7999348
Omicron_BA1,E661K,-0.21050797
Omicron_BA1,E661Q,-0.1012438
Omicron_BA1,E661V,-0.25501278
Omicron_BA1,E661*,-3.764451
Omicron_BA1,E661-,-0.9343724
Omicron_BA1,C662F,-2.2279892
Omicron_BA1,C662G,-2.381458
Omicron_BA1,C662R,-2.237506
Omicron_BA1,C662S,1.712495
Omicron_BA1,C662W,0.0
Omicron_BA1,C662Y,-3.6674244
Omicron_BA1,C662*,-0.6357619
Omicron_BA1,C662-,-2.7952752
Omicron_BA1,D663A,0.0
Omicron_BA1,D663E,-2.7940004
Omicron_BA1,D663G,-4.800295
Omicron_BA1,D663H,0.0
Omicron_BA1,D663N,-3.6844814
Omicron_BA1,D663R,-2.4612474
Omicron_BA1,D663Y,-2.6348197
Omicron_BA1,D663-,-1.4198377
Omicron_BA1,I664F,-3.167688
Omicron_BA1,I664K,-2.7453418
Omicron_BA1,I664L,-3.418027
Omicron_BA1,I664N,0.0
Omicron_BA1,I664T,-3.2265103
Omicron_BA1,I664V,-1.3997678
Omicron_BA1,I664-,-3.0725472
Omicron_BA1,P665H,-1.577256
Omicron_BA1,P665Q,-4.3038707
Omicron_BA1,P665S,-4.008485
Omicron_BA1,P665T,-3.7654302
Omicron_BA1,P665-,-1.7208984
Omicron_BA1,I666C,-1.3263222
Omicron_BA1,I666L,-1.0498444
Omicron_BA1,I666N,-4.5608454
Omicron_BA1,I666S,-3.0710108
Omicron_BA1,I666T,0.0
Omicron_BA1,I666V,-0.25374377
Omicron_BA1,I666-,1.1807239
Omicron_BA1,G667A,-1.0123981
Omicron_BA1,G667C,-0.08413228
Omicron_BA1,G667E,-3.0647845
Omicron_BA1,G667F,-2.8713224
Omicron_BA1,G667R,-3.667837
Omicron_BA1,G667S,-1.1332545
Omicron_BA1,G667V,-3.292866
Omicron_BA1,G667*,-1.6370146
Omicron_BA1,G667-,-2.2937682
Omicron_BA1,A668E,-0.72045135
Omicron_BA1,A668G,-0.10800668
Omicron_BA1,A668R,0.0
Omicron_BA1,A668S,-0.25613508
Omicron_BA1,A668T,-1.6358851
Omicron_BA1,A668V,-0.7843017
Omicron_BA1,A668-,-1.2597111
Omicron_BA1,G669A,-1.9980212
Omicron_BA1,G669C,-3.2783427
Omicron_BA1,G669D,-4.097181
Omicron_BA1,G669N,-3.2966783
Omicron_BA1,G669R,-2.5068421
Omicron_BA1,G669S,-4.1629543
Omicron_BA1,G669V,-2.1614132
Omicron_BA1,G669-,-1.9060078
Omicron_BA1,I670L,0.18063508
Omicron_BA1,I670M,-0.5967929
Omicron_BA1,I670N,-0.93908197
Omicron_BA1,I670R,0.0
Omicron_BA1,I670T,-1.5947235
Omicron_BA1,I670V,-0.1493138
Omicron_BA1,C671F,0.80777496
Omicron_BA1,C671G,-1.2238635
Omicron_BA1,C671R,-6.4985805
Omicron_BA1,C671S,-3.0204823
Omicron_BA1,C671Y,-3.7796288
Omicron_BA1,C671*,-1.2157786
Omicron_BA1,A672D,-3.2453794
Omicron_BA1,A672R,-2.221605
Omicron_BA1,A672S,-1.7008494
Omicron_BA1,A672T,-1.1877874
Omicron_BA1,A672V,-0.06344154
Omicron_BA1,A672-,-0.3130881
Omicron_BA1,S673A,-1.7397199
Omicron_BA1,S673F,-2.7578475
Omicron_BA1,S673G,-0.7530059
Omicron_BA1,S673I,-3.307913
Omicron_BA1,S673L,-2.8101919
Omicron_BA1,S673P,-4.41801
Omicron_BA1,S673R,0.163924
Omicron_BA1,S673T,0.14121127
Omicron_BA1,S673Y,-2.9862192
Omicron_BA1,Y674C,-2.298095
Omicron_BA1,Y674D,0.0
Omicron_BA1,Y674F,-0.27826235
Omicron_BA1,Y674H,-0.8867802
Omicron_BA1,Y674*,-1.8317783
Omicron_BA1,Y674-,0.0
Omicron_BA1,Q675E,0.0
Omicron_BA1,Q675H,-0.101034544
Omicron_BA1,Q675K,-0.016480299
Omicron_BA1,Q675L,0.04174729
Omicron_BA1,Q675N,-0.23555522
Omicron_BA1,Q675P,-0.5049802
Omicron_BA1,Q675R,0.14473683
Omicron_BA1,Q675T,0.27518302
Omicron_BA1,Q675W,0.2778476
Omicron_BA1,Q675*,-3.0811632
Omicron_BA1,Q675-,-0.31193358
Omicron_BA1,T676A,0.025015106
Omicron_BA1,T676I,0.09728986
Omicron_BA1,T676N,0.06619772
Omicron_BA1,T676P,0.046231247
Omicron_BA1,T676R,-0.5256532
Omicron_BA1,T676S,0.03509479
Omicron_BA1,T676-,0.47387204
Omicron_BA1,Q677A,0.036306445
Omicron_BA1,Q677C,-0.23380338
Omicron_BA1,Q677D,-0.025775755
Omicron_BA1,Q677E,-0.02934455
Omicron_BA1,Q677F,0.017745338
Omicron_BA1,Q677G,-0.024452252
Omicron_BA1,Q677H,0.11851107
Omicron_BA1,Q677I,0.092736214
Omicron_BA1,Q677K,0.007515275
Omicron_BA1,Q677L,0.12638292
Omicron_BA1,Q677M,0.024900222
Omicron_BA1,Q677N,0.14143842
Omicron_BA1,Q677P,0.024912575
Omicron_BA1,Q677R,0.019160934
Omicron_BA1,Q677S,0.041874524
Omicron_BA1,Q677T,0.10346302
Omicron_BA1,Q677V,0.16933294
Omicron_BA1,Q677W,0.012940361
Omicron_BA1,Q677Y,0.10892645
Omicron_BA1,Q677*,-2.619309
Omicron_BA1,Q677-,0.37003025
Omicron_BA1,T678A,0.07014946
Omicron_BA1,T678C,-0.473275
Omicron_BA1,T678D,0.0016514703
Omicron_BA1,T678E,0.020645475
Omicron_BA1,T678F,-0.084828824
Omicron_BA1,T678G,-0.11712977
Omicron_BA1,T678H,0.048409108
Omicron_BA1,T678I,0.015292809
Omicron_BA1,T678K,-0.12894878
Omicron_BA1,T678L,0.065618336
Omicron_BA1,T678M,-0.046703666
Omicron_BA1,T678N,0.036419693
Omicron_BA1,T678P,0.010681765
Omicron_BA1,T678Q,0.04661865
Omicron_BA1,T678R,-0.10041168
Omicron_BA1,T678S,0.034538724
Omicron_BA1,T678V,-0.03366271
Omicron_BA1,T678W,0.10301452
Omicron_BA1,T678Y,-0.07685047
Omicron_BA1,T678*,-2.4368992
Omicron_BA1,T678-,0.06635854
Omicron_BA1,K679A,-0.023172574
Omicron_BA1,K679C,-0.23080663
Omicron_BA1,K679D,0.15296285
Omicron_BA1,K679E,0.093934536
Omicron_BA1,K679F,-0.017075492
Omicron_BA1,K679G,0.086604014
Omicron_BA1,K679H,0.07447781
Omicron_BA1,K679I,0.0368293
Omicron_BA1,K679L,0.009342578
Omicron_BA1,K679M,0.083434165
Omicron_BA1,K679N,0.06548853
Omicron_BA1,K679P,0.041879985
Omicron_BA1,K679Q,-0.027539546
Omicron_BA1,K679R,-0.027091056
Omicron_BA1,K679S,0.10502981
Omicron_BA1,K679T,0.008608232
Omicron_BA1,K679V,0.09197703
Omicron_BA1,K679W,-0.050528597
Omicron_BA1,K679Y,0.011720132
Omicron_BA1,K679*,-4.260044
Omicron_BA1,K679-,0.018885627
Omicron_BA1,S680A,0.022601306
Omicron_BA1,S680C,0.22793017
Omicron_BA1,S680F,-0.13037777
Omicron_BA1,S680G,0.060725667
Omicron_BA1,S680H,0.07270844
Omicron_BA1,S680I,0.046331067
Omicron_BA1,S680N,0.09501686
Omicron_BA1,S680P,-0.11984304
Omicron_BA1,S680R,-0.054918047
Omicron_BA1,S680T,-0.02407829
Omicron_BA1,S680W,-0.13456783
Omicron_BA1,S680Y,0.041910596
Omicron_BA1,S680-,0.12274529
Omicron_BA1,H681A,0.0027988
Omicron_BA1,H681C,-0.25834185
Omicron_BA1,H681D,0.21631546
Omicron_BA1,H681E,0.061385766
Omicron_BA1,H681F,0.013600503
Omicron_BA1,H681G,-0.011372653
Omicron_BA1,H681I,-0.0874184
Omicron_BA1,H681K,-0.02524638
Omicron_BA1,H681L,-0.0064383284
Omicron_BA1,H681M,-0.039019313
Omicron_BA1,H681N,0.017380634
Omicron_BA1,H681P,0.07578075
Omicron_BA1,H681Q,0.0549656
Omicron_BA1,H681R,-0.12604636
Omicron_BA1,H681S,0.03378762
Omicron_BA1,H681T,0.023723748
Omicron_BA1,H681V,0.029602474
Omicron_BA1,H681W,-0.022392742
Omicron_BA1,H681Y,-0.044457354
Omicron_BA1,H681*,-2.8335311
Omicron_BA1,H681-,0.31108207
Omicron_BA1,R682G,0.14219692
Omicron_BA1,R682H,0.22877914
Omicron_BA1,R682K,0.29920715
Omicron_BA1,R682L,0.20765278
Omicron_BA1,R682M,0.43349692
Omicron_BA1,R682P,0.27980357
Omicron_BA1,R682Q,0.107645094
Omicron_BA1,R682S,0.44003156
Omicron_BA1,R682W,0.27550435
Omicron_BA1,R682-,0.03718875
Omicron_BA1,R683G,0.057265397
Omicron_BA1,R683K,-0.06311996
Omicron_BA1,R683L,0.054080684
Omicron_BA1,R683M,-0.028266976
Omicron_BA1,R683P,0.09339081
Omicron_BA1,R683Q,0.17345761
Omicron_BA1,R683S,-0.0023150146
Omicron_BA1,R683T,0.0
Omicron_BA1,R683W,-0.029612616
Omicron_BA1,R683Y,-0.028354572
Omicron_BA1,A684E,-0.02538598
Omicron_BA1,A684F,0.26226792
Omicron_BA1,A684L,-0.35601705
Omicron_BA1,A684M,0.0
Omicron_BA1,A684P,-0.09834752
Omicron_BA1,A684S,-0.08791704
Omicron_BA1,A684T,-0.06858059
Omicron_BA1,A684V,0.05925385
Omicron_BA1,R685C,0.09379668
Omicron_BA1,R685G,0.15400413
Omicron_BA1,R685H,0.08247632
Omicron_BA1,R685K,0.17165053
Omicron_BA1,R685L,0.3215041
Omicron_BA1,R685M,0.2869409
Omicron_BA1,R685S,0.23429598
Omicron_BA1,R685W,-0.20307538
Omicron_BA1,R685-,3.4412389
Omicron_BA1,S686F,-0.10631931
Omicron_BA1,S686G,-0.017425591
Omicron_BA1,S686I,0.33744085
Omicron_BA1,S686N,0.23713185
Omicron_BA1,S686P,0.1470991
Omicron_BA1,S686R,-0.026518686
Omicron_BA1,S686T,0.20896456
Omicron_BA1,S686Y,-0.09146095
Omicron_BA1,S686-,0.4091181
Omicron_BA1,V687A,-0.058501802
Omicron_BA1,V687E,1.2541785
Omicron_BA1,V687I,0.077978835
Omicron_BA1,V687L,0.0050160633
Omicron_BA1,V687M,-0.1049984
Omicron_BA1,V687S,0.59054595
Omicron_BA1,V687-,0.1713482
Omicron_BA1,A688C,-0.13371532
Omicron_BA1,A688D,0.10769646
Omicron_BA1,A688E,-0.050686806
Omicron_BA1,A688F,-0.004931836
Omicron_BA1,A688G,-0.017404824
Omicron_BA1,A688H,-0.096735045
Omicron_BA1,A688I,-0.11199801
Omicron_BA1,A688K,-0.0004340708
Omicron_BA1,A688L,-0.073500276
Omicron_BA1,A688M,-0.08852429
Omicron_BA1,A688N,0.062353015
Omicron_BA1,A688P,0.099189475
Omicron_BA1,A688Q,0.122465566
Omicron_BA1,A688R,-0.056077503
Omicron_BA1,A688S,-0.013768889
Omicron_BA1,A688T,-0.013630994
Omicron_BA1,A688V,0.07139282
Omicron_BA1,A688W,-0.13772617
Omicron_BA1,A688Y,-0.18826382
Omicron_BA1,A688*,-2.525809
Omicron_BA1,A688-,-0.31100255
Omicron_BA1,S689C,0.0
Omicron_BA1,S689D,-0.19337805
Omicron_BA1,S689G,-0.12955177
Omicron_BA1,S689I,-0.08660546
Omicron_BA1,S689K,0.7314122
Omicron_BA1,S689N,-0.055007864
Omicron_BA1,S689Q,-0.10078353
Omicron_BA1,S689R,0.011753133
Omicron_BA1,S689T,-0.012470947
Omicron_BA1,S689-,-0.87108195
Omicron_BA1,Q690H,0.123481736
Omicron_BA1,Q690K,0.12123091
Omicron_BA1,Q690L,-0.31473622
Omicron_BA1,Q690P,0.04814453
Omicron_BA1,Q690R,-0.014209337
Omicron_BA1,Q690S,-0.23825656
Omicron_BA1,Q690*,0.853091
Omicron_BA1,S691A,-0.07851355
Omicron_BA1,S691C,0.0053557516
Omicron_BA1,S691D,-0.39565763
Omicron_BA1,S691F,-0.58550656
Omicron_BA1,S691G,0.07804031
Omicron_BA1,S691I,-0.43927452
Omicron_BA1,S691N,-0.099253714
Omicron_BA1,S691P,-0.59964746
Omicron_BA1,S691R,0.05599912
Omicron_BA1,S691T,0.009963663
Omicron_BA1,S691Y,-0.28889927
Omicron_BA1,I692F,-0.13357666
Omicron_BA1,I692L,-0.3518236
Omicron_BA1,I692M,-0.3619876
Omicron_BA1,I692S,-2.1864417
Omicron_BA1,I692T,-1.7861574
Omicron_BA1,I692V,-1.3819976
Omicron_BA1,I693F,-1.1115714
Omicron_BA1,I693L,-0.6902592
Omicron_BA1,I693N,-2.5044346
Omicron_BA1,I693S,-3.5058734
Omicron_BA1,I693T,-1.933807
Omicron_BA1,I693V,-0.04784247
Omicron_BA1,I693-,0.0
Omicron_BA1,A694D,-0.50585955
Omicron_BA1,A694F,0.19105582
Omicron_BA1,A694P,-2.4103389
Omicron_BA1,A694S,-2.031275
Omicron_BA1,A694T,-1.7281752
Omicron_BA1,A694V,0.073703215
Omicron_BA1,A694-,0.0
Omicron_BA1,Y695C,-0.6619607
Omicron_BA1,Y695D,0.0
Omicron_BA1,Y695F,-0.24610332
Omicron_BA1,Y695H,-4.2442894
Omicron_BA1,Y695N,0.50200164
Omicron_BA1,Y695*,-2.5719287
Omicron_BA1,Y695-,0.0
Omicron_BA1,T696A,-1.6477934
Omicron_BA1,T696I,-0.25629205
Omicron_BA1,T696K,-0.2712149
Omicron_BA1,T696N,-1.9010799
Omicron_BA1,T696S,0.0
Omicron_BA1,T696-,0.0
Omicron_BA1,M697I,-0.27987543
Omicron_BA1,M697K,0.0
Omicron_BA1,M697L,-0.18378487
Omicron_BA1,M697R,-1.4862881
Omicron_BA1,M697T,-3.8340905
Omicron_BA1,M697V,-0.4468911
Omicron_BA1,M697-,0.0
Omicron_BA1,S698A,-1.0172615
Omicron_BA1,S698C,-0.807572
Omicron_BA1,S698G,-0.7474682
Omicron_BA1,S698I,-0.6631841
Omicron_BA1,S698K,0.0
Omicron_BA1,S698L,-0.4937879
Omicron_BA1,S698N,-0.1339415
Omicron_BA1,S698R,0.78363687
Omicron_BA1,S698T,0.0
Omicron_BA1,S698-,0.0
Omicron_BA1,L699F,-3.2013986
Omicron_BA1,L699I,-0.18722118
Omicron_BA1,L699M,-0.43857184
Omicron_BA1,L699P,-1.2934657
Omicron_BA1,L699Q,-2.7162051
Omicron_BA1,L699R,-2.1408985
Omicron_BA1,L699V,0.064388394
Omicron_BA1,G700C,0.0
Omicron_BA1,G700E,-3.2755187
Omicron_BA1,G700R,-3.7676551
Omicron_BA1,G700V,-2.680379
Omicron_BA1,G700*,-1.3345386
Omicron_BA1,G700-,1.390264
Omicron_BA1,A701C,-0.26442257
Omicron_BA1,A701D,0.019337362
Omicron_BA1,A701E,0.27112675
Omicron_BA1,A701F,-0.7689298
Omicron_BA1,A701G,-0.36057582
Omicron_BA1,A701H,-0.3025432
Omicron_BA1,A701I,-0.38249415
Omicron_BA1,A701K,0.0067569027
Omicron_BA1,A701L,-1.5181941
Omicron_BA1,A701M,-0.29001382
Omicron_BA1,A701N,-0.07960444
Omicron_BA1,A701P,0.26424095
Omicron_BA1,A701Q,-0.053538118
Omicron_BA1,A701R,0.05995834
Omicron_BA1,A701S,0.043665286
Omicron_BA1,A701T,0.058166094
Omicron_BA1,A701V,-0.14152373
Omicron_BA1,A701W,-0.74325067
Omicron_BA1,A701Y,-0.8634013
Omicron_BA1,A701*,-2.8680956
Omicron_BA1,E702A,0.024644885
Omicron_BA1,E702D,-0.17880762
Omicron_BA1,E702G,-0.50341326
Omicron_BA1,E702K,-2.1805274
Omicron_BA1,E702Q,-0.77232456
Omicron_BA1,E702T,0.054762833
Omicron_BA1,E702V,-0.48781368
Omicron_BA1,E702*,-0.32555807
Omicron_BA1,N703D,-0.4678455
Omicron_BA1,N703F,-0.14394133
Omicron_BA1,N703H,0.3174085
Omicron_BA1,N703I,0.34779277
Omicron_BA1,N703K,0.33914524
Omicron_BA1,N703Q,0.28327835
Omicron_BA1,N703S,0.17697845
Omicron_BA1,N703T,0.2775728
Omicron_BA1,N703Y,0.019004622
Omicron_BA1,S704A,-0.12689303
Omicron_BA1,S704C,0.0
Omicron_BA1,S704F,0.107693546
Omicron_BA1,S704L,0.07380949
Omicron_BA1,S704M,0.0
Omicron_BA1,S704P,-1.334443
Omicron_BA1,S704T,0.17291059
Omicron_BA1,S704Y,0.10156306
Omicron_BA1,V705A,-1.3982607
Omicron_BA1,V705D,-0.9932673
Omicron_BA1,V705E,0.0
Omicron_BA1,V705F,-1.9232633
Omicron_BA1,V705I,0.19117881
Omicron_BA1,V705L,-0.046542484
Omicron_BA1,V705M,-1.2021264
Omicron_BA1,V705P,-0.80699474
Omicron_BA1,A706C,-0.8050432
Omicron_BA1,A706D,-1.629308
Omicron_BA1,A706G,-1.9023391
Omicron_BA1,A706L,-0.8043133
Omicron_BA1,A706P,0.37575892
Omicron_BA1,A706S,-0.90327597
Omicron_BA1,A706T,-1.9593332
Omicron_BA1,A706V,-2.103351
Omicron_BA1,Y707C,-2.1222825
Omicron_BA1,Y707F,-0.30318078
Omicron_BA1,Y707H,-3.3478696
Omicron_BA1,Y707N,0.0
Omicron_BA1,Y707*,-3.4278328
Omicron_BA1,S708A,-0.26554394
Omicron_BA1,S708C,-0.7473238
Omicron_BA1,S708F,-2.4167676
Omicron_BA1,S708G,-0.17657723
Omicron_BA1,S708I,-2.6569061
Omicron_BA1,S708L,0.0
Omicron_BA1,S708N,-0.97819513
Omicron_BA1,S708P,-1.4920964
Omicron_BA1,S708R,-1.145539
Omicron_BA1,S708T,-0.17065983
Omicron_BA1,N709D,-0.16375573
Omicron_BA1,N709H,0.28833795
Omicron_BA1,N709I,-1.7425065
Omicron_BA1,N709K,-1.9228195
Omicron_BA1,N709S,-1.9240892
Omicron_BA1,N709T,-1.2726818
Omicron_BA1,N709V,-2.1586251
Omicron_BA1,N709Y,-1.3495574
Omicron_BA1,N710D,0.057436172
Omicron_BA1,N710H,0.00083103613
Omicron_BA1,N710I,-0.21255143
Omicron_BA1,N710K,-0.35396746
Omicron_BA1,N710Q,-1.105218
Omicron_BA1,N710S,-0.4104528
Omicron_BA1,N710T,-0.26500767
Omicron_BA1,N710V,0.14551376
Omicron_BA1,N710Y,-0.31727993
Omicron_BA1,S711A,-1.5702925
Omicron_BA1,S711F,-1.9678193
Omicron_BA1,S711G,0.07052116
Omicron_BA1,S711I,-0.06398111
Omicron_BA1,S711K,-2.8798165
Omicron_BA1,S711L,0.0
Omicron_BA1,S711N,-1.373957
Omicron_BA1,S711P,-3.2026086
Omicron_BA1,S711R,-0.90882754
Omicron_BA1,S711T,-0.8178947
Omicron_BA1,S711-,0.0
Omicron_BA1,I712L,-2.414205
Omicron_BA1,I712N,-2.6338046
Omicron_BA1,I712S,-3.611355
Omicron_BA1,I712T,-0.66364294
Omicron_BA1,I712V,-1.6666604
Omicron_BA1,I712-,0.0
Omicron_BA1,A713D,-0.5101584
Omicron_BA1,A713G,-1.5050637
Omicron_BA1,A713P,-2.312729
Omicron_BA1,A713Q,-0.1048775
Omicron_BA1,A713S,-1.3642989
Omicron_BA1,A713T,-4.5388527
Omicron_BA1,A713V,-4.056439
Omicron_BA1,A713-,0.0
Omicron_BA1,I714L,-0.7870704
Omicron_BA1,I714M,-2.28288
Omicron_BA1,I714T,-2.0277848
Omicron_BA1,I714V,0.134674
Omicron_BA1,I714Y,-3.2951024
Omicron_BA1,P715A,0.0
Omicron_BA1,P715L,-3.138572
Omicron_BA1,P715Q,-3.0200834
Omicron_BA1,P715S,-0.92457646
Omicron_BA1,P715T,-2.56198
Omicron_BA1,T716A,-1.3576274
Omicron_BA1,T716C,-0.2797296
Omicron_BA1,T716D,-3.011769
Omicron_BA1,T716E,-0.40870595
Omicron_BA1,T716F,-1.6733065
Omicron_BA1,T716G,-1.3113331
Omicron_BA1,T716H,-0.7665297
Omicron_BA1,T716I,-2.3804634
Omicron_BA1,T716K,-0.63101274
Omicron_BA1,T716L,-0.019304145
Omicron_BA1,T716M,0.15196466
Omicron_BA1,T716N,-1.0204481
Omicron_BA1,T716P,-2.398214
Omicron_BA1,T716Q,0.3228404
Omicron_BA1,T716R,-0.30669603
Omicron_BA1,T716S,-0.33477423
Omicron_BA1,T716V,-4.228965
Omicron_BA1,T716W,-3.7692494
Omicron_BA1,T716Y,-1.6945657
Omicron_BA1,T716*,-2.9644523
Omicron_BA1,N717D,-1.7966139
Omicron_BA1,N717H,-2.2010605
Omicron_BA1,N717K,-1.506239
Omicron_BA1,N717L,-2.222353
Omicron_BA1,N717S,-1.621487
Omicron_BA1,N717T,-2.6974058
Omicron_BA1,N717Y,-0.95003647
Omicron_BA1,F718C,0.0
Omicron_BA1,F718I,-2.8841286
Omicron_BA1,F718L,-2.407213
Omicron_BA1,F718S,-0.35064468
Omicron_BA1,F718V,-1.1563267
Omicron_BA1,F718Y,-1.3352646
Omicron_BA1,T719A,-1.6577086
Omicron_BA1,T719I,-2.0133696
Omicron_BA1,T719N,-1.292004
Omicron_BA1,T719S,-0.16136898
Omicron_BA1,T719-,-0.63850904
Omicron_BA1,I720L,-1.4198694
Omicron_BA1,I720M,0.0
Omicron_BA1,I720T,-1.3386798
Omicron_BA1,I720V,-0.5248099
Omicron_BA1,I720-,-1.8258492
Omicron_BA1,S721C,0.0
Omicron_BA1,S721F,-1.1647836
Omicron_BA1,S721G,-0.10390269
Omicron_BA1,S721L,-0.3363895
Omicron_BA1,S721P,-2.3878863
Omicron_BA1,S721R,-0.20321526
Omicron_BA1,S721T,0.013672449
Omicron_BA1,S721Y,-0.67273986
Omicron_BA1,S721-,-1.8893416
Omicron_BA1,V722A,-0.8156619
Omicron_BA1,V722D,-2.0123901
Omicron_BA1,V722E,0.0
Omicron_BA1,V722F,-0.04829739
Omicron_BA1,V722I,-0.117894575
Omicron_BA1,V722L,0.0
Omicron_BA1,V722M,-0.37395498
Omicron_BA1,V722P,-0.015594669
Omicron_BA1,V722-,0.8649899
Omicron_BA1,T723A,-0.01171936
Omicron_BA1,T723I,-0.36048588
Omicron_BA1,T723N,0.42389998
Omicron_BA1,T723S,0.045718994
Omicron_BA1,T723V,0.023977293
Omicron_BA1,T723-,0.0
Omicron_BA1,T724A,-0.4929726
Omicron_BA1,T724I,-0.559898
Omicron_BA1,T724K,-0.51660544
Omicron_BA1,T724P,-0.035426516
Omicron_BA1,T724S,0.034536757
Omicron_BA1,T724-,0.0
Omicron_BA1,E725D,-0.2082442
Omicron_BA1,E725G,-0.7560994
Omicron_BA1,E725K,-3.8258793
Omicron_BA1,E725Q,0.0
Omicron_BA1,E725V,-1.1195084
Omicron_BA1,E725*,-2.9854262
Omicron_BA1,E725-,0.0
Omicron_BA1,I726K,0.022431998
Omicron_BA1,I726M,0.0
Omicron_BA1,I726N,0.0
Omicron_BA1,I726T,0.06989195
Omicron_BA1,I726V,0.22116186
Omicron_BA1,I726-,0.0
Omicron_BA1,L727I,-0.39655846
Omicron_BA1,L727M,-0.24451572
Omicron_BA1,L727P,-2.1844282
Omicron_BA1,L727Q,-0.3976814
Omicron_BA1,L727V,-0.33608782
Omicron_BA1,L727Y,-1.4284767
Omicron_BA1,L727-,0.0
Omicron_BA1,P728A,0.0
Omicron_BA1,P728H,-2.1052434
Omicron_BA1,P728L,-1.5327342
Omicron_BA1,P728Q,0.0
Omicron_BA1,P728S,-0.8542776
Omicron_BA1,P728T,-1.2387795
Omicron_BA1,P728-,0.0
Omicron_BA1,V729A,-3.3590682
Omicron_BA1,V729C,-0.7635711
Omicron_BA1,V729E,-1.659478
Omicron_BA1,V729L,-0.98457706
Omicron_BA1,V729M,-2.7942188
Omicron_BA1,V729-,0.0
Omicron_BA1,S730C,0.098368905
Omicron_BA1,S730F,-0.23877086
Omicron_BA1,S730G,-2.5466168
Omicron_BA1,S730I,-3.0993981
Omicron_BA1,S730L,-2.1685042
Omicron_BA1,S730N,-4.166417
Omicron_BA1,S730R,-1.0745368
Omicron_BA1,S730V,-1.0713533
Omicron_BA1,S730-,-1.3466116
Omicron_BA1,M731I,-0.8781067
Omicron_BA1,M731K,-2.7919316
Omicron_BA1,M731L,-0.24019769
Omicron_BA1,M731T,-1.5910121
Omicron_BA1,M731V,-1.7727909
Omicron_BA1,M731-,-0.093909204
Omicron_BA1,T732A,0.059236042
Omicron_BA1,T732I,0.060436614
Omicron_BA1,T732K,0.0
Omicron_BA1,T732N,-1.6553687
Omicron_BA1,T732P,0.37226957
Omicron_BA1,T732S,0.034464918
Omicron_BA1,T732V,0.0
Omicron_BA1,T732-,0.0
Omicron_BA1,K733E,-2.472
Omicron_BA1,K733M,0.0
Omicron_BA1,K733N,-2.2921042
Omicron_BA1,K733Q,-2.5657406
Omicron_BA1,K733R,-0.5099641
Omicron_BA1,K733T,0.0
Omicron_BA1,K733-,0.0
Omicron_BA1,T734A,-0.28167078
Omicron_BA1,T734H,-0.7879277
Omicron_BA1,T734I,0.39431342
Omicron_BA1,T734K,-2.8870826
Omicron_BA1,T734N,-0.8453094
Omicron_BA1,T734S,-0.8080492
Omicron_BA1,T734-,0.0
Omicron_BA1,S735A,-0.12478022
Omicron_BA1,S735D,0.0
Omicron_BA1,S735F,-0.16840443
Omicron_BA1,S735I,-0.88288254
Omicron_BA1,S735L,-0.92090213
Omicron_BA1,S735P,-3.7062347
Omicron_BA1,S735Q,-0.077940464
Omicron_BA1,S735Y,0.08820695
Omicron_BA1,S735-,0.0
Omicron_BA1,V736A,0.0
Omicron_BA1,V736E,-0.45283818
Omicron_BA1,V736G,-2.1172912
Omicron_BA1,V736I,-0.12570725
Omicron_BA1,V736L,-0.7908994
Omicron_BA1,V736M,-1.9683515
Omicron_BA1,V736Y,-2.5516994
Omicron_BA1,V736-,0.0
Omicron_BA1,D737E,-0.9610514
Omicron_BA1,D737G,-3.377754
Omicron_BA1,D737N,-3.0592003
Omicron_BA1,D737Q,-2.4374619
Omicron_BA1,D737V,-0.4180084
Omicron_BA1,D737Y,-0.057174962
Omicron_BA1,D737-,0.0
Omicron_BA1,C738F,-1.2778474
Omicron_BA1,C738G,0.0
Omicron_BA1,C738R,-3.513508
Omicron_BA1,C738S,-2.186066
Omicron_BA1,C738W,-3.0324209
Omicron_BA1,C738Y,-3.436632
Omicron_BA1,C738*,1.576602
Omicron_BA1,C738-,0.0
Omicron_BA1,T739A,0.15718977
Omicron_BA1,T739I,-0.30303162
Omicron_BA1,T739K,-0.5138089
Omicron_BA1,T739L,-0.35195288
Omicron_BA1,T739S,-0.42534176
Omicron_BA1,T739-,0.0
Omicron_BA1,M740F,-0.43120086
Omicron_BA1,M740I,-0.32822406
Omicron_BA1,M740K,-0.28553566
Omicron_BA1,M740L,-0.35813048
Omicron_BA1,M740R,0.30092886
Omicron_BA1,M740S,-0.42814022
Omicron_BA1,M740T,0.0069812555
Omicron_BA1,M740V,-0.0032729036
Omicron_BA1,M740-,0.0
Omicron_BA1,Y741C,-0.05868344
Omicron_BA1,Y741F,-0.80969256
Omicron_BA1,Y741H,-3.3869085
Omicron_BA1,Y741P,-2.2708747
Omicron_BA1,Y741V,-2.525499
Omicron_BA1,Y741*,-2.1508343
Omicron_BA1,Y741-,0.0
Omicron_BA1,I742L,-0.39631277
Omicron_BA1,I742N,0.23120959
Omicron_BA1,I742R,-3.1956618
Omicron_BA1,I742S,0.0
Omicron_BA1,I742T,-2.445573
Omicron_BA1,I742V,0.43774936
Omicron_BA1,I742Y,-2.505263
Omicron_BA1,I742-,0.0
Omicron_BA1,C743D,-1.3850018
Omicron_BA1,C743F,-1.1954324
Omicron_BA1,C743G,-2.6295521
Omicron_BA1,C743H,-2.310344
Omicron_BA1,C743R,-3.715957
Omicron_BA1,C743S,-2.7066386
Omicron_BA1,C743Y,-3.76998
Omicron_BA1,C743-,0.0
Omicron_BA1,G744D,-1.9846573
Omicron_BA1,G744E,-0.28158948
Omicron_BA1,G744Q,-1.0163847
Omicron_BA1,G744R,-1.601784
Omicron_BA1,G744S,-0.22745262
Omicron_BA1,G744V,-1.4687022
Omicron_BA1,G744*,-1.5391985
Omicron_BA1,G744-,0.0
Omicron_BA1,D745A,0.013700228
Omicron_BA1,D745E,-0.6395787
Omicron_BA1,D745G,0.08738493
Omicron_BA1,D745H,-0.56552726
Omicron_BA1,D745N,-2.7543108
Omicron_BA1,D745V,0.10277704
Omicron_BA1,D745Y,-0.15958671
Omicron_BA1,D745-,0.0
Omicron_BA1,S746G,-1.5025582
Omicron_BA1,S746I,-0.520844
Omicron_BA1,S746N,-0.3736521
Omicron_BA1,S746R,0.1172885
Omicron_BA1,S746T,0.546196
Omicron_BA1,S746-,0.0
Omicron_BA1,T747A,0.075055294
Omicron_BA1,T747I,0.039591994
Omicron_BA1,T747K,0.0
Omicron_BA1,T747N,-0.06766292
Omicron_BA1,T747P,-0.3352739
Omicron_BA1,T747S,-0.10684409
Omicron_BA1,T747V,-0.15168475
Omicron_BA1,T747-,0.0
Omicron_BA1,E748A,0.0
Omicron_BA1,E748D,0.035941344
Omicron_BA1,E748G,-0.6622758
Omicron_BA1,E748K,-0.27393618
Omicron_BA1,E748Q,-0.5278859
Omicron_BA1,E748R,-0.39471722
Omicron_BA1,E748V,-0.39626428
Omicron_BA1,E748*,-2.2048836
Omicron_BA1,E748-,0.0
Omicron_BA1,C749F,-2.0112112
Omicron_BA1,C749G,0.7219331
Omicron_BA1,C749L,-2.731407
Omicron_BA1,C749R,0.0
Omicron_BA1,C749S,-1.8346598
Omicron_BA1,C749W,0.0
Omicron_BA1,C749Y,-4.567046
Omicron_BA1,C749*,1.519029
Omicron_BA1,C749-,0.0
Omicron_BA1,S750C,-0.7182715
Omicron_BA1,S750G,0.09212605
Omicron_BA1,S750I,-0.30597937
Omicron_BA1,S750K,-0.07848752
Omicron_BA1,S750N,-0.024532918
Omicron_BA1,S750R,-0.17982702
Omicron_BA1,S750T,-0.0328312
Omicron_BA1,S750Y,1.3916885e-05
Omicron_BA1,S750-,0.0
Omicron_BA1,N751D,0.06447518
Omicron_BA1,N751F,-0.2120915
Omicron_BA1,N751I,-0.17794068
Omicron_BA1,N751K,0.03252849
Omicron_BA1,N751R,0.0
Omicron_BA1,N751S,0.05634342
Omicron_BA1,N751T,0.14558426
Omicron_BA1,N751Y,-0.28681743
Omicron_BA1,N751-,0.0
Omicron_BA1,L752F,-1.5158582
Omicron_BA1,L752I,-0.37479627
Omicron_BA1,L752M,0.14989
Omicron_BA1,L752P,-3.6661048
Omicron_BA1,L752Q,-1.5038428
Omicron_BA1,L752R,-0.5631332
Omicron_BA1,L752V,-0.6338054
Omicron_BA1,L752-,0.0
Omicron_BA1,L753C,-2.5661228
Omicron_BA1,L753F,-1.8402873
Omicron_BA1,L753M,-1.6931776
Omicron_BA1,L753P,-3.4025111
Omicron_BA1,L753Q,-3.7231045
Omicron_BA1,L753V,-0.2683979
Omicron_BA1,L753-,0.0
Omicron_BA1,L754C,-0.40377212
Omicron_BA1,L754F,0.034752782
Omicron_BA1,L754H,-0.66630095
Omicron_BA1,L754I,-0.08995445
Omicron_BA1,L754P,-0.32274073
Omicron_BA1,L754S,-0.15021093
Omicron_BA1,L754V,0.057487898
Omicron_BA1,L754W,-0.4483205
Omicron_BA1,L754-,0.0
Omicron_BA1,Q755A,-0.01317366
Omicron_BA1,Q755E,-0.042959128
Omicron_BA1,Q755H,0.0
Omicron_BA1,Q755K,-0.5924854
Omicron_BA1,Q755N,-0.74515194
Omicron_BA1,Q755R,-0.069990635
Omicron_BA1,Q755*,-1.5983279
Omicron_BA1,Q755-,0.0
Omicron_BA1,Y756A,-3.7454908
Omicron_BA1,Y756C,-3.1215224
Omicron_BA1,Y756F,-1.7483269
Omicron_BA1,Y756H,-2.5936356
Omicron_BA1,Y756I,-2.9151793
Omicron_BA1,Y756L,-2.364134
Omicron_BA1,Y756M,-3.034347
Omicron_BA1,Y756*,0.0
Omicron_BA1,G757A,-2.26221
Omicron_BA1,G757C,-2.4556835
Omicron_BA1,G757D,-1.5506612
Omicron_BA1,G757N,-1.5697219
Omicron_BA1,G757S,-1.0494359
Omicron_BA1,G757V,-1.8300303
Omicron_BA1,G757W,-3.5986495
Omicron_BA1,S758A,-0.038928628
Omicron_BA1,S758F,-0.051877007
Omicron_BA1,S758G,-0.052746452
Omicron_BA1,S758I,-0.008353867
Omicron_BA1,S758P,-0.21267615
Omicron_BA1,S758Q,0.20637101
Omicron_BA1,S758T,0.047579087
Omicron_BA1,S758V,0.061565332
Omicron_BA1,S758Y,0.23147658
Omicron_BA1,F759C,-1.1466401
Omicron_BA1,F759I,-1.4383885
Omicron_BA1,F759L,-0.8921994
Omicron_BA1,F759S,-0.7574757
Omicron_BA1,F759V,0.02027666
Omicron_BA1,F759Y,-0.01613909
Omicron_BA1,C760F,-0.29223981
Omicron_BA1,C760L,-2.2036378
Omicron_BA1,C760N,0.0
Omicron_BA1,C760R,-3.4381082
Omicron_BA1,C760S,0.0
Omicron_BA1,C760W,0.0
Omicron_BA1,C760Y,-2.679375
Omicron_BA1,C760*,-1.103709
Omicron_BA1,T761A,0.019577548
Omicron_BA1,T761C,-0.89589036
Omicron_BA1,T761E,0.22524086
Omicron_BA1,T761I,-0.18924527
Omicron_BA1,T761K,-0.24961472
Omicron_BA1,T761N,0.101719774
Omicron_BA1,T761R,-0.27129912
Omicron_BA1,T761S,0.028551886
Omicron_BA1,T761Y,-0.12385521
Omicron_BA1,Q762E,0.6828758
Omicron_BA1,Q762H,-0.8673848
Omicron_BA1,Q762K,-1.6984156
Omicron_BA1,Q762L,-2.396251
Omicron_BA1,Q762N,-0.110991076
Omicron_BA1,Q762R,0.0
Omicron_BA1,Q762T,0.06370902
Omicron_BA1,Q762*,-2.2105157
Omicron_BA1,L763F,-1.4711344
Omicron_BA1,L763H,-1.856282
Omicron_BA1,L763I,-0.21289785
Omicron_BA1,L763M,0.20369178
Omicron_BA1,L763P,-1.3269805
Omicron_BA1,L763R,0.0
Omicron_BA1,L763S,-0.62879884
Omicron_BA1,L763V,-0.864702
Omicron_BA1,L763-,0.0
Omicron_BA1,K764A,-0.077012904
Omicron_BA1,K764C,-0.4968518
Omicron_BA1,K764D,-1.893182
Omicron_BA1,K764E,-4.302591
Omicron_BA1,K764F,-1.89766
Omicron_BA1,K764G,-0.21239534
Omicron_BA1,K764H,-0.52276874
Omicron_BA1,K764I,-1.7522755
Omicron_BA1,K764L,-0.6884386
Omicron_BA1,K764M,-0.23693797
Omicron_BA1,K764N,-0.58790976
Omicron_BA1,K764P,-3.2414722
Omicron_BA1,K764Q,0.19131118
Omicron_BA1,K764R,0.040636472
Omicron_BA1,K764S,-0.14433819
Omicron_BA1,K764T,-0.118661284
Omicron_BA1,K764V,-0.30927044
Omicron_BA1,K764W,-0.5705308
Omicron_BA1,K764Y,-0.5083205
Omicron_BA1,K764*,-4.0530763
Omicron_BA1,K764-,0.0
Omicron_BA1,R765C,-0.5046602
Omicron_BA1,R765G,-0.47370824
Omicron_BA1,R765H,-0.72758734
Omicron_BA1,R765K,0.16801986
Omicron_BA1,R765L,-0.41062388
Omicron_BA1,R765M,-0.4433016
Omicron_BA1,R765P,0.0
Omicron_BA1,R765Q,0.0
Omicron_BA1,R765S,-0.062722206
Omicron_BA1,R765V,-0.5280564
Omicron_BA1,R765-,0.0
Omicron_BA1,A766C,-0.8632305
Omicron_BA1,A766D,-1.6359172
Omicron_BA1,A766F,-1.0591033
Omicron_BA1,A766G,-1.6553613
Omicron_BA1,A766L,-1.9423532
Omicron_BA1,A766P,0.0
Omicron_BA1,A766S,-0.04861069
Omicron_BA1,A766T,-0.332546
Omicron_BA1,A766V,-0.5371645
Omicron_BA1,A766-,0.0
Omicron_BA1,L767F,-3.377043
Omicron_BA1,L767M,0.06510447
Omicron_BA1,L767P,-2.5303535
Omicron_BA1,L767Q,-1.3616282
Omicron_BA1,L767V,-2.762195
Omicron_BA1,T768A,-0.44898874
Omicron_BA1,T768H,-0.5409958
Omicron_BA1,T768I,-0.44119075
Omicron_BA1,T768K,-0.6079765
Omicron_BA1,T768N,0.10301351
Omicron_BA1,T768R,-0.45460021
Omicron_BA1,T768S,-0.26637977
Omicron_BA1,T768-,0.0
Omicron_BA1,G769A,-0.22545527
Omicron_BA1,G769C,-0.61695707
Omicron_BA1,G769D,-0.07385533
Omicron_BA1,G769E,0.00094999233
Omicron_BA1,G769F,-0.24139458
Omicron_BA1,G769H,-0.15800786
Omicron_BA1,G769I,-0.657159
Omicron_BA1,G769K,-0.31841427
Omicron_BA1,G769L,-0.48757327
Omicron_BA1,G769M,-0.23538315
Omicron_BA1,G769N,-0.20541412
Omicron_BA1,G769P,-3.6286447
Omicron_BA1,G769Q,-0.13906246
Omicron_BA1,G769R,-0.20700204
Omicron_BA1,G769S,-0.10241475
Omicron_BA1,G769T,-0.48202056
Omicron_BA1,G769V,-0.6881247
Omicron_BA1,G769W,-0.2414988
Omicron_BA1,G769Y,-0.32740265
Omicron_BA1,G769*,-3.1467469
Omicron_BA1,G769-,0.0
Omicron_BA1,I770L,-0.70831746
Omicron_BA1,I770M,-0.8507973
Omicron_BA1,I770N,-1.9031607
Omicron_BA1,I770T,-1.564708
Omicron_BA1,I770V,-0.6016182
Omicron_BA1,I770-,0.0
Omicron_BA1,A771C,-0.88713384
Omicron_BA1,A771D,-4.3166184
Omicron_BA1,A771E,-2.914236
Omicron_BA1,A771F,-4.7032633
Omicron_BA1,A771G,-0.5024496
Omicron_BA1,A771H,-1.5410349
Omicron_BA1,A771I,-2.5618465
Omicron_BA1,A771K,-3.2856648
Omicron_BA1,A771L,-2.2348082
Omicron_BA1,A771M,-3.3319814
Omicron_BA1,A771N,-0.15816867
Omicron_BA1,A771P,-3.8970506
Omicron_BA1,A771Q,-1.8967236
Omicron_BA1,A771R,-2.6559763
Omicron_BA1,A771S,-0.50439274
Omicron_BA1,A771T,-2.2249959
Omicron_BA1,A771V,-3.4772077
Omicron_BA1,A771W,-3.4537082
Omicron_BA1,A771Y,-2.6271813
Omicron_BA1,A771*,-2.5956361
Omicron_BA1,A771-,0.0
Omicron_BA1,V772A,-0.44135422
Omicron_BA1,V772C,-0.8821495
Omicron_BA1,V772D,0.5283307
Omicron_BA1,V772E,-1.2920138
Omicron_BA1,V772F,-0.73328257
Omicron_BA1,V772G,-1.1009467
Omicron_BA1,V772I,-0.043607645
Omicron_BA1,V772L,-0.27568057
Omicron_BA1,V772M,-0.3732842
Omicron_BA1,V772-,0.0
Omicron_BA1,E773D,-0.4210335
Omicron_BA1,E773G,-0.51809216
Omicron_BA1,E773K,-2.499444
Omicron_BA1,E773N,-0.54924744
Omicron_BA1,E773Q,-0.008526663
Omicron_BA1,E773*,-2.5808363
Omicron_BA1,E773-,0.0
Omicron_BA1,Q774H,-1.8897169
Omicron_BA1,Q774K,-3.457106
Omicron_BA1,Q774L,-3.1008298
Omicron_BA1,Q774P,-1.0698076
Omicron_BA1,Q774R,-4.50898
Omicron_BA1,Q774T,-2.54387
Omicron_BA1,Q774*,-3.9135094
Omicron_BA1,Q774-,0.0
Omicron_BA1,D775E,-2.706697
Omicron_BA1,D775G,-2.1909375
Omicron_BA1,D775H,-2.0585756
Omicron_BA1,D775N,-3.1027892
Omicron_BA1,D775Q,-3.1671495
Omicron_BA1,D775R,-3.4730875
Omicron_BA1,D775T,-2.0022311
Omicron_BA1,D775V,0.0
Omicron_BA1,D775Y,-2.9996653
Omicron_BA1,D775-,0.0
Omicron_BA1,K776E,-0.1973504
Omicron_BA1,K776G,0.0
Omicron_BA1,K776M,0.27860084
Omicron_BA1,K776N,-3.5465157
Omicron_BA1,K776Q,0.04658379
Omicron_BA1,K776R,0.035037994
Omicron_BA1,K776T,0.057491764
Omicron_BA1,K776-,0.0
Omicron_BA1,N777D,-2.7301698
Omicron_BA1,N777H,-1.9197689
Omicron_BA1,N777K,-3.1637068
Omicron_BA1,N777S,-1.5237237
Omicron_BA1,N777T,-3.0358992
Omicron_BA1,N777-,0.0
Omicron_BA1,T778A,-0.5096467
Omicron_BA1,T778H,-1.4579391
Omicron_BA1,T778I,-0.19595523
Omicron_BA1,T778N,-0.88656044
Omicron_BA1,T778P,-1.5962411
Omicron_BA1,T778S,-0.12881824
Omicron_BA1,T778-,0.0
Omicron_BA1,Q779E,0.14669725
Omicron_BA1,Q779H,0.0005653129
Omicron_BA1,Q779K,-0.17504454
Omicron_BA1,Q779L,-0.27628165
Omicron_BA1,Q779P,-1.8545487
Omicron_BA1,Q779R,-0.12167651
Omicron_BA1,Q779*,0.33201838
Omicron_BA1,Q779-,0.0
Omicron_BA1,E780A,-0.026543325
Omicron_BA1,E780D,0.21027304
Omicron_BA1,E780G,-0.09995697
Omicron_BA1,E780K,-0.15214026
Omicron_BA1,E780Q,-0.047625814
Omicron_BA1,E780R,0.08732446
Omicron_BA1,E780S,-0.5547791
Omicron_BA1,E780V,-0.35788864
Omicron_BA1,E780*,-3.750761
Omicron_BA1,V781A,-1.8569101
Omicron_BA1,V781D,-2.4374275
Omicron_BA1,V781E,0.0
Omicron_BA1,V781F,-2.439583
Omicron_BA1,V781G,0.0
Omicron_BA1,V781I,-0.9749797
Omicron_BA1,V781L,-1.9550885
Omicron_BA1,V781M,-2.4301085
Omicron_BA1,V781S,-2.1355155
Omicron_BA1,F782C,-3.227003
Omicron_BA1,F782I,-2.0275528
Omicron_BA1,F782L,-3.8448992
Omicron_BA1,F782S,-3.828979
Omicron_BA1,F782V,-2.7562757
Omicron_BA1,F782Y,0.2211766
Omicron_BA1,A783C,-0.69989294
Omicron_BA1,A783D,-0.4054019
Omicron_BA1,A783E,-0.44534263
Omicron_BA1,A783G,-0.26447865
Omicron_BA1,A783H,-0.7786135
Omicron_BA1,A783K,-0.9400925
Omicron_BA1,A783P,0.37698144
Omicron_BA1,A783S,-0.30492666
Omicron_BA1,A783T,-1.4074764
Omicron_BA1,A783V,-0.3627206
Omicron_BA1,Q784H,0.0016371323
Omicron_BA1,Q784K,-0.4957057
Omicron_BA1,Q784L,-0.11459286
Omicron_BA1,Q784P,-0.9445324
Omicron_BA1,Q784R,-0.013956139
Omicron_BA1,Q784S,-0.22997609
Omicron_BA1,Q784*,-3.3194692
Omicron_BA1,V785A,-0.29770955
Omicron_BA1,V785E,0.0
Omicron_BA1,V785F,-1.2055804
Omicron_BA1,V785G,0.0
Omicron_BA1,V785I,-0.07717561
Omicron_BA1,V785L,-0.6462206
Omicron_BA1,V785M,-0.4874992
Omicron_BA1,V785Q,-0.11576975
Omicron_BA1,V785S,-0.2732987
Omicron_BA1,K786E,-0.09353268
Omicron_BA1,K786G,0.0
Omicron_BA1,K786I,0.14198573
Omicron_BA1,K786M,0.0
Omicron_BA1,K786N,-0.08624334
Omicron_BA1,K786Q,0.038892414
Omicron_BA1,K786R,-0.20510365
Omicron_BA1,K786T,-0.11367475
Omicron_BA1,Q787A,-0.33967856
Omicron_BA1,Q787H,-0.121026926
Omicron_BA1,Q787K,-0.32733184
Omicron_BA1,Q787L,-0.18981013
Omicron_BA1,Q787N,-1.7428528
Omicron_BA1,Q787R,-0.8392227
Omicron_BA1,Q787*,-4.6636257
Omicron_BA1,I788F,-3.0779624
Omicron_BA1,I788L,0.32242298
Omicron_BA1,I788M,-0.055187985
Omicron_BA1,I788N,-0.79614407
Omicron_BA1,I788T,-1.6417183
Omicron_BA1,I788V,-0.5664308
Omicron_BA1,Y789C,-3.9524717
Omicron_BA1,Y789F,0.0
Omicron_BA1,Y789H,-0.014808495
Omicron_BA1,Y789N,-2.0943995
Omicron_BA1,Y789Q,-2.4520063
Omicron_BA1,Y789T,-3.8606498
Omicron_BA1,Y789*,-2.7875745
Omicron_BA1,K790E,-1.6399767
Omicron_BA1,K790I,-0.47463745
Omicron_BA1,K790L,0.7421466
Omicron_BA1,K790M,-0.3495098
Omicron_BA1,K790N,-0.84567606
Omicron_BA1,K790Q,-0.16629088
Omicron_BA1,K790R,0.061923068
Omicron_BA1,K790T,-0.079538524
Omicron_BA1,K790*,0.0
Omicron_BA1,T791A,-0.08135887
Omicron_BA1,T791H,-0.1821625
Omicron_BA1,T791I,0.048356984
Omicron_BA1,T791K,-0.61104465
Omicron_BA1,T791N,-0.62959075
Omicron_BA1,T791P,-0.09492464
Omicron_BA1,T791R,0.0
Omicron_BA1,T791S,0.0
Omicron_BA1,T791-,-0.8329979
Omicron_BA1,P792H,-0.48565704
Omicron_BA1,P792L,-0.36194745
Omicron_BA1,P792Q,-0.40792203
Omicron_BA1,P792R,-0.48043427
Omicron_BA1,P792S,-0.1673401
Omicron_BA1,P792T,-0.26343805
Omicron_BA1,P792-,-0.47988787
Omicron_BA1,P793L,0.0024789108
Omicron_BA1,P793N,0.09221083
Omicron_BA1,P793Q,0.16215427
Omicron_BA1,P793R,0.27290478
Omicron_BA1,P793S,0.2351007
Omicron_BA1,P793T,0.07455339
Omicron_BA1,P793-,-0.6816225
Omicron_BA1,I794F,0.080904886
Omicron_BA1,I794L,-0.1096254
Omicron_BA1,I794M,0.0
Omicron_BA1,I794N,-0.10798997
Omicron_BA1,I794T,-0.06458284
Omicron_BA1,I794V,0.024193002
Omicron_BA1,K795E,-0.2756118
Omicron_BA1,K795I,0.18943547
Omicron_BA1,K795M,-1.2468886
Omicron_BA1,K795N,0.2316625
Omicron_BA1,K795Q,-0.9867976
Omicron_BA1,K795R,0.014592965
Omicron_BA1,K795*,-2.1981115
Omicron_BA1,K795-,-2.0794325
Omicron_BA1,Y796A,-0.23691042
Omicron_BA1,Y796C,-0.30371222
Omicron_BA1,Y796D,0.4939663
Omicron_BA1,Y796E,0.2657245
Omicron_BA1,Y796F,-0.4534467
Omicron_BA1,Y796G,0.09974849
Omicron_BA1,Y796H,0.06316486
Omicron_BA1,Y796I,0.06792561
Omicron_BA1,Y796K,-0.59813726
Omicron_BA1,Y796L,0.30012468
Omicron_BA1,Y796M,0.14618464
Omicron_BA1,Y796N,0.3099671
Omicron_BA1,Y796P,-1.9154335
Omicron_BA1,Y796Q,-0.15500332
Omicron_BA1,Y796R,-0.8238819
Omicron_BA1,Y796S,0.26219502
Omicron_BA1,Y796T,0.29436168
Omicron_BA1,Y796V,-0.43300974
Omicron_BA1,Y796W,-0.6631887
Omicron_BA1,Y796*,-3.9691286
Omicron_BA1,F797C,-0.72344023
Omicron_BA1,F797I,-0.65761083
Omicron_BA1,F797L,0.5054393
Omicron_BA1,F797S,-3.2381742
Omicron_BA1,F797V,-0.667933
Omicron_BA1,F797Y,-0.38435388
Omicron_BA1,F797-,0.43680316
Omicron_BA1,G798A,-0.4836481
Omicron_BA1,G798C,-1.6839049
Omicron_BA1,G798D,0.07208644
Omicron_BA1,G798E,-0.6049489
Omicron_BA1,G798R,-1.9546598
Omicron_BA1,G798S,-0.331352
Omicron_BA1,G798V,-2.4338224
Omicron_BA1,G798W,-0.4963792
Omicron_BA1,G798*,-1.8832805
Omicron_BA1,G798-,0.0
Omicron_BA1,G799C,-1.4591622
Omicron_BA1,G799D,-2.6686716
Omicron_BA1,G799S,-2.2155259
Omicron_BA1,G799V,-2.4362772
Omicron_BA1,G799W,-3.3168192
Omicron_BA1,G799-,-0.26769376
Omicron_BA1,F800I,-2.7832422
Omicron_BA1,F800L,-3.4765615
Omicron_BA1,F800S,-3.1512938
Omicron_BA1,F800V,-1.7090547
Omicron_BA1,F800Y,-0.36740217
Omicron_BA1,F800-,-1.2412896
Omicron_BA1,N801D,0.12141633
Omicron_BA1,N801G,-0.33524317
Omicron_BA1,N801I,-1.807478
Omicron_BA1,N801K,-0.49955413
Omicron_BA1,N801S,-0.3729924
Omicron_BA1,N801Y,0.0765355
Omicron_BA1,F802C,0.0
Omicron_BA1,F802I,-2.2809217
Omicron_BA1,F802L,-1.8919098
Omicron_BA1,F802S,-3.0571241
Omicron_BA1,F802Y,0.0
Omicron_BA1,F802-,-2.6747956
Omicron_BA1,S803A,-0.27771917
Omicron_BA1,S803F,-1.8732402
Omicron_BA1,S803G,-0.62722886
Omicron_BA1,S803H,-0.42020488
Omicron_BA1,S803I,-1.0365908
Omicron_BA1,S803L,-1.1948409
Omicron_BA1,S803N,-0.5581032
Omicron_BA1,S803P,0.0
Omicron_BA1,S803R,-0.30918688
Omicron_BA1,S803T,-0.00044253233
Omicron_BA1,S803-,-2.368432
Omicron_BA1,Q804H,-0.7034458
Omicron_BA1,Q804K,-0.18188278
Omicron_BA1,Q804L,0.4766368
Omicron_BA1,Q804P,-0.33567265
Omicron_BA1,Q804R,-0.24551317
Omicron_BA1,Q804S,0.13712116
Omicron_BA1,Q804T,0.10700861
Omicron_BA1,Q804*,0.0
Omicron_BA1,Q804-,-1.2369932
Omicron_BA1,I805L,0.06713696
Omicron_BA1,I805M,-0.11509758
Omicron_BA1,I805N,-2.704699
Omicron_BA1,I805T,-2.0029
Omicron_BA1,I805V,-0.41666555
Omicron_BA1,I805Y,-1.8861603
Omicron_BA1,I805-,-2.5900536
Omicron_BA1,L806F,-0.18883692
Omicron_BA1,L806I,-0.17462409
Omicron_BA1,L806M,-0.03452622
Omicron_BA1,L806P,-2.915509
Omicron_BA1,L806Q,-1.5564091
Omicron_BA1,L806S,-0.99955827
Omicron_BA1,L806V,-0.25765413
Omicron_BA1,L806Y,-1.3348511
Omicron_BA1,P807A,0.0
Omicron_BA1,P807H,-0.43396986
Omicron_BA1,P807L,-1.1732988
Omicron_BA1,P807Q,-0.17302763
Omicron_BA1,P807R,-0.37613964
Omicron_BA1,P807S,-0.08204059
Omicron_BA1,P807T,-0.33815977
Omicron_BA1,P807-,-2.2085438
Omicron_BA1,D808A,-0.7569535
Omicron_BA1,D808E,-0.226904
Omicron_BA1,D808G,-1.6605226
Omicron_BA1,D808H,-0.5747441
Omicron_BA1,D808I,-0.5759639
Omicron_BA1,D808N,-0.2767865
Omicron_BA1,D808Q,-0.11612242
Omicron_BA1,D808R,-0.73451084
Omicron_BA1,D808S,-0.28657618
Omicron_BA1,D808V,-0.7247636
Omicron_BA1,D808Y,-1.6038324
Omicron_BA1,D808-,-2.3119323
Omicron_BA1,P809A,-0.13322993
Omicron_BA1,P809H,0.027116356
Omicron_BA1,P809L,-0.14086422
Omicron_BA1,P809Q,-0.19194332
Omicron_BA1,P809R,-0.39898708
Omicron_BA1,P809S,0.08573383
Omicron_BA1,P809T,-0.06793103
Omicron_BA1,P809-,-2.182665
Omicron_BA1,S810A,-0.06226824
Omicron_BA1,S810G,-0.048465665
Omicron_BA1,S810I,-0.30140325
Omicron_BA1,S810L,-0.048525393
Omicron_BA1,S810N,-0.24156152
Omicron_BA1,S810P,0.22104739
Omicron_BA1,S810Q,-0.23150454
Omicron_BA1,S810R,-0.12847997
Omicron_BA1,S810T,-0.038487155
Omicron_BA1,S810-,-3.498503
Omicron_BA1,K811E,-1.052277
Omicron_BA1,K811I,0.04247574
Omicron_BA1,K811N,-0.24188231
Omicron_BA1,K811Q,-0.07667107
Omicron_BA1,K811R,-0.17149332
Omicron_BA1,K811T,0.12644595
Omicron_BA1,K811*,-1.4118788
Omicron_BA1,K811-,-2.5568285
Omicron_BA1,P812A,0.08261344
Omicron_BA1,P812L,-0.21227388
Omicron_BA1,P812Q,-0.05713567
Omicron_BA1,P812R,-0.19642578
Omicron_BA1,P812S,0.040577028
Omicron_BA1,P812T,0.053461295
Omicron_BA1,P812-,-0.17471662
Omicron_BA1,S813A,-0.47048193
Omicron_BA1,S813C,-0.85449374
Omicron_BA1,S813D,-0.16185772
Omicron_BA1,S813E,-0.25369832
Omicron_BA1,S813F,-0.33446604
Omicron_BA1,S813G,0.2211731
Omicron_BA1,S813H,-0.45032024
Omicron_BA1,S813I,-0.29958537
Omicron_BA1,S813K,-0.45183823
Omicron_BA1,S813L,-0.73885083
Omicron_BA1,S813M,-0.5212291
Omicron_BA1,S813N,-0.32709193
Omicron_BA1,S813P,-1.0752327
Omicron_BA1,S813Q,-0.31289008
Omicron_BA1,S813R,-0.5558624
Omicron_BA1,S813T,-0.014706765
Omicron_BA1,S813V,-0.46521115
Omicron_BA1,S813W,-0.2843863
Omicron_BA1,S813Y,-0.31481466
Omicron_BA1,S813*,-2.5473676
Omicron_BA1,S813-,-0.4894669
Omicron_BA1,K814A,0.0
Omicron_BA1,K814E,-0.060484935
Omicron_BA1,K814G,0.0
Omicron_BA1,K814M,-0.118081905
Omicron_BA1,K814N,-0.3648543
Omicron_BA1,K814Q,0.20075989
Omicron_BA1,K814R,-0.12979363
Omicron_BA1,K814T,-0.17834723
Omicron_BA1,R815G,-2.9192429
Omicron_BA1,R815K,0.0051396587
Omicron_BA1,R815M,-0.27055353
Omicron_BA1,R815S,-1.8489001
Omicron_BA1,R815W,-0.89307076
Omicron_BA1,R815-,-0.9240245
Omicron_BA1,S816C,0.0
Omicron_BA1,S816F,-2.6059792
Omicron_BA1,S816H,-2.4449708
Omicron_BA1,S816P,-2.9967642
Omicron_BA1,S816Y,-2.965159
Omicron_BA1,S816-,-1.7969195
Omicron_BA1,F817I,0.040224146
Omicron_BA1,F817L,0.32432768
Omicron_BA1,F817R,0.0
Omicron_BA1,F817S,0.37272033
Omicron_BA1,F817V,0.24813907
Omicron_BA1,F817Y,-0.41646364
Omicron_BA1,F817-,0.0
Omicron_BA1,I818L,0.0
Omicron_BA1,I818M,0.0
Omicron_BA1,I818N,0.0
Omicron_BA1,I818T,-2.0775821
Omicron_BA1,I818V,-1.6304628
Omicron_BA1,I818-,0.0
Omicron_BA1,E819A,-1.5437354
Omicron_BA1,E819D,-1.1459243
Omicron_BA1,E819G,-2.505141
Omicron_BA1,E819K,-2.7665207
Omicron_BA1,E819Q,0.5955108
Omicron_BA1,E819V,0.0
Omicron_BA1,E819*,-2.9737651
Omicron_BA1,E819-,0.19841187
Omicron_BA1,D820A,-0.8342694
Omicron_BA1,D820E,-0.107331835
Omicron_BA1,D820G,-0.7437849
Omicron_BA1,D820H,-1.1716956
Omicron_BA1,D820I,-2.919741
Omicron_BA1,D820N,-0.4347749
Omicron_BA1,D820V,-1.0348947
Omicron_BA1,D820Y,-1.2317034
Omicron_BA1,D820-,-1.3383964
Omicron_BA1,L821I,0.14806427
Omicron_BA1,L821M,-0.41639617
Omicron_BA1,L821P,-4.859926
Omicron_BA1,L821Q,-0.6806605
Omicron_BA1,L821R,0.62051624
Omicron_BA1,L821V,-0.27362993
Omicron_BA1,L821Y,-1.4832475
Omicron_BA1,L821-,-2.864958
Omicron_BA1,L822F,-0.43898237
Omicron_BA1,L822I,0.09177091
Omicron_BA1,L822M,-0.34165308
Omicron_BA1,L822P,-3.0145998
Omicron_BA1,L822Q,-2.3026187
Omicron_BA1,L822V,-0.4807797
Omicron_BA1,L822-,0.0
Omicron_BA1,F823C,-0.7960886
Omicron_BA1,F823I,-0.6988216
Omicron_BA1,F823L,-0.8164235
Omicron_BA1,F823N,0.0
Omicron_BA1,F823S,-2.4254534
Omicron_BA1,F823V,-1.0562146
Omicron_BA1,F823Y,0.016584013
Omicron_BA1,F823-,-1.498411
Omicron_BA1,N824D,0.015594241
Omicron_BA1,N824H,-0.68718326
Omicron_BA1,N824I,-1.5404215
Omicron_BA1,N824K,-0.41685417
Omicron_BA1,N824Q,-2.510804
Omicron_BA1,N824S,0.10144427
Omicron_BA1,N824T,0.21922165
Omicron_BA1,N824Y,-0.69419146
Omicron_BA1,N824-,0.0
Omicron_BA1,K825E,-0.6586366
Omicron_BA1,K825G,0.0
Omicron_BA1,K825M,-1.1388483
Omicron_BA1,K825N,-3.824825
Omicron_BA1,K825Q,0.025035756
Omicron_BA1,K825R,-0.2576517
Omicron_BA1,K825T,-0.2530893
Omicron_BA1,K825-,0.0
Omicron_BA1,V826A,-2.4813476
Omicron_BA1,V826E,-0.5383021
Omicron_BA1,V826G,-3.1900823
Omicron_BA1,V826I,-0.15861905
Omicron_BA1,V826L,-0.34560397
Omicron_BA1,V826M,-0.1760162
Omicron_BA1,V826S,-3.183984
Omicron_BA1,V826-,-0.05490122
Omicron_BA1,T827A,-0.40656415
Omicron_BA1,T827H,-0.6259019
Omicron_BA1,T827I,-0.20561239
Omicron_BA1,T827K,-0.66537124
Omicron_BA1,T827L,-0.770645
Omicron_BA1,T827N,-0.25185487
Omicron_BA1,T827P,0.0
Omicron_BA1,T827S,-0.23679714
Omicron_BA1,T827Y,-2.1842797
Omicron_BA1,L828F,0.13085894
Omicron_BA1,L828H,0.0
Omicron_BA1,L828I,0.15975043
Omicron_BA1,L828M,0.07246979
Omicron_BA1,L828P,-1.450403
Omicron_BA1,L828Q,-1.1615558
Omicron_BA1,L828V,0.0
Omicron_BA1,A829D,0.14258002
Omicron_BA1,A829G,0.13753694
Omicron_BA1,A829L,-0.1064715
Omicron_BA1,A829P,-0.039925516
Omicron_BA1,A829Q,-0.24429233
Omicron_BA1,A829S,0.082375266
Omicron_BA1,A829T,0.035030026
Omicron_BA1,A829V,-0.33129138
Omicron_BA1,D830E,-0.49807796
Omicron_BA1,D830G,-0.5234975
Omicron_BA1,D830H,-0.3239796
Omicron_BA1,D830K,-1.603351
Omicron_BA1,D830N,-0.31027794
Omicron_BA1,D830Q,-2.3234806
Omicron_BA1,D830R,-2.5131092
Omicron_BA1,D830T,-1.0359021
Omicron_BA1,D830V,-0.5463622
Omicron_BA1,D830Y,-1.1715473
Omicron_BA1,A831D,0.25788933
Omicron_BA1,A831G,0.4222717
Omicron_BA1,A831K,0.1100236
Omicron_BA1,A831S,0.09522641
Omicron_BA1,A831T,0.13027239
Omicron_BA1,A831V,-0.9139273
Omicron_BA1,A831-,0.91265
Omicron_BA1,G832C,-1.7197981
Omicron_BA1,G832D,-0.1276491
Omicron_BA1,G832F,-0.098263316
Omicron_BA1,G832N,-0.5712967
Omicron_BA1,G832S,-0.5308338
Omicron_BA1,G832V,-0.65905666
Omicron_BA1,G832-,-0.64997435
Omicron_BA1,F833H,0.1851025
Omicron_BA1,F833I,0.06873829
Omicron_BA1,F833L,-0.109502085
Omicron_BA1,F833S,-0.12140899
Omicron_BA1,F833V,-0.40408278
Omicron_BA1,F833W,-0.94576585
Omicron_BA1,F833Y,0.022113098
Omicron_BA1,F833-,-0.69758564
Omicron_BA1,I834F,-0.03260907
Omicron_BA1,I834L,0.12014313
Omicron_BA1,I834M,-0.024179082
Omicron_BA1,I834N,0.1752588
Omicron_BA1,I834S,-0.19166808
Omicron_BA1,I834T,0.07441154
Omicron_BA1,I834V,0.114190124
Omicron_BA1,I834-,-1.8506553
Omicron_BA1,K835E,0.0763163
Omicron_BA1,K835H,-0.061968815
Omicron_BA1,K835I,-0.13942292
Omicron_BA1,K835N,-0.32530436
Omicron_BA1,K835Q,-0.27936405
Omicron_BA1,K835R,-0.107508115
Omicron_BA1,K835T,0.04311376
Omicron_BA1,K835-,0.13606143
Omicron_BA1,Q836E,-0.15745522
Omicron_BA1,Q836H,-0.1599137
Omicron_BA1,Q836K,-0.28677005
Omicron_BA1,Q836L,-0.0008178982
Omicron_BA1,Q836M,0.00013177378
Omicron_BA1,Q836P,-0.07090836
Omicron_BA1,Q836R,-0.12112776
Omicron_BA1,Q836*,-2.677822
Omicron_BA1,Q836-,-1.9790512
Omicron_BA1,Y837C,-2.2193625
Omicron_BA1,Y837D,-0.38634142
Omicron_BA1,Y837F,-0.05692679
Omicron_BA1,Y837H,-0.32858565
Omicron_BA1,Y837L,-1.8966727
Omicron_BA1,Y837N,-1.4502176
Omicron_BA1,Y837S,-1.4167974
Omicron_BA1,Y837W,0.011738834
Omicron_BA1,Y837*,-1.67981
Omicron_BA1,Y837-,0.1831663
Omicron_BA1,G838A,0.11306402
Omicron_BA1,G838C,-1.1415678
Omicron_BA1,G838D,-0.065236196
Omicron_BA1,G838E,-0.15603928
Omicron_BA1,G838L,-1.2774453
Omicron_BA1,G838R,-0.1476435
Omicron_BA1,G838S,0.3516735
Omicron_BA1,G838V,-0.28629887
Omicron_BA1,G838*,-2.3767984
Omicron_BA1,G838-,0.53893894
Omicron_BA1,D839A,-0.72281367
Omicron_BA1,D839E,-0.24853039
Omicron_BA1,D839G,-1.2363584
Omicron_BA1,D839H,-1.1844985
Omicron_BA1,D839L,0.0
Omicron_BA1,D839N,-0.71559227
Omicron_BA1,D839S,-0.77569544
Omicron_BA1,D839T,-0.6812449
Omicron_BA1,D839V,-0.65731305
Omicron_BA1,D839Y,-0.10724742
Omicron_BA1,D839-,-0.6531442
Omicron_BA1,C840A,-2.5845606
Omicron_BA1,C840F,-2.3286023
Omicron_BA1,C840G,-2.084787
Omicron_BA1,C840H,0.0
Omicron_BA1,C840R,-0.78429836
Omicron_BA1,C840S,-4.4600644
Omicron_BA1,C840W,0.0
Omicron_BA1,C840Y,-1.7972032
Omicron_BA1,C840*,0.0
Omicron_BA1,C840-,-0.76470107
Omicron_BA1,L841F,-0.104004376
Omicron_BA1,L841I,0.017061492
Omicron_BA1,L841M,-0.12570451
Omicron_BA1,L841N,-1.0686662
Omicron_BA1,L841P,-1.8705705
Omicron_BA1,L841Q,-0.007178435
Omicron_BA1,L841R,-0.28080705
Omicron_BA1,L841V,-0.25568697
Omicron_BA1,L841-,-1.6255093
Omicron_BA1,G842C,-0.299435
Omicron_BA1,G842D,-0.08038165
Omicron_BA1,G842E,0.040514242
Omicron_BA1,G842N,0.094399035
Omicron_BA1,G842R,0.4231796
Omicron_BA1,G842S,0.00651136
Omicron_BA1,G842V,-0.10015337
Omicron_BA1,G842*,-4.4210467
Omicron_BA1,G842-,0.0
Omicron_BA1,D843A,0.14259008
Omicron_BA1,D843E,0.066789575
Omicron_BA1,D843G,0.28570482
Omicron_BA1,D843H,-0.22244196
Omicron_BA1,D843I,-0.7411616
Omicron_BA1,D843M,-0.20297751
Omicron_BA1,D843N,0.067995146
Omicron_BA1,D843V,0.0
Omicron_BA1,D843Y,-0.47806337
Omicron_BA1,D843-,0.0
Omicron_BA1,I844F,-0.34229243
Omicron_BA1,I844L,-0.0069146142
Omicron_BA1,I844M,-0.07320747
Omicron_BA1,I844N,0.5913957
Omicron_BA1,I844S,-0.43344086
Omicron_BA1,I844T,-0.09831552
Omicron_BA1,I844V,0.027133634
Omicron_BA1,A845C,-2.8352726
Omicron_BA1,A845D,-0.76215136
Omicron_BA1,A845E,-1.383359
Omicron_BA1,A845F,-1.0862808
Omicron_BA1,A845G,-0.11530595
Omicron_BA1,A845H,-0.609958
Omicron_BA1,A845I,-0.846182
Omicron_BA1,A845K,-0.452992
Omicron_BA1,A845L,-1.4922177
Omicron_BA1,A845M,-1.1063641
Omicron_BA1,A845N,-0.6997823
Omicron_BA1,A845P,-0.23748216
Omicron_BA1,A845Q,-0.59933084
Omicron_BA1,A845R,-0.9771235
Omicron_BA1,A845S,-0.304172
Omicron_BA1,A845T,-0.73163694
Omicron_BA1,A845V,-0.655135
Omicron_BA1,A845W,-1.4311637
Omicron_BA1,A845Y,-0.94937116
Omicron_BA1,A845*,-3.0940416
Omicron_BA1,A846C,-2.700393
Omicron_BA1,A846D,-2.9692798
Omicron_BA1,A846E,-1.9665425
Omicron_BA1,A846F,-0.890254
Omicron_BA1,A846G,-0.91582406
Omicron_BA1,A846H,-1.8409699
Omicron_BA1,A846I,-0.6892914
Omicron_BA1,A846K,-2.6195204
Omicron_BA1,A846L,-1.0763407
Omicron_BA1,A846M,-1.045091
Omicron_BA1,A846N,-2.1851792
Omicron_BA1,A846P,-0.019724803
Omicron_BA1,A846Q,-1.8713368
Omicron_BA1,A846R,-1.9468399
Omicron_BA1,A846S,-1.5738105
Omicron_BA1,A846T,-1.0027332
Omicron_BA1,A846V,-0.26690924
Omicron_BA1,A846W,-1.1319325
Omicron_BA1,A846Y,-0.94500226
Omicron_BA1,A846*,-4.551352
Omicron_BA1,R847G,-3.4003935
Omicron_BA1,R847I,-2.6634345
Omicron_BA1,R847K,-0.4934115
Omicron_BA1,R847L,-1.3807544
Omicron_BA1,R847M,-0.0344295
Omicron_BA1,R847N,-1.8574542
Omicron_BA1,R847S,-2.3027942
Omicron_BA1,R847T,-2.3022532
Omicron_BA1,R847W,-1.1266576
Omicron_BA1,D848E,-2.1025121
Omicron_BA1,D848G,-2.3718586
Omicron_BA1,D848N,-5.6938276
Omicron_BA1,D848P,-3.1111574
Omicron_BA1,D848V,-2.8139243
Omicron_BA1,D848Y,-1.569592
Omicron_BA1,L849F,-2.4024312
Omicron_BA1,L849H,-4.025229
Omicron_BA1,L849I,-1.6540596
Omicron_BA1,L849M,-1.0338202
Omicron_BA1,L849P,-3.6861575
Omicron_BA1,L849Q,0.0
Omicron_BA1,L849R,-2.0590591
Omicron_BA1,L849V,0.0
Omicron_BA1,I850F,-0.37336627
Omicron_BA1,I850L,-0.47994173
Omicron_BA1,I850M,0.3400884
Omicron_BA1,I850N,-1.6505363
Omicron_BA1,I850S,-1.464292
Omicron_BA1,I850T,-0.67466855
Omicron_BA1,I850V,-0.50490123
Omicron_BA1,I850-,0.0
Omicron_BA1,C851F,-1.140175
Omicron_BA1,C851I,-4.1277413
Omicron_BA1,C851L,-3.7386491
Omicron_BA1,C851R,-2.9786925
Omicron_BA1,C851S,-1.5239407
Omicron_BA1,C851V,-3.7412283
Omicron_BA1,C851Y,-1.6077539
Omicron_BA1,C851*,-1.5448164
Omicron_BA1,A852D,-0.597342
Omicron_BA1,A852E,-0.5609203
Omicron_BA1,A852G,-1.0127436
Omicron_BA1,A852H,-1.2042168
Omicron_BA1,A852L,0.12486142
Omicron_BA1,A852S,-0.6140747
Omicron_BA1,A852T,-0.046670582
Omicron_BA1,A852V,0.07514721
Omicron_BA1,Q853E,-0.52110654
Omicron_BA1,Q853H,0.029992692
Omicron_BA1,Q853K,-1.4272345
Omicron_BA1,Q853L,0.030358477
Omicron_BA1,Q853R,-0.28149876
Omicron_BA1,Q853*,-2.9293985
Omicron_BA1,K854E,-1.6744798
Omicron_BA1,K854G,0.0
Omicron_BA1,K854M,0.111633204
Omicron_BA1,K854N,-1.969134
Omicron_BA1,K854Q,-2.5680234
Omicron_BA1,K854R,0.00026123266
Omicron_BA1,K854S,-1.9301139
Omicron_BA1,K854T,-0.9698914
Omicron_BA1,K854*,-1.8595102
Omicron_BA1,F855I,-1.2881687
Omicron_BA1,F855L,0.105984636
Omicron_BA1,F855S,-0.48637545
Omicron_BA1,F855V,-3.0511215
Omicron_BA1,F855Y,-0.6969953
Omicron_BA1,K856A,-0.40766284
Omicron_BA1,K856C,-1.498329
Omicron_BA1,K856D,-2.219167
Omicron_BA1,K856E,-5.2028446
Omicron_BA1,K856F,-2.482612
Omicron_BA1,K856G,-2.2491753
Omicron_BA1,K856H,0.026439002
Omicron_BA1,K856I,-1.5448748
Omicron_BA1,K856L,-2.7718184
Omicron_BA1,K856M,-2.5347857
Omicron_BA1,K856N,-1.662917
Omicron_BA1,K856P,-2.6498818
Omicron_BA1,K856Q,-2.3946228
Omicron_BA1,K856R,-0.5187891
Omicron_BA1,K856S,-2.103473
Omicron_BA1,K856T,-1.8308424
Omicron_BA1,K856V,-0.66156226
Omicron_BA1,K856W,-0.0785773
Omicron_BA1,K856Y,-0.5873254
Omicron_BA1,K856*,-5.3537717
Omicron_BA1,K856-,-1.1279185
Omicron_BA1,G857A,-3.5047488
Omicron_BA1,G857C,-1.8222243
Omicron_BA1,G857E,-3.5354817
Omicron_BA1,G857K,0.0
Omicron_BA1,G857R,-2.9314542
Omicron_BA1,G857S,-3.2360852
Omicron_BA1,G857V,-2.1993747
Omicron_BA1,G857*,-2.7045567
Omicron_BA1,G857-,-2.6854572
Omicron_BA1,L858C,-2.3162327
Omicron_BA1,L858F,-2.1945295
Omicron_BA1,L858H,-3.3739274
Omicron_BA1,L858I,0.31886137
Omicron_BA1,L858M,-0.26497307
Omicron_BA1,L858P,-2.844193
Omicron_BA1,L858V,-0.35044205
Omicron_BA1,L858-,-2.349101
Omicron_BA1,T859A,-0.57845706
Omicron_BA1,T859C,-1.3547938
Omicron_BA1,T859D,-0.74528277
Omicron_BA1,T859E,-0.13322589
Omicron_BA1,T859F,-0.36827138
Omicron_BA1,T859G,0.3595694
Omicron_BA1,T859H,-0.5413285
Omicron_BA1,T859I,-1.7679076
Omicron_BA1,T859K,-2.3153336
Omicron_BA1,T859L,-1.0979106
Omicron_BA1,T859M,-0.7088706
Omicron_BA1,T859N,-0.14276557
Omicron_BA1,T859P,-6.4965324
Omicron_BA1,T859Q,-0.87587315
Omicron_BA1,T859R,-1.8541003
Omicron_BA1,T859S,-0.11591788
Omicron_BA1,T859V,-0.5203803
Omicron_BA1,T859W,-0.81260043
Omicron_BA1,T859Y,-0.9759727
Omicron_BA1,T859*,-3.4220672
Omicron_BA1,T859-,-2.053288
Omicron_BA1,V860A,-0.36451933
Omicron_BA1,V860D,-1.8759978
Omicron_BA1,V860F,0.5598658
Omicron_BA1,V860G,-2.1178377
Omicron_BA1,V860I,0.052481163
Omicron_BA1,V860L,0.25410432
Omicron_BA1,V860M,0.15225506
Omicron_BA1,V860Q,-0.47601098
Omicron_BA1,V860S,-2.5967464
Omicron_BA1,V860-,-2.2782662
Omicron_BA1,L861C,-2.8218007
Omicron_BA1,L861F,-1.004856
Omicron_BA1,L861M,-0.3052999
Omicron_BA1,L861P,-3.052957
Omicron_BA1,L861Q,-0.6086042
Omicron_BA1,L861R,-1.163074
Omicron_BA1,L861S,-0.9819855
Omicron_BA1,L861V,-0.22014551
Omicron_BA1,P862A,-0.47796553
Omicron_BA1,P862H,-0.79704434
Omicron_BA1,P862K,-1.8762721
Omicron_BA1,P862L,-0.25590536
Omicron_BA1,P862Q,-0.3969894
Omicron_BA1,P862S,-0.8033811
Omicron_BA1,P862T,-0.33027825
Omicron_BA1,P863H,-1.9558873
Omicron_BA1,P863L,-1.5827222
Omicron_BA1,P863Q,-0.2473203
Omicron_BA1,P863S,-0.5435227
Omicron_BA1,P863T,-1.5199893
Omicron_BA1,L864F,-2.2522132
Omicron_BA1,L864M,-1.0985725
Omicron_BA1,L864P,-0.49109578
Omicron_BA1,L864Q,-0.33821476
Omicron_BA1,L864S,-2.4280543
Omicron_BA1,L864V,-1.4315695
Omicron_BA1,L864Y,-3.0338123
Omicron_BA1,L865C,-1.9699247
Omicron_BA1,L865F,-0.15346777
Omicron_BA1,L865I,-0.087260045
Omicron_BA1,L865M,-0.07003148
Omicron_BA1,L865P,-3.287101
Omicron_BA1,L865Q,0.0
Omicron_BA1,T866A,-2.3261054
Omicron_BA1,T866C,-1.8762873
Omicron_BA1,T866E,-1.1703275
Omicron_BA1,T866F,-3.3670774
Omicron_BA1,T866I,-1.9724796
Omicron_BA1,T866K,-1.1522554
Omicron_BA1,T866N,-0.3944857
Omicron_BA1,T866S,-1.371696
Omicron_BA1,T866-,-0.19965588
Omicron_BA1,D867A,-0.264186
Omicron_BA1,D867E,-0.8676566
Omicron_BA1,D867G,-0.698545
Omicron_BA1,D867H,0.0
Omicron_BA1,D867N,-0.35402226
Omicron_BA1,D867S,-0.89264506
Omicron_BA1,D867T,-0.5708671
Omicron_BA1,D867Y,-0.9224762
Omicron_BA1,D867-,0.0
Omicron_BA1,E868A,0.29876643
Omicron_BA1,E868D,-0.41500464
Omicron_BA1,E868G,-0.09795029
Omicron_BA1,E868K,-0.59954345
Omicron_BA1,E868L,-0.1365507
Omicron_BA1,E868Q,-0.0989385
Omicron_BA1,E868S,0.33970255
Omicron_BA1,E868T,-0.07890654
Omicron_BA1,E868V,-0.12878992
Omicron_BA1,E868*,-2.4089234
Omicron_BA1,E868-,0.0
Omicron_BA1,M869F,-3.1007285
Omicron_BA1,M869I,-2.0060725
Omicron_BA1,M869K,-2.4664507
Omicron_BA1,M869L,-2.037772
Omicron_BA1,M869T,-2.36804
Omicron_BA1,M869V,-2.420928
Omicron_BA1,M869-,0.0
Omicron_BA1,I870A,-2.3574417
Omicron_BA1,I870H,-1.7189966
Omicron_BA1,I870K,-4.1453547
Omicron_BA1,I870L,-0.055643316
Omicron_BA1,I870M,0.0
Omicron_BA1,I870N,-1.4420196
Omicron_BA1,I870S,-3.0554223
Omicron_BA1,I870T,-0.66730917
Omicron_BA1,I870V,-0.29958475
Omicron_BA1,A871C,-0.6364251
Omicron_BA1,A871D,-1.7183206
Omicron_BA1,A871G,0.0
Omicron_BA1,A871H,-3.9819252
Omicron_BA1,A871I,0.0
Omicron_BA1,A871S,-2.0294785
Omicron_BA1,A871T,-1.6721474
Omicron_BA1,A871V,-0.7692332
Omicron_BA1,Q872E,0.25445023
Omicron_BA1,Q872H,-3.9641533
Omicron_BA1,Q872K,-2.5856805
Omicron_BA1,Q872L,0.4575173
Omicron_BA1,Q872R,-2.9935496
Omicron_BA1,Q872*,-1.8515722
Omicron_BA1,Y873C,-4.0710897
Omicron_BA1,Y873D,-1.0509512
Omicron_BA1,Y873H,-2.0621285
Omicron_BA1,Y873L,-3.7452266
Omicron_BA1,Y873N,0.0
Omicron_BA1,Y873R,-1.6927068
Omicron_BA1,Y873S,-2.9146426
Omicron_BA1,Y873*,-2.7537057
Omicron_BA1,T874A,-1.1885263
Omicron_BA1,T874I,-0.4425271
Omicron_BA1,T874L,-2.5406525
Omicron_BA1,T874N,-2.2950711
Omicron_BA1,T874P,-2.6622279
Omicron_BA1,T874S,-0.6736849
Omicron_BA1,T874V,-0.27036172
Omicron_BA1,S875A,0.63168895
Omicron_BA1,S875D,-4.323301
Omicron_BA1,S875F,-2.414948
Omicron_BA1,S875P,-3.355258
Omicron_BA1,S875Q,-3.5383525
Omicron_BA1,S875T,-1.1216208
Omicron_BA1,S875Y,-1.9339381
Omicron_BA1,A876C,-2.6469362
Omicron_BA1,A876D,-2.4551563
Omicron_BA1,A876L,-2.8524292
Omicron_BA1,A876S,0.55596226
Omicron_BA1,A876T,-1.2755291
Omicron_BA1,A876V,-2.2229145
Omicron_BA1,L877M,-0.16761051
Omicron_BA1,L877P,-5.252407
Omicron_BA1,L877T,-2.3934445
Omicron_BA1,L877V,0.0
Omicron_BA1,L877-,0.0
Omicron_BA1,L878H,-3.2415657
Omicron_BA1,L878I,-0.18433283
Omicron_BA1,L878M,0.39972454
Omicron_BA1,L878P,-1.7388647
Omicron_BA1,L878Q,-0.37128344
Omicron_BA1,L878S,-1.2491181
Omicron_BA1,L878V,-0.3939408
Omicron_BA1,A879C,-1.7064527
Omicron_BA1,A879D,-3.5726776
Omicron_BA1,A879E,0.0
Omicron_BA1,A879F,-2.0545766
Omicron_BA1,A879G,-1.5787084
Omicron_BA1,A879H,-3.748192
Omicron_BA1,A879P,-3.7721949
Omicron_BA1,A879S,-0.36517176
Omicron_BA1,A879T,-1.4176216
Omicron_BA1,A879V,-0.8016052
Omicron_BA1,G880A,0.0
Omicron_BA1,G880C,-2.2478704
Omicron_BA1,G880D,-3.303142
Omicron_BA1,G880F,-3.8044608
Omicron_BA1,G880R,-1.5887289
Omicron_BA1,G880S,-2.7385845
Omicron_BA1,G880V,-1.2908456
Omicron_BA1,T881A,-0.71310794
Omicron_BA1,T881C,-0.6066801
Omicron_BA1,T881I,-0.24558432
Omicron_BA1,T881N,-0.7764284
Omicron_BA1,T881P,-3.6635077
Omicron_BA1,T881R,-4.0126987
Omicron_BA1,T881S,0.0
Omicron_BA1,T881-,-1.6831076
Omicron_BA1,I882F,-2.2329402
Omicron_BA1,I882L,-0.3184724
Omicron_BA1,I882N,-1.9972247
Omicron_BA1,I882S,-1.0436308
Omicron_BA1,I882T,-3.5898788
Omicron_BA1,I882V,-2.0508463
Omicron_BA1,T883A,-1.8965638
Omicron_BA1,T883I,0.1814767
Omicron_BA1,T883N,-3.4252954
Omicron_BA1,T883Q,-2.5589497
Omicron_BA1,T883S,-1.9481648
Omicron_BA1,T883V,0.19632468
Omicron_BA1,S884A,-0.52258825
Omicron_BA1,S884C,-0.013801411
Omicron_BA1,S884F,-0.9290324
Omicron_BA1,S884I,0.0
Omicron_BA1,S884P,-5.3245416
Omicron_BA1,S884Q,-3.575702
Omicron_BA1,S884T,-0.08082557
Omicron_BA1,S884Y,-1.1010646
Omicron_BA1,S884-,-1.1602278
Omicron_BA1,G885A,-0.7178251
Omicron_BA1,G885C,-1.9295301
Omicron_BA1,G885D,0.14491321
Omicron_BA1,G885E,-0.20504089
Omicron_BA1,G885K,-2.513209
Omicron_BA1,G885S,-0.77448756
Omicron_BA1,G885V,-0.73481673
Omicron_BA1,G885Y,0.0
Omicron_BA1,G885-,-0.14577523
Omicron_BA1,W886C,-0.96055925
Omicron_BA1,W886F,-0.21206188
Omicron_BA1,W886G,-1.0532179
Omicron_BA1,W886L,0.1647604
Omicron_BA1,W886R,-3.0955515
Omicron_BA1,W886Y,-0.39758402
Omicron_BA1,W886*,-2.5061717
Omicron_BA1,T887A,-1.6248914
Omicron_BA1,T887H,0.0
Omicron_BA1,T887I,-2.0618505
Omicron_BA1,T887L,-2.3881998
Omicron_BA1,T887N,-4.068354
Omicron_BA1,T887P,-1.480571
Omicron_BA1,T887S,0.7161462
Omicron_BA1,T887-,-1.5707068
Omicron_BA1,F888A,-0.31592354
Omicron_BA1,F888C,-0.36202207
Omicron_BA1,F888D,-0.64504695
Omicron_BA1,F888I,-0.29495895
Omicron_BA1,F888L,-0.6994875
Omicron_BA1,F888S,-1.954054
Omicron_BA1,F888V,-0.13833696
Omicron_BA1,F888Y,-0.16797484
Omicron_BA1,F888-,0.39843714
Omicron_BA1,G889A,0.021439666
Omicron_BA1,G889C,-0.95026374
Omicron_BA1,G889D,0.0
Omicron_BA1,G889E,-3.4603593
Omicron_BA1,G889L,-3.1331332
Omicron_BA1,G889R,-2.9655788
Omicron_BA1,G889S,-0.22382885
Omicron_BA1,G889V,-1.8904434
Omicron_BA1,G889W,-2.954301
Omicron_BA1,G889*,-2.6820164
Omicron_BA1,G889-,-1.1542972
Omicron_BA1,A890C,-0.83792883
Omicron_BA1,A890E,-1.9207479
Omicron_BA1,A890G,0.0
Omicron_BA1,A890L,0.03555475
Omicron_BA1,A890S,-1.1988153
Omicron_BA1,A890T,-0.4793016
Omicron_BA1,A890V,0.48820403
Omicron_BA1,A890-,-0.035444595
Omicron_BA1,G891A,-1.3364525
Omicron_BA1,G891D,-4.801816
Omicron_BA1,G891E,-3.3645258
Omicron_BA1,G891I,0.0
Omicron_BA1,G891M,-3.2228892
Omicron_BA1,G891R,-3.3524144
Omicron_BA1,G891S,-2.305264
Omicron_BA1,G891V,-1.7069016
Omicron_BA1,G891*,-0.8401866
Omicron_BA1,A892C,-2.9511828
Omicron_BA1,A892E,-1.7603219
Omicron_BA1,A892G,0.16145621
Omicron_BA1,A892P,-3.5423486
Omicron_BA1,A892S,-0.14945354
Omicron_BA1,A892T,-0.40633944
Omicron_BA1,A892V,-0.4424789
Omicron_BA1,A893D,0.0
Omicron_BA1,A893E,-2.7597578
Omicron_BA1,A893G,0.0
Omicron_BA1,A893L,-0.2256433
Omicron_BA1,A893P,-0.1715378
Omicron_BA1,A893S,-2.4166384
Omicron_BA1,A893T,-2.6778681
Omicron_BA1,A893V,-2.1219795
Omicron_BA1,L894F,-0.31702566
Omicron_BA1,L894H,-2.6553237
Omicron_BA1,L894I,-1.9096513
Omicron_BA1,L894P,-4.639318
Omicron_BA1,L894R,-1.9906199
Omicron_BA1,L894S,-1.1870804
Omicron_BA1,L894V,-3.3191154
Omicron_BA1,Q895H,-0.5766325
Omicron_BA1,Q895K,-1.9700922
Omicron_BA1,Q895R,-2.1602528
Omicron_BA1,Q895*,-2.273462
Omicron_BA1,I896L,-0.6347125
Omicron_BA1,I896M,-2.166571
Omicron_BA1,I896N,-1.641479
Omicron_BA1,I896R,-3.4032643
Omicron_BA1,I896S,0.0
Omicron_BA1,I896T,-3.2919278
Omicron_BA1,I896V,-2.4588861
Omicron_BA1,P897K,-3.6757987
Omicron_BA1,P897L,-2.9822104
Omicron_BA1,P897M,-3.5349348
Omicron_BA1,P897Q,-2.8558302
Omicron_BA1,P897S,-1.2785031
Omicron_BA1,P897T,-2.3203948
Omicron_BA1,F898L,0.0
Omicron_BA1,F898S,0.0
Omicron_BA1,F898Y,0.0
Omicron_BA1,A899D,-1.3748424
Omicron_BA1,A899L,-2.8733296
Omicron_BA1,A899N,-1.1875294
Omicron_BA1,A899P,0.0
Omicron_BA1,A899S,-0.3074589
Omicron_BA1,A899T,-1.2582947
Omicron_BA1,A899V,-0.47937065
Omicron_BA1,M900I,-1.3311474
Omicron_BA1,M900K,-2.7328591
Omicron_BA1,M900L,-0.95597064
Omicron_BA1,M900N,-4.180704
Omicron_BA1,M900Q,-3.3217201
Omicron_BA1,M900T,-2.3532033
Omicron_BA1,M900V,1.016847
Omicron_BA1,M900-,-0.74328566
Omicron_BA1,Q901H,-0.29279593
Omicron_BA1,Q901K,-2.0702598
Omicron_BA1,Q901L,0.0
Omicron_BA1,Q901R,-4.1271415
Omicron_BA1,Q901T,-3.1321685
Omicron_BA1,Q901V,-2.6733193
Omicron_BA1,Q901*,-3.618198
Omicron_BA1,Q901-,-0.47821105
Omicron_BA1,M902I,-2.824613
Omicron_BA1,M902K,-2.236216
Omicron_BA1,M902L,-1.8226936
Omicron_BA1,M902T,0.0
Omicron_BA1,M902V,-1.4282429
Omicron_BA1,A903C,-2.4099553
Omicron_BA1,A903D,-2.831402
Omicron_BA1,A903G,-0.16737653
Omicron_BA1,A903H,-2.1101394
Omicron_BA1,A903L,0.0
Omicron_BA1,A903P,-1.7219176
Omicron_BA1,A903S,-1.7710238
Omicron_BA1,A903T,-3.5687273
Omicron_BA1,Y904C,-1.656238
Omicron_BA1,Y904F,0.14172584
Omicron_BA1,Y904H,-0.28709957
Omicron_BA1,Y904N,-0.76608884
Omicron_BA1,Y904*,-2.3068495
Omicron_BA1,R905G,-3.968115
Omicron_BA1,R905K,-3.5188382
Omicron_BA1,R905M,-3.8553617
Omicron_BA1,R905S,-1.8759055
Omicron_BA1,R905W,-2.3407927
Omicron_BA1,F906I,-1.6465019
Omicron_BA1,F906L,-2.1726778
Omicron_BA1,F906S,-2.5404258
Omicron_BA1,F906Y,-4.0997343
Omicron_BA1,N907D,-1.5685447
Omicron_BA1,N907F,0.0
Omicron_BA1,N907G,0.0
Omicron_BA1,N907H,-0.9408765
Omicron_BA1,N907K,-2.5059578
Omicron_BA1,N907S,0.3174214
Omicron_BA1,N907T,0.19184752
Omicron_BA1,N907Y,-1.2757939
Omicron_BA1,G908A,0.3449446
Omicron_BA1,G908C,-0.51635855
Omicron_BA1,G908D,-2.9439347
Omicron_BA1,G908S,0.053140488
Omicron_BA1,G908V,-2.0982635
Omicron_BA1,I909L,-3.2258172
Omicron_BA1,I909M,-2.1679087
Omicron_BA1,I909N,-1.8787178
Omicron_BA1,I909T,0.0
Omicron_BA1,I909V,-0.17537585
Omicron_BA1,G910A,-0.11320217
Omicron_BA1,G910E,-1.5233538
Omicron_BA1,G910R,-2.1689935
Omicron_BA1,G910V,-2.6024318
Omicron_BA1,G910*,-2.6686785
Omicron_BA1,V911A,0.0
Omicron_BA1,V911E,-1.7193938
Omicron_BA1,V911I,-0.9017453
Omicron_BA1,V911L,-1.8210456
Omicron_BA1,V911M,-2.7362068
Omicron_BA1,T912A,-1.3012952
Omicron_BA1,T912I,-2.5638793
Omicron_BA1,T912K,-1.3618641
Omicron_BA1,T912L,-2.5815558
Omicron_BA1,T912N,-0.5697898
Omicron_BA1,Q913E,0.040334582
Omicron_BA1,Q913H,-3.233466
Omicron_BA1,Q913K,-1.737796
Omicron_BA1,Q913L,-1.8665463
Omicron_BA1,Q913P,-1.7929276
Omicron_BA1,Q913R,-2.3277342
Omicron_BA1,Q913*,-1.3400668
Omicron_BA1,N914C,-2.0275471
Omicron_BA1,N914D,-2.70773
Omicron_BA1,N914G,0.0
Omicron_BA1,N914H,0.0
Omicron_BA1,N914I,-0.784719
Omicron_BA1,N914K,-1.3460689
Omicron_BA1,N914S,-2.530192
Omicron_BA1,N914Y,-3.249473
Omicron_BA1,V915A,-0.24102467
Omicron_BA1,V915E,-2.8250887
Omicron_BA1,V915F,-3.1862054
Omicron_BA1,V915I,-0.36079383
Omicron_BA1,V915L,-3.3208451
Omicron_BA1,V915M,-1.6930673
Omicron_BA1,V915S,-2.496711
Omicron_BA1,L916F,-1.9252787
Omicron_BA1,L916I,-1.2570075
Omicron_BA1,L916P,0.0
Omicron_BA1,Y917C,-1.214322
Omicron_BA1,Y917F,-0.22708033
Omicron_BA1,Y917H,-2.5917099
Omicron_BA1,Y917N,-0.71155643
Omicron_BA1,Y917P,-2.0040252
Omicron_BA1,Y917*,-1.5533135
Omicron_BA1,E918A,-0.16436546
Omicron_BA1,E918D,-2.0966957
Omicron_BA1,E918G,-1.6956378
Omicron_BA1,E918K,-1.0739503
Omicron_BA1,E918Q,0.51054865
Omicron_BA1,E918T,-2.0403628
Omicron_BA1,E918V,-1.6086822
Omicron_BA1,E918*,-3.0079274
Omicron_BA1,N919D,0.0
Omicron_BA1,N919K,-0.94706947
Omicron_BA1,N919S,-2.0871973
Omicron_BA1,Q920E,-0.9500032
Omicron_BA1,Q920H,-1.6392357
Omicron_BA1,Q920K,-3.735325
Omicron_BA1,Q920L,-1.0677867
Omicron_BA1,Q920P,-2.3975058
Omicron_BA1,Q920R,-2.0964074
Omicron_BA1,Q920*,-2.1203167
Omicron_BA1,K921E,0.23672548
Omicron_BA1,K921I,0.1723
Omicron_BA1,K921N,-0.06331435
Omicron_BA1,K921R,0.08880036
Omicron_BA1,K921T,0.0
Omicron_BA1,L922F,-0.070056416
Omicron_BA1,L922I,-0.9047615
Omicron_BA1,L922M,0.06476468
Omicron_BA1,L922P,-3.0800178
Omicron_BA1,L922Q,1.7230116
Omicron_BA1,L922S,0.19852255
Omicron_BA1,L922V,-0.54997426
Omicron_BA1,L922W,0.0
Omicron_BA1,I923D,-2.6030467
Omicron_BA1,I923L,-2.8252084
Omicron_BA1,I923M,-0.44451904
Omicron_BA1,I923N,-2.5224633
Omicron_BA1,I923S,0.0
Omicron_BA1,I923T,0.0
Omicron_BA1,I923V,0.28025448
Omicron_BA1,A924C,-3.288367
Omicron_BA1,A924D,-1.5303308
Omicron_BA1,A924L,-2.677556
Omicron_BA1,A924S,-0.37463394
Omicron_BA1,A924T,-1.8032987
Omicron_BA1,A924V,-1.6698992
Omicron_BA1,N925A,-0.34536448
Omicron_BA1,N925D,-0.07732008
Omicron_BA1,N925I,-1.1923172
Omicron_BA1,N925K,-0.8987513
Omicron_BA1,N925Q,-0.09863341
Omicron_BA1,N925S,-0.23856787
Omicron_BA1,N925T,-0.38140494
Omicron_BA1,N925Y,-0.25321707
Omicron_BA1,N925-,0.0
Omicron_BA1,Q926E,-0.29740548
Omicron_BA1,Q926H,-0.8292127
Omicron_BA1,Q926K,-0.93077815
Omicron_BA1,Q926L,-0.03803473
Omicron_BA1,Q926N,-2.4994166
Omicron_BA1,Q926P,-2.1617618
Omicron_BA1,Q926R,-1.2781525
Omicron_BA1,Q926*,-0.84558284
Omicron_BA1,Q926-,0.0
Omicron_BA1,F927I,-2.213819
Omicron_BA1,F927L,-1.6554632
Omicron_BA1,F927S,-1.3773808
Omicron_BA1,F927V,0.0
Omicron_BA1,F927-,1.1209626
Omicron_BA1,N928D,-1.4450674
Omicron_BA1,N928G,0.0
Omicron_BA1,N928I,-3.7539723
Omicron_BA1,N928K,-4.1473
Omicron_BA1,N928S,-2.174449
Omicron_BA1,N928Y,-2.108206
Omicron_BA1,N928-,-1.3466017
Omicron_BA1,S929C,0.0
Omicron_BA1,S929F,-0.44230214
Omicron_BA1,S929G,-0.04489865
Omicron_BA1,S929I,-0.023631707
Omicron_BA1,S929N,-0.10443098
Omicron_BA1,S929P,-1.8691849
Omicron_BA1,S929R,-0.33309248
Omicron_BA1,S929T,-0.088522896
Omicron_BA1,S929V,-0.5933629
Omicron_BA1,S929Y,-0.1079173
Omicron_BA1,S929-,-0.9691022
Omicron_BA1,A930C,-0.52237684
Omicron_BA1,A930D,-0.71058226
Omicron_BA1,A930G,0.0
Omicron_BA1,A930H,-0.3690643
Omicron_BA1,A930L,-1.8686365
Omicron_BA1,A930P,0.0
Omicron_BA1,A930R,-1.1172173
Omicron_BA1,A930S,-2.8701973
Omicron_BA1,A930T,-4.0453763
Omicron_BA1,A930V,-2.5533497
Omicron_BA1,A930-,-0.062573105
Omicron_BA1,I931F,-0.19502582
Omicron_BA1,I931L,0.1617986
Omicron_BA1,I931M,-0.11496959
Omicron_BA1,I931N,-2.0631378
Omicron_BA1,I931S,0.0
Omicron_BA1,I931T,-1.9669218
Omicron_BA1,I931V,-0.6717655
Omicron_BA1,I931Y,-2.6288946
Omicron_BA1,I931-,1.142612
Omicron_BA1,G932A,0.025579767
Omicron_BA1,G932C,-0.07754078
Omicron_BA1,G932D,0.33393943
Omicron_BA1,G932L,0.19926968
Omicron_BA1,G932R,-0.16922367
Omicron_BA1,G932S,-0.024563616
Omicron_BA1,G932T,0.2052839
Omicron_BA1,G932V,0.09520996
Omicron_BA1,G932W,0.18278828
Omicron_BA1,G932-,-2.9382727
Omicron_BA1,K933E,0.31665176
Omicron_BA1,K933G,-0.47942892
Omicron_BA1,K933I,-0.11346457
Omicron_BA1,K933N,0.1500945
Omicron_BA1,K933P,0.0
Omicron_BA1,K933Q,0.08744597
Omicron_BA1,K933R,0.2890727
Omicron_BA1,K933-,-0.5252877
Omicron_BA1,I934F,0.16794725
Omicron_BA1,I934L,0.050442193
Omicron_BA1,I934M,-0.4139293
Omicron_BA1,I934N,-3.326161
Omicron_BA1,I934Q,-1.1381017
Omicron_BA1,I934T,-0.2192934
Omicron_BA1,I934V,0.14057098
Omicron_BA1,I934-,-2.3390913
Omicron_BA1,Q935E,-0.07022262
Omicron_BA1,Q935H,0.18247235
Omicron_BA1,Q935K,0.084613524
Omicron_BA1,Q935L,-0.09618035
Omicron_BA1,Q935P,-0.2548899
Omicron_BA1,Q935R,-0.015510857
Omicron_BA1,Q935S,0.24992809
Omicron_BA1,Q935*,-1.7653656
Omicron_BA1,Q935-,-2.9703867
Omicron_BA1,D936A,-0.09607778
Omicron_BA1,D936C,-0.37863734
Omicron_BA1,D936E,0.07495801
Omicron_BA1,D936F,-0.14045988
Omicron_BA1,D936G,-0.49999946
Omicron_BA1,D936H,-0.13077174
Omicron_BA1,D936I,-0.06474629
Omicron_BA1,D936K,-0.09447063
Omicron_BA1,D936L,-0.01760517
Omicron_BA1,D936M,0.035419527
Omicron_BA1,D936N,-0.13209732
Omicron_BA1,D936P,-1.3391421
Omicron_BA1,D936Q,-0.24887972
Omicron_BA1,D936R,-0.04958192
Omicron_BA1,D936S,-0.1498899
Omicron_BA1,D936T,-0.06020115
Omicron_BA1,D936V,-0.052701537
Omicron_BA1,D936W,-0.25321904
Omicron_BA1,D936Y,-0.14093012
Omicron_BA1,D936*,-4.2523885
Omicron_BA1,D936-,-1.880712
Omicron_BA1,S937A,-0.70241684
Omicron_BA1,S937C,-0.26745012
Omicron_BA1,S937F,-0.09467752
Omicron_BA1,S937H,0.28597656
Omicron_BA1,S937L,-0.12696227
Omicron_BA1,S937P,-1.5740902
Omicron_BA1,S937T,0.18773882
Omicron_BA1,S937Y,0.28879783
Omicron_BA1,S937-,-0.9982265
Omicron_BA1,L938F,-0.24567828
Omicron_BA1,L938I,-0.34993777
Omicron_BA1,L938M,-0.30849594
Omicron_BA1,L938P,-2.2927766
Omicron_BA1,L938Q,-0.99192685
Omicron_BA1,L938R,-1.7703999
Omicron_BA1,L938T,-2.1602454
Omicron_BA1,L938V,-0.8546476
Omicron_BA1,L938-,-0.1835012
Omicron_BA1,S939A,0.11181494
Omicron_BA1,S939C,-0.43887338
Omicron_BA1,S939D,-0.24395052
Omicron_BA1,S939E,-0.0351166
Omicron_BA1,S939F,-1.9618351
Omicron_BA1,S939G,-0.027556777
Omicron_BA1,S939H,-0.38225338
Omicron_BA1,S939I,-0.26530296
Omicron_BA1,S939K,-0.30758518
Omicron_BA1,S939L,-0.6743837
Omicron_BA1,S939M,-0.053970434
Omicron_BA1,S939N,0.105555736
Omicron_BA1,S939P,-2.653644
Omicron_BA1,S939Q,-0.009381652
Omicron_BA1,S939R,-0.2580006
Omicron_BA1,S939T,-0.38219342
Omicron_BA1,S939V,-0.51016545
Omicron_BA1,S939W,-0.84806174
Omicron_BA1,S939Y,-0.7114398
Omicron_BA1,S939*,-5.1469455
Omicron_BA1,S939-,-0.8271021
Omicron_BA1,S940A,-0.19272153
Omicron_BA1,S940C,-0.3442159
Omicron_BA1,S940F,-0.29489985
Omicron_BA1,S940G,-0.21389279
Omicron_BA1,S940I,-0.35677508
Omicron_BA1,S940N,-0.06354506
Omicron_BA1,S940P,0.29043382
Omicron_BA1,S940R,-0.02065099
Omicron_BA1,S940T,-0.011225384
Omicron_BA1,S940Y,-0.36553645
Omicron_BA1,S940-,-0.07083993
Omicron_BA1,T941A,-0.5042326
Omicron_BA1,T941C,-0.35589942
Omicron_BA1,T941F,-2.0937145
Omicron_BA1,T941I,-2.0739284
Omicron_BA1,T941K,-0.0843821
Omicron_BA1,T941P,0.12676483
Omicron_BA1,T941S,0.23904677
Omicron_BA1,T941-,-0.62145734
Omicron_BA1,A942D,0.3652125
Omicron_BA1,A942G,0.0
Omicron_BA1,A942K,0.35714093
Omicron_BA1,A942S,0.06457577
Omicron_BA1,A942T,0.028854543
Omicron_BA1,A942V,0.011915572
Omicron_BA1,A942-,-0.41381812
Omicron_BA1,S943A,-0.06957678
Omicron_BA1,S943C,-0.059859883
Omicron_BA1,S943D,0.23466736
Omicron_BA1,S943E,0.056746986
Omicron_BA1,S943F,0.13785945
Omicron_BA1,S943G,0.07266695
Omicron_BA1,S943H,0.094330944
Omicron_BA1,S943I,-0.22500233
Omicron_BA1,S943K,0.043449726
Omicron_BA1,S943L,-0.16255656
Omicron_BA1,S943M,-0.03861268
Omicron_BA1,S943N,0.2604158
Omicron_BA1,S943P,0.4151496
Omicron_BA1,S943Q,-0.13215801
Omicron_BA1,S943R,-0.22092289
Omicron_BA1,S943T,0.15062895
Omicron_BA1,S943V,-0.15168114
Omicron_BA1,S943W,0.004546832
Omicron_BA1,S943Y,0.080222055
Omicron_BA1,S943*,-2.749562
Omicron_BA1,S943-,-0.89496803
Omicron_BA1,A944C,0.042790204
Omicron_BA1,A944D,-0.8448091
Omicron_BA1,A944P,0.9531299
Omicron_BA1,A944R,0.0
Omicron_BA1,A944S,0.19202825
Omicron_BA1,A944T,0.21925414
Omicron_BA1,A944V,0.14425713
Omicron_BA1,A944-,-0.09678362
Omicron_BA1,L945C,0.048104886
Omicron_BA1,L945F,-1.0462455
Omicron_BA1,L945I,0.084964685
Omicron_BA1,L945M,-0.3959266
Omicron_BA1,L945P,-3.654101
Omicron_BA1,L945Q,-1.923095
Omicron_BA1,L945R,-1.3971925
Omicron_BA1,L945S,-1.1603072
Omicron_BA1,L945T,0.42026743
Omicron_BA1,L945V,-0.28546977
Omicron_BA1,L945-,-0.38445213
Omicron_BA1,G946A,-0.059441168
Omicron_BA1,G946C,0.094634265
Omicron_BA1,G946D,0.22210056
Omicron_BA1,G946E,0.33753297
Omicron_BA1,G946R,-0.087097384
Omicron_BA1,G946S,-0.04048907
Omicron_BA1,G946T,-0.33609778
Omicron_BA1,G946V,-0.1715122
Omicron_BA1,G946W,-0.058053486
Omicron_BA1,K947E,0.07390344
Omicron_BA1,K947I,0.47020704
Omicron_BA1,K947N,-0.40022078
Omicron_BA1,K947Q,0.32616836
Omicron_BA1,K947R,0.15160164
Omicron_BA1,K947T,0.20589541
Omicron_BA1,L948F,-2.4318767
Omicron_BA1,L948H,-1.635847
Omicron_BA1,L948I,-0.06658127
Omicron_BA1,L948M,-2.4925518
Omicron_BA1,L948P,-3.4612083
Omicron_BA1,Q949E,-0.38188735
Omicron_BA1,Q949H,-0.24823175
Omicron_BA1,Q949K,-0.60407895
Omicron_BA1,Q949L,-0.05577843
Omicron_BA1,Q949R,-1.3315688
Omicron_BA1,Q949*,0.0
Omicron_BA1,D950A,-0.08817594
Omicron_BA1,D950C,-1.0975106
Omicron_BA1,D950E,-0.20787165
Omicron_BA1,D950F,-1.0121155
Omicron_BA1,D950G,-0.60498977
Omicron_BA1,D950H,-0.3780969
Omicron_BA1,D950I,-0.978745
Omicron_BA1,D950K,-0.47046885
Omicron_BA1,D950L,-0.5323064
Omicron_BA1,D950M,-0.38050595
Omicron_BA1,D950N,-0.16676752
Omicron_BA1,D950P,-4.186791
Omicron_BA1,D950Q,-0.23862302
Omicron_BA1,D950R,-0.53431225
Omicron_BA1,D950S,-0.341244
Omicron_BA1,D950T,-0.39660057
Omicron_BA1,D950V,-0.7665209
Omicron_BA1,D950W,-1.0677449
Omicron_BA1,D950Y,-0.97348154
Omicron_BA1,D950*,-3.4751644
Omicron_BA1,V951A,-1.4293259
Omicron_BA1,V951E,-0.5610961
Omicron_BA1,V951G,0.0
Omicron_BA1,V951L,-0.86334926
Omicron_BA1,V951M,-0.48888272
Omicron_BA1,V952A,-0.09333445
Omicron_BA1,V952C,-3.0067832
Omicron_BA1,V952F,-0.95035094
Omicron_BA1,V952H,-2.333447
Omicron_BA1,V952I,0.0624674
Omicron_BA1,V952L,-1.1241792
Omicron_BA1,V952M,-0.49175227
Omicron_BA1,V952N,-1.0611928
Omicron_BA1,N953D,0.41267928
Omicron_BA1,N953G,0.0
Omicron_BA1,N953I,0.0
Omicron_BA1,N953K,-0.113434516
Omicron_BA1,N953L,-0.42100456
Omicron_BA1,N953S,-0.20324124
Omicron_BA1,N953T,-0.2228973
Omicron_BA1,H954A,0.34309843
Omicron_BA1,H954C,-0.064034775
Omicron_BA1,H954D,0.12878782
Omicron_BA1,H954E,0.12286459
Omicron_BA1,H954F,0.009956723
Omicron_BA1,H954G,-0.04891704
Omicron_BA1,H954I,0.32972687
Omicron_BA1,H954K,0.36815718
Omicron_BA1,H954L,0.14817315
Omicron_BA1,H954M,0.2812715
Omicron_BA1,H954N,0.15157709
Omicron_BA1,H954P,-6.020396
Omicron_BA1,H954Q,0.22020864
Omicron_BA1,H954R,0.22430448
Omicron_BA1,H954S,0.23030528
Omicron_BA1,H954T,0.29826456
Omicron_BA1,H954V,0.3196296
Omicron_BA1,H954W,-0.033589236
Omicron_BA1,H954Y,0.06683084
Omicron_BA1,H954*,-4.952917
Omicron_BA1,N955D,-2.7034347
Omicron_BA1,N955F,-2.2339702
Omicron_BA1,N955G,0.0
Omicron_BA1,N955H,-0.076375425
Omicron_BA1,N955I,-1.6143913
Omicron_BA1,N955K,-2.7983432
Omicron_BA1,N955S,-0.16018066
Omicron_BA1,A956D,-1.479463
Omicron_BA1,A956F,-0.32521498
Omicron_BA1,A956H,-0.27273962
Omicron_BA1,A956K,-1.0581902
Omicron_BA1,A956P,-1.6173201
Omicron_BA1,A956S,-0.08603748
Omicron_BA1,A956T,-0.18630184
Omicron_BA1,A956V,0.13711734
Omicron_BA1,Q957E,-0.020015314
Omicron_BA1,Q957H,-0.03954094
Omicron_BA1,Q957K,-0.17107989
Omicron_BA1,Q957L,-0.17577125
Omicron_BA1,Q957N,-0.3484902
Omicron_BA1,Q957R,-0.080914535
Omicron_BA1,Q957*,-1.9277358
Omicron_BA1,A958D,0.37292206
Omicron_BA1,A958L,-0.26485768
Omicron_BA1,A958M,-1.6177217
Omicron_BA1,A958P,0.0
Omicron_BA1,A958S,-0.49338633
Omicron_BA1,A958T,-1.9112839
Omicron_BA1,A958V,-2.228237
Omicron_BA1,L959F,-1.228334
Omicron_BA1,L959M,-0.45257738
Omicron_BA1,L959P,-3.4822407
Omicron_BA1,L959W,-1.9969656
Omicron_BA1,L959*,0.0
Omicron_BA1,N960A,-0.007218747
Omicron_BA1,N960D,0.24892446
Omicron_BA1,N960G,0.0
Omicron_BA1,N960K,-0.07298841
Omicron_BA1,N960S,0.03156167
Omicron_BA1,N960T,0.063620046
Omicron_BA1,N960Y,0.5200074
Omicron_BA1,T961A,-0.29268807
Omicron_BA1,T961I,-0.4352576
Omicron_BA1,T961M,-0.17142238
Omicron_BA1,T961N,0.037911735
Omicron_BA1,T961P,-3.0998185
Omicron_BA1,T961R,-0.6245977
Omicron_BA1,T961S,-0.2304702
Omicron_BA1,L962F,-2.5998561
Omicron_BA1,L962K,-3.6445565
Omicron_BA1,L962M,-2.127561
Omicron_BA1,L962P,-3.595773
Omicron_BA1,L962Q,-2.831832
Omicron_BA1,L962R,-2.1122313
Omicron_BA1,L962T,-2.7761216
Omicron_BA1,V963A,-1.1365618
Omicron_BA1,V963F,1.2709469
Omicron_BA1,V963I,-0.23207378
Omicron_BA1,V963L,-0.16173126
Omicron_BA1,V963M,-0.28670624
Omicron_BA1,K964E,-0.18732716
Omicron_BA1,K964H,-0.08489621
Omicron_BA1,K964I,-0.043064088
Omicron_BA1,K964L,0.03340675
Omicron_BA1,K964M,0.19355616
Omicron_BA1,K964N,-0.010324845
Omicron_BA1,K964R,0.10600676
Omicron_BA1,Q965E,0.0
Omicron_BA1,Q965H,-0.6070427
Omicron_BA1,Q965K,-0.18930472
Omicron_BA1,Q965L,0.0
Omicron_BA1,Q965N,-0.25199607
Omicron_BA1,Q965R,-0.93479383
Omicron_BA1,Q965*,-3.7172678
Omicron_BA1,L966F,-2.3221588
Omicron_BA1,L966H,-0.35017997
Omicron_BA1,L966I,-1.7254567
Omicron_BA1,L966P,-2.2576022
Omicron_BA1,L966R,-1.7831627
Omicron_BA1,S967A,0.03792454
Omicron_BA1,S967C,0.0
Omicron_BA1,S967F,-2.4279108
Omicron_BA1,S967G,-0.06145277
Omicron_BA1,S967N,-1.9014815
Omicron_BA1,S967P,-0.87446016
Omicron_BA1,S967R,-0.6024262
Omicron_BA1,S967T,-0.28028485
Omicron_BA1,S967W,-3.8976545
Omicron_BA1,S967Y,-1.8103327
Omicron_BA1,S968A,-0.082424134
Omicron_BA1,S968C,-0.62290597
Omicron_BA1,S968F,0.15383588
Omicron_BA1,S968G,-0.8759683
Omicron_BA1,S968I,-0.32785246
Omicron_BA1,S968N,0.104957335
Omicron_BA1,S968P,-2.6435785
Omicron_BA1,S968R,-1.4434228
Omicron_BA1,S968T,0.091205396
Omicron_BA1,S968V,-0.39189798
Omicron_BA1,S968Y,0.0
Omicron_BA1,K969A,-4.708079
Omicron_BA1,K969C,-1.4002373
Omicron_BA1,K969D,-3.0290308
Omicron_BA1,K969E,-4.8381977
Omicron_BA1,K969F,-3.8199773
Omicron_BA1,K969G,-4.797811
Omicron_BA1,K969H,-3.1210933
Omicron_BA1,K969I,-4.588453
Omicron_BA1,K969L,-5.8860435
Omicron_BA1,K969M,-4.9606085
Omicron_BA1,K969N,-1.5629874
Omicron_BA1,K969P,-1.2255623
Omicron_BA1,K969Q,-4.3568935
Omicron_BA1,K969R,0.090278864
Omicron_BA1,K969S,-0.2809748
Omicron_BA1,K969T,0.22397071
Omicron_BA1,K969V,-4.3818126
Omicron_BA1,K969W,-4.386187
Omicron_BA1,K969Y,-3.762205
Omicron_BA1,K969*,-4.6547656
Omicron_BA1,F970C,0.0
Omicron_BA1,F970I,-2.8192105
Omicron_BA1,F970L,-2.4107025
Omicron_BA1,F970S,-2.4563572
Omicron_BA1,F970Y,-0.5061082
Omicron_BA1,G971A,0.0
Omicron_BA1,G971D,-2.6416388
Omicron_BA1,G971E,-4.008591
Omicron_BA1,G971K,-2.5747833
Omicron_BA1,G971Q,-3.0890753
Omicron_BA1,G971R,-2.9510677
Omicron_BA1,G971V,-2.3285873
Omicron_BA1,G971*,-3.3009326
Omicron_BA1,A972C,0.016032467
Omicron_BA1,A972D,-2.1228232
Omicron_BA1,A972M,-2.378666
Omicron_BA1,A972S,-1.5462992
Omicron_BA1,A972T,-2.7062597
Omicron_BA1,A972V,-4.397259
Omicron_BA1,I973F,-2.1735291
Omicron_BA1,I973L,0.0
Omicron_BA1,I973S,-0.9953752
Omicron_BA1,I973T,-0.89795166
Omicron_BA1,I973V,-0.33789018
Omicron_BA1,S974F,-2.6011956
Omicron_BA1,S974K,-1.821248
Omicron_BA1,S974P,-2.8991017
Omicron_BA1,S974T,-0.37265688
Omicron_BA1,S974Y,-2.0646183
Omicron_BA1,S975F,-1.868548
Omicron_BA1,S975G,-0.2775481
Omicron_BA1,S975M,-4.263774
Omicron_BA1,S975N,0.24584714
Omicron_BA1,S975P,-0.08375845
Omicron_BA1,S975R,-3.3389835
Omicron_BA1,S975T,0.0
Omicron_BA1,S975Y,-1.1345204
Omicron_BA1,V976A,0.20960274
Omicron_BA1,V976E,1.2135613
Omicron_BA1,V976F,-0.14086296
Omicron_BA1,V976G,-0.7617708
Omicron_BA1,V976I,-0.19714537
Omicron_BA1,V976L,-0.09727533
Omicron_BA1,V976M,-0.21714549
Omicron_BA1,L977M,0.2488014
Omicron_BA1,L977P,-2.1267886
Omicron_BA1,L977Q,0.0
Omicron_BA1,L977R,-1.0798563
Omicron_BA1,L977S,-3.5590353
Omicron_BA1,L977V,0.25090316
Omicron_BA1,N978D,-0.14756995
Omicron_BA1,N978F,-0.5419176
Omicron_BA1,N978H,-0.13811244
Omicron_BA1,N978K,-0.90616095
Omicron_BA1,N978S,-0.17706773
Omicron_BA1,N978T,0.55788237
Omicron_BA1,N978Y,-0.5330144
Omicron_BA1,D979E,0.103043266
Omicron_BA1,D979G,-2.1819186
Omicron_BA1,D979H,-1.5180652
Omicron_BA1,D979N,-2.3299136
Omicron_BA1,D979V,-0.007831711
Omicron_BA1,D979Y,-1.3075036
Omicron_BA1,I980F,-2.3158844
Omicron_BA1,I980L,-0.8023148
Omicron_BA1,I980M,0.0
Omicron_BA1,I980N,-0.9730832
Omicron_BA1,I980T,-0.15305385
Omicron_BA1,I980V,-2.450689
Omicron_BA1,F981A,0.102098055
Omicron_BA1,F981C,0.17001666
Omicron_BA1,F981D,-1.6003224
Omicron_BA1,F981E,0.18864338
Omicron_BA1,F981G,-5.532631
Omicron_BA1,F981H,-0.5429983
Omicron_BA1,F981I,0.4849842
Omicron_BA1,F981K,-4.2441077
Omicron_BA1,F981L,0.27128077
Omicron_BA1,F981M,-0.10238905
Omicron_BA1,F981N,-0.3984204
Omicron_BA1,F981P,-6.0234337
Omicron_BA1,F981Q,-0.2714836
Omicron_BA1,F981R,-5.9378667
Omicron_BA1,F981S,0.3150442
Omicron_BA1,F981T,0.54718006
Omicron_BA1,F981V,0.6075283
Omicron_BA1,F981W,0.33722702
Omicron_BA1,F981Y,0.34366482
Omicron_BA1,F981*,-3.521277
Omicron_BA1,F981-,-2.2577465
Omicron_BA1,S982A,0.15940614
Omicron_BA1,S982C,-1.2479389
Omicron_BA1,S982D,-1.9212487
Omicron_BA1,S982E,-1.2392477
Omicron_BA1,S982F,-2.396164
Omicron_BA1,S982G,-0.3303419
Omicron_BA1,S982H,-1.7791408
Omicron_BA1,S982I,-0.7786471
Omicron_BA1,S982K,-2.6978657
Omicron_BA1,S982L,-0.81314147
Omicron_BA1,S982M,-0.16185592
Omicron_BA1,S982N,-0.9275114
Omicron_BA1,S982P,-1.8210664
Omicron_BA1,S982Q,-0.3409899
Omicron_BA1,S982R,-2.437316
Omicron_BA1,S982T,-0.31015307
Omicron_BA1,S982V,-0.326372
Omicron_BA1,S982W,-1.3239534
Omicron_BA1,S982Y,-1.3886503
Omicron_BA1,S982*,-5.3246017
Omicron_BA1,R983C,-0.19190586
Omicron_BA1,R983G,-1.8425643
Omicron_BA1,R983I,-0.8364306
Omicron_BA1,R983K,-1.7739977
Omicron_BA1,R983N,-3.6267917
Omicron_BA1,R983Q,-2.802455
Omicron_BA1,R983S,0.0
Omicron_BA1,R983T,0.49377805
Omicron_BA1,L984F,-0.4734498
Omicron_BA1,L984K,-2.189849
Omicron_BA1,L984M,-0.27327728
Omicron_BA1,L984P,-3.667499
Omicron_BA1,L984Q,-1.953258
Omicron_BA1,L984R,-0.9762471
Omicron_BA1,L984V,-0.4769632
Omicron_BA1,D985A,-1.1565334
Omicron_BA1,D985E,-0.56823283
Omicron_BA1,D985G,-0.57126004
Omicron_BA1,D985H,-2.558419
Omicron_BA1,D985N,-0.3219514
Omicron_BA1,D985S,0.0
Omicron_BA1,D985T,-1.0069324
Omicron_BA1,D985V,0.0
Omicron_BA1,D985Y,-1.7301059
Omicron_BA1,K986E,-0.26324356
Omicron_BA1,K986G,-0.47426197
Omicron_BA1,K986I,-0.008691896
Omicron_BA1,K986M,-0.1032082
Omicron_BA1,K986N,-0.25037435
Omicron_BA1,K986P,-3.4745347
Omicron_BA1,K986Q,-0.37227055
Omicron_BA1,K986R,-0.13673078
Omicron_BA1,K986T,-0.0706357
Omicron_BA1,V987A,-1.8553214
Omicron_BA1,V987E,-2.4807389
Omicron_BA1,V987F,0.029188294
Omicron_BA1,V987G,-1.4860692
Omicron_BA1,V987I,-0.21178563
Omicron_BA1,V987L,-1.617769
Omicron_BA1,V987M,0.16509677
Omicron_BA1,V987-,0.0
Omicron_BA1,E988D,-0.18715882
Omicron_BA1,E988G,-1.0205626
Omicron_BA1,E988K,-0.8627015
Omicron_BA1,E988L,-2.7022703
Omicron_BA1,E988R,-0.6681685
Omicron_BA1,E988V,-2.8921504
Omicron_BA1,E988*,-1.3732634
Omicron_BA1,E988-,0.0
Omicron_BA1,A989C,-4.3267674
Omicron_BA1,A989D,-1.1869283
Omicron_BA1,A989L,-2.85013
Omicron_BA1,A989S,-1.3824081
Omicron_BA1,A989T,-2.58613
Omicron_BA1,A989V,-4.5803924
Omicron_BA1,E990A,0.40011322
Omicron_BA1,E990D,0.26753184
Omicron_BA1,E990G,-0.45667142
Omicron_BA1,E990K,-2.2661293
Omicron_BA1,E990N,0.21014504
Omicron_BA1,E990Q,0.17231122
Omicron_BA1,E990V,-0.30783916
Omicron_BA1,E990*,-2.7586954
Omicron_BA1,V991A,-1.4893202
Omicron_BA1,V991C,-3.6080854
Omicron_BA1,V991D,0.11790631
Omicron_BA1,V991F,-0.78100276
Omicron_BA1,V991I,-0.20652309
Omicron_BA1,V991L,-1.7110445
Omicron_BA1,V991M,-0.046675287
Omicron_BA1,Q992H,0.5585528
Omicron_BA1,Q992K,-4.4841976
Omicron_BA1,Q992L,-2.5578654
Omicron_BA1,Q992R,-3.518914
Omicron_BA1,Q992*,-1.5333946
Omicron_BA1,I993L,-0.25886565
Omicron_BA1,I993M,0.0
Omicron_BA1,I993N,-2.4459856
Omicron_BA1,I993S,-2.3714235
Omicron_BA1,I993T,0.60380423
Omicron_BA1,I993V,0.17549857
Omicron_BA1,D994E,-2.8836577
Omicron_BA1,D994F,-3.7019024
Omicron_BA1,D994G,-2.610137
Omicron_BA1,D994H,0.0
Omicron_BA1,D994N,-1.5758419
Omicron_BA1,D994Y,-1.7617753
Omicron_BA1,R995G,-4.469596
Omicron_BA1,R995H,-3.2791865
Omicron_BA1,R995I,-1.7251792
Omicron_BA1,R995K,-4.989104
Omicron_BA1,R995N,0.0
Omicron_BA1,R995T,0.0
Omicron_BA1,R995*,-2.1227188
Omicron_BA1,L996F,-2.163691
Omicron_BA1,L996M,-4.002943
Omicron_BA1,L996P,-3.5687525
Omicron_BA1,L996Q,-3.1576114
Omicron_BA1,L996R,-2.8550336
Omicron_BA1,L996S,-2.8145332
Omicron_BA1,L996V,-0.082764745
Omicron_BA1,I997L,0.0
Omicron_BA1,I997N,-1.6354073
Omicron_BA1,I997Q,-3.0876517
Omicron_BA1,I997S,0.0
Omicron_BA1,I997T,-0.87558347
Omicron_BA1,I997V,-0.15840042
Omicron_BA1,T998A,0.06847256
Omicron_BA1,T998G,0.14410795
Omicron_BA1,T998I,-0.281158
Omicron_BA1,T998K,-2.088427
Omicron_BA1,T998S,-0.10453671
Omicron_BA1,G999A,-1.1688254
Omicron_BA1,G999C,-2.243769
Omicron_BA1,G999D,-5.93315
Omicron_BA1,G999H,0.0
Omicron_BA1,G999N,0.0
Omicron_BA1,G999R,0.0
Omicron_BA1,G999S,-2.1748796
Omicron_BA1,G999V,-2.2399683
Omicron_BA1,R1000G,-2.7633843
Omicron_BA1,R1000H,-3.118202
Omicron_BA1,R1000I,-2.9510813
Omicron_BA1,R1000K,-4.6608887
Omicron_BA1,R1000S,-3.7388058
Omicron_BA1,L1001F,-1.5875444
Omicron_BA1,L1001H,-2.0865984
Omicron_BA1,L1001I,-1.0186455
Omicron_BA1,L1001P,-3.6831982
Omicron_BA1,L1001Q,-2.7019763
Omicron_BA1,L1001V,-1.4125918
Omicron_BA1,Q1002A,-0.6786971
Omicron_BA1,Q1002E,0.25637224
Omicron_BA1,Q1002H,-0.54499435
Omicron_BA1,Q1002K,-3.3857188
Omicron_BA1,Q1002L,-2.7380335
Omicron_BA1,Q1002R,-1.6196902
Omicron_BA1,Q1002*,-2.438467
Omicron_BA1,S1003A,0.0
Omicron_BA1,S1003D,-3.7914083
Omicron_BA1,S1003F,-0.3383174
Omicron_BA1,S1003I,0.62632513
Omicron_BA1,S1003P,-0.4428963
Omicron_BA1,S1003T,-0.18063085
Omicron_BA1,S1003Y,-0.85146606
Omicron_BA1,L1004A,-2.1741478
Omicron_BA1,L1004F,-2.266062
Omicron_BA1,L1004H,-1.1988647
Omicron_BA1,L1004I,-1.9004416
Omicron_BA1,L1004P,-2.971135
Omicron_BA1,L1004R,-1.7192334
Omicron_BA1,L1004S,-1.7256095
Omicron_BA1,Q1005H,-0.92258596
Omicron_BA1,Q1005K,-2.3216093
Omicron_BA1,Q1005L,-0.7500305
Omicron_BA1,Q1005R,-3.872196
Omicron_BA1,Q1005*,-1.9441446
Omicron_BA1,T1006A,0.08609603
Omicron_BA1,T1006F,0.22850366
Omicron_BA1,T1006I,-1.2242047
Omicron_BA1,T1006L,-2.2483609
Omicron_BA1,T1006N,0.0047050808
Omicron_BA1,T1006S,0.07248549
Omicron_BA1,T1006V,-0.28454694
Omicron_BA1,Y1007C,-4.063095
Omicron_BA1,Y1007D,-2.3562684
Omicron_BA1,Y1007F,-0.8412117
Omicron_BA1,Y1007H,-2.199291
Omicron_BA1,Y1007N,-2.537354
Omicron_BA1,Y1007*,-0.07913874
Omicron_BA1,V1008A,-0.5658321
Omicron_BA1,V1008E,-2.0956643
Omicron_BA1,V1008L,-1.2087371
Omicron_BA1,V1008M,-1.2077537
Omicron_BA1,V1008R,-3.6581333
Omicron_BA1,T1009A,-1.9454861
Omicron_BA1,T1009H,-0.8300959
Omicron_BA1,T1009I,-0.077751264
Omicron_BA1,T1009K,-3.3691118
Omicron_BA1,T1009N,-0.89167136
Omicron_BA1,T1009P,0.0
Omicron_BA1,T1009S,-1.8478564
Omicron_BA1,Q1010E,0.0
Omicron_BA1,Q1010H,0.0
Omicron_BA1,Q1010K,0.0015952091
Omicron_BA1,Q1010L,-0.39731032
Omicron_BA1,Q1010M,-0.13641821
Omicron_BA1,Q1010N,0.062471278
Omicron_BA1,Q1010R,0.3935815
Omicron_BA1,Q1010*,-3.0963922
Omicron_BA1,Q1011E,0.0
Omicron_BA1,Q1011H,-0.010802909
Omicron_BA1,Q1011K,-1.4861428
Omicron_BA1,Q1011L,-0.6009789
Omicron_BA1,Q1011R,-0.6509291
Omicron_BA1,Q1011*,-2.8043575
Omicron_BA1,L1012F,-0.5985952
Omicron_BA1,L1012H,-0.4054614
Omicron_BA1,L1012I,-1.2069348
Omicron_BA1,L1012P,-2.434946
Omicron_BA1,L1012R,0.539345
Omicron_BA1,L1012S,0.25967795
Omicron_BA1,I1013L,-0.88664526
Omicron_BA1,I1013N,-2.0090473
Omicron_BA1,I1013S,-1.6769123
Omicron_BA1,I1013T,-1.1503595
Omicron_BA1,I1013V,-0.57183033
Omicron_BA1,R1014G,-0.87254965
Omicron_BA1,R1014I,-0.53778875
Omicron_BA1,R1014K,0.41665244
Omicron_BA1,R1014M,-1.1016183
Omicron_BA1,R1014N,-0.9643477
Omicron_BA1,R1014S,-0.20399982
Omicron_BA1,R1014T,-0.025672501
Omicron_BA1,R1014W,0.20235708
Omicron_BA1,A1015D,-2.5718412
Omicron_BA1,A1015G,0.069026195
Omicron_BA1,A1015Q,-2.065168
Omicron_BA1,A1015S,-0.12413897
Omicron_BA1,A1015T,-1.7916878
Omicron_BA1,A1015V,-4.2841086
Omicron_BA1,A1016D,-0.9303091
Omicron_BA1,A1016E,0.0
Omicron_BA1,A1016H,0.0
Omicron_BA1,A1016L,-0.57439256
Omicron_BA1,A1016Q,-0.3315439
Omicron_BA1,A1016S,0.06123883
Omicron_BA1,A1016T,0.2794801
Omicron_BA1,A1016V,0.30258462
Omicron_BA1,A1016-,0.0
Omicron_BA1,E1017A,-0.38680226
Omicron_BA1,E1017D,-0.18161175
Omicron_BA1,E1017G,-0.09735437
Omicron_BA1,E1017K,0.16943486
Omicron_BA1,E1017V,-0.52440614
Omicron_BA1,E1017*,-2.7027278
Omicron_BA1,E1017-,0.0
Omicron_BA1,I1018F,-2.2151904
Omicron_BA1,I1018L,-1.1020286
Omicron_BA1,I1018M,0.086987406
Omicron_BA1,I1018N,-2.0012248
Omicron_BA1,I1018S,-3.3886657
Omicron_BA1,I1018T,-0.88337773
Omicron_BA1,I1018V,-0.31282765
Omicron_BA1,I1018-,0.0
Omicron_BA1,R1019E,-2.9312673
Omicron_BA1,R1019G,-1.4169391
Omicron_BA1,R1019I,-2.3446443
Omicron_BA1,R1019K,-0.74065584
Omicron_BA1,R1019M,-3.4272268
Omicron_BA1,R1019Q,-2.5257118
Omicron_BA1,R1019S,-2.4824667
Omicron_BA1,R1019-,0.0
Omicron_BA1,A1020C,-0.36940524
Omicron_BA1,A1020D,-0.8323138
Omicron_BA1,A1020E,-1.119877
Omicron_BA1,A1020F,-0.30245644
Omicron_BA1,A1020G,-0.8847455
Omicron_BA1,A1020H,-0.76871073
Omicron_BA1,A1020I,-0.2681148
Omicron_BA1,A1020K,-1.431543
Omicron_BA1,A1020L,-2.5450912
Omicron_BA1,A1020M,-1.3465964
Omicron_BA1,A1020N,-0.46066454
Omicron_BA1,A1020P,-3.5810673
Omicron_BA1,A1020Q,-0.75064874
Omicron_BA1,A1020R,-0.32139385
Omicron_BA1,A1020S,-0.34655428
Omicron_BA1,A1020T,-0.2508647
Omicron_BA1,A1020V,-0.524081
Omicron_BA1,A1020W,-0.3439435
Omicron_BA1,A1020Y,-0.2702099
Omicron_BA1,A1020*,-4.7400312
Omicron_BA1,A1020-,0.0
Omicron_BA1,S1021A,-0.16752014
Omicron_BA1,S1021C,-1.1111106
Omicron_BA1,S1021F,-0.77556324
Omicron_BA1,S1021L,-0.69221056
Omicron_BA1,S1021P,-1.3427005
Omicron_BA1,S1021T,-0.81479114
Omicron_BA1,S1021Y,-0.30344746
Omicron_BA1,S1021-,0.0
Omicron_BA1,A1022D,-1.0548297
Omicron_BA1,A1022E,-3.3729315
Omicron_BA1,A1022L,-3.4818847
Omicron_BA1,A1022P,0.0
Omicron_BA1,A1022R,-2.6994386
Omicron_BA1,A1022S,-0.8245145
Omicron_BA1,A1022T,-2.5756629
Omicron_BA1,A1022V,-2.2925828
Omicron_BA1,N1023D,-1.23703
Omicron_BA1,N1023H,0.19740874
Omicron_BA1,N1023I,0.37469906
Omicron_BA1,N1023K,0.16545874
Omicron_BA1,N1023L,0.3255776
Omicron_BA1,N1023S,-0.28802812
Omicron_BA1,N1023T,0.08683378
Omicron_BA1,N1023Y,0.12984902
Omicron_BA1,L1024F,-2.6083548
Omicron_BA1,L1024I,-1.5302016
Omicron_BA1,L1024M,-1.4932675
Omicron_BA1,L1024P,-2.7281523
Omicron_BA1,L1024Q,0.17454448
Omicron_BA1,L1024R,-0.48138368
Omicron_BA1,A1025D,-2.0265214
Omicron_BA1,A1025G,-0.76102996
Omicron_BA1,A1025L,-3.6063154
Omicron_BA1,A1025N,0.0
Omicron_BA1,A1025P,0.0
Omicron_BA1,A1025S,-2.6114728
Omicron_BA1,A1025T,-3.8984702
Omicron_BA1,A1025V,-4.7122574
Omicron_BA1,A1026D,-3.0197263
Omicron_BA1,A1026G,-0.52437246
Omicron_BA1,A1026I,-4.0199456
Omicron_BA1,A1026L,-1.2722096
Omicron_BA1,A1026P,0.0
Omicron_BA1,A1026S,-0.24214308
Omicron_BA1,A1026T,-1.6630931
Omicron_BA1,A1026V,-2.6859467
Omicron_BA1,T1027A,-1.9110482
Omicron_BA1,T1027C,-0.32838842
Omicron_BA1,T1027D,-1.5631094
Omicron_BA1,T1027E,-0.8263646
Omicron_BA1,T1027F,-0.67783314
Omicron_BA1,T1027G,-2.15275
Omicron_BA1,T1027H,-0.75253385
Omicron_BA1,T1027I,-2.7187145
Omicron_BA1,T1027K,-1.857673
Omicron_BA1,T1027L,0.09011403
Omicron_BA1,T1027M,0.30495864
Omicron_BA1,T1027N,-1.9110346
Omicron_BA1,T1027P,-5.6893687
Omicron_BA1,T1027Q,0.33538747
Omicron_BA1,T1027R,-0.8586927
Omicron_BA1,T1027S,-0.61539656
Omicron_BA1,T1027V,-2.234518
Omicron_BA1,T1027W,-4.008691
Omicron_BA1,T1027Y,-2.4825213
Omicron_BA1,T1027*,-3.2688394
Omicron_BA1,K1028E,-1.4359567
Omicron_BA1,K1028G,-1.7465823
Omicron_BA1,K1028L,-3.615919
Omicron_BA1,K1028M,-2.23926
Omicron_BA1,K1028N,-4.136843
Omicron_BA1,K1028R,-3.1664245
Omicron_BA1,K1028T,0.0
Omicron_BA1,M1029C,-3.294622
Omicron_BA1,M1029I,-1.0693799
Omicron_BA1,M1029K,-1.1189473
Omicron_BA1,M1029L,-3.192606
Omicron_BA1,M1029R,-2.0341563
Omicron_BA1,M1029T,-2.7007828
Omicron_BA1,M1029V,-0.9780097
Omicron_BA1,S1030A,-0.097532466
Omicron_BA1,S1030C,-0.57087624
Omicron_BA1,S1030G,-1.2626128
Omicron_BA1,S1030I,0.74361634
Omicron_BA1,S1030L,-4.3123336
Omicron_BA1,S1030N,-3.0949717
Omicron_BA1,S1030P,-1.7906724
Omicron_BA1,S1030Q,-4.1539598
Omicron_BA1,S1030R,-0.09306796
Omicron_BA1,S1030T,0.0
Omicron_BA1,E1031D,-2.958788
Omicron_BA1,E1031G,-3.2829723
Omicron_BA1,E1031K,-5.4235277
Omicron_BA1,E1031Q,0.0
Omicron_BA1,E1031S,-2.8825674
Omicron_BA1,E1031V,-3.2430623
Omicron_BA1,E1031*,-2.5471594
Omicron_BA1,C1032F,-0.61604315
Omicron_BA1,C1032R,-0.58201295
Omicron_BA1,C1032S,0.0
Omicron_BA1,C1032V,-3.2338202
Omicron_BA1,C1032Y,-2.1055613
Omicron_BA1,C1032*,-1.6182749
Omicron_BA1,V1033A,-1.4375013
Omicron_BA1,V1033E,-1.8531011
Omicron_BA1,V1033G,-2.2079754
Omicron_BA1,V1033I,-1.0061399
Omicron_BA1,V1033L,-2.8438876
Omicron_BA1,V1033M,-4.2770786
Omicron_BA1,V1033T,-1.7613351
Omicron_BA1,V1033Y,-2.9125822
Omicron_BA1,L1034F,-0.68269485
Omicron_BA1,L1034I,-0.6643235
Omicron_BA1,L1034M,0.289412
Omicron_BA1,L1034P,-3.6211498
Omicron_BA1,L1034Q,-0.033331808
Omicron_BA1,L1034R,0.28341302
Omicron_BA1,G1035D,-2.5425618
Omicron_BA1,G1035E,-2.5597029
Omicron_BA1,G1035N,-3.9779634
Omicron_BA1,G1035R,-5.086263
Omicron_BA1,G1035V,-1.9984156
Omicron_BA1,G1035W,-3.246457
Omicron_BA1,G1035*,-3.1318662
Omicron_BA1,Q1036K,-2.184461
Omicron_BA1,Q1036N,-3.047323
Omicron_BA1,Q1036R,-3.3572283
Omicron_BA1,Q1036T,-1.6623152
Omicron_BA1,Q1036*,-3.0478787
Omicron_BA1,S1037C,0.584057
Omicron_BA1,S1037G,-1.9222596
Omicron_BA1,S1037I,-5.225269
Omicron_BA1,S1037K,0.0
Omicron_BA1,S1037L,-3.0898695
Omicron_BA1,S1037N,-0.49337608
Omicron_BA1,S1037Q,-3.118773
Omicron_BA1,S1037R,-2.621824
Omicron_BA1,S1037T,0.14836359
Omicron_BA1,K1038E,-1.0381185
Omicron_BA1,K1038G,-0.15982492
Omicron_BA1,K1038I,-0.29774708
Omicron_BA1,K1038M,0.08374534
Omicron_BA1,K1038N,-0.22743212
Omicron_BA1,K1038Q,0.029705249
Omicron_BA1,K1038R,0.16143179
Omicron_BA1,K1038T,-0.16814548
Omicron_BA1,R1039E,-2.3416626
Omicron_BA1,R1039G,-2.7731714
Omicron_BA1,R1039K,-4.38656
Omicron_BA1,R1039M,-2.333786
Omicron_BA1,R1039S,-3.876291
Omicron_BA1,V1040A,-0.20685805
Omicron_BA1,V1040F,-1.0556052
Omicron_BA1,V1040G,0.0
Omicron_BA1,V1040I,-1.6724545
Omicron_BA1,V1040L,-2.3716526
Omicron_BA1,V1040M,-0.9444887
Omicron_BA1,V1040S,-0.35778153
Omicron_BA1,D1041E,-0.16178672
Omicron_BA1,D1041G,-1.2043628
Omicron_BA1,D1041I,-3.1441457
Omicron_BA1,D1041N,-5.0893083
Omicron_BA1,D1041Y,-2.3263614
Omicron_BA1,F1042C,0.0
Omicron_BA1,F1042I,-1.9560442
Omicron_BA1,F1042L,-0.5795507
Omicron_BA1,F1042S,-0.7735311
Omicron_BA1,F1042Y,-0.1604776
Omicron_BA1,C1043F,-2.0175962
Omicron_BA1,C1043L,-3.9507024
Omicron_BA1,C1043R,-3.0071418
Omicron_BA1,C1043S,-1.3117782
Omicron_BA1,C1043V,-4.471306
Omicron_BA1,C1043Y,-3.5775135
Omicron_BA1,C1043*,0.0
Omicron_BA1,G1044A,0.0
Omicron_BA1,G1044C,-2.1650581
Omicron_BA1,G1044D,-2.303946
Omicron_BA1,G1044E,-3.518378
Omicron_BA1,G1044R,0.0
Omicron_BA1,G1044S,-2.457944
Omicron_BA1,G1044V,-2.1486993
Omicron_BA1,G1044W,-4.1615834
Omicron_BA1,K1045E,-1.1543422
Omicron_BA1,K1045M,-1.2136354
Omicron_BA1,K1045N,-1.0498744
Omicron_BA1,K1045Q,-0.8324925
Omicron_BA1,K1045R,0.08827865
Omicron_BA1,K1045T,-0.8193467
Omicron_BA1,G1046A,-1.1090051
Omicron_BA1,G1046C,-1.9869783
Omicron_BA1,G1046D,-5.302457
Omicron_BA1,G1046E,0.0
Omicron_BA1,G1046S,-1.7263348
Omicron_BA1,G1046V,-1.4628785
Omicron_BA1,Y1047C,-3.3319435
Omicron_BA1,Y1047D,-2.348362
Omicron_BA1,Y1047F,-1.6872214
Omicron_BA1,Y1047H,-2.3162768
Omicron_BA1,Y1047L,-0.08248121
Omicron_BA1,Y1047N,-0.50202566
Omicron_BA1,Y1047*,-3.1736739
Omicron_BA1,H1048N,-1.3589399
Omicron_BA1,H1048Q,-2.323096
Omicron_BA1,H1048R,-1.7941157
Omicron_BA1,H1048S,-2.2382581
Omicron_BA1,H1048Y,-3.2355452
Omicron_BA1,L1049F,-3.5385313
Omicron_BA1,L1049I,-1.3765228
Omicron_BA1,L1049M,-2.8445523
Omicron_BA1,L1049P,-4.479129
Omicron_BA1,L1049Q,-2.5605419
Omicron_BA1,L1049R,-1.3670934
Omicron_BA1,L1049S,-3.2283974
Omicron_BA1,L1049V,-1.9246004
Omicron_BA1,M1050I,-0.47769234
Omicron_BA1,M1050L,-0.071068496
Omicron_BA1,M1050N,0.0
Omicron_BA1,M1050T,-1.7898451
Omicron_BA1,M1050V,-1.9807767
Omicron_BA1,M1050Y,-4.107358
Omicron_BA1,S1051G,-1.9629023
Omicron_BA1,S1051I,-2.1256208
Omicron_BA1,S1051L,-1.9193802
Omicron_BA1,S1051N,-1.6814193
Omicron_BA1,S1051V,-3.2367096
Omicron_BA1,F1052C,-2.7465224
Omicron_BA1,F1052I,-2.1317394
Omicron_BA1,F1052L,-0.75832003
Omicron_BA1,F1052S,-1.6561711
Omicron_BA1,F1052V,-3.103983
Omicron_BA1,F1052Y,-0.88397604
Omicron_BA1,P1053L,-2.3349495
Omicron_BA1,P1053Q,-0.47037926
Omicron_BA1,P1053S,-1.0811259
Omicron_BA1,P1053T,-1.1178253
Omicron_BA1,Q1054E,0.0
Omicron_BA1,Q1054H,-2.3844273
Omicron_BA1,Q1054K,-2.1585426
Omicron_BA1,Q1054L,-1.7579938
Omicron_BA1,Q1054R,-1.6607311
Omicron_BA1,Q1054S,-2.9885259
Omicron_BA1,Q1054*,-4.1083794
Omicron_BA1,S1055A,-0.12489334
Omicron_BA1,S1055F,-1.1049105
Omicron_BA1,S1055L,-1.8548381
Omicron_BA1,S1055P,-2.444043
Omicron_BA1,S1055T,-0.2635538
Omicron_BA1,S1055V,-1.3968154
Omicron_BA1,S1055Y,-1.1010143
Omicron_BA1,A1056D,-1.067586
Omicron_BA1,A1056G,-0.4236245
Omicron_BA1,A1056P,0.6242186
Omicron_BA1,A1056S,-3.1936502
Omicron_BA1,A1056T,-4.561894
Omicron_BA1,A1056V,-1.1781349
Omicron_BA1,P1057H,-3.3864515
Omicron_BA1,P1057L,-2.3452542
Omicron_BA1,P1057Q,-3.994952
Omicron_BA1,P1057R,-0.9831262
Omicron_BA1,P1057S,-1.3193258
Omicron_BA1,P1057T,-3.7011726
Omicron_BA1,H1058E,-1.3986226
Omicron_BA1,H1058L,-0.5697277
Omicron_BA1,H1058N,-0.31852913
Omicron_BA1,H1058Q,-0.507221
Omicron_BA1,H1058R,-0.41699782
Omicron_BA1,H1058S,-0.38998097
Omicron_BA1,H1058Y,-1.1465462
Omicron_BA1,G1059E,-2.6111395
Omicron_BA1,G1059L,-3.6438153
Omicron_BA1,G1059R,-3.3812792
Omicron_BA1,G1059V,-3.4897156
Omicron_BA1,G1059W,-4.23441
Omicron_BA1,G1059*,-3.569636
Omicron_BA1,V1060A,-0.5675878
Omicron_BA1,V1060C,-0.5006573
Omicron_BA1,V1060E,0.0
Omicron_BA1,V1060I,-0.0946665
Omicron_BA1,V1060L,-1.7883456
Omicron_BA1,V1060M,-1.9462919
Omicron_BA1,V1061A,-0.26906446
Omicron_BA1,V1061E,-1.8483613
Omicron_BA1,V1061F,-0.73323655
Omicron_BA1,V1061I,-0.666713
Omicron_BA1,V1061L,-0.39125684
Omicron_BA1,V1061M,-0.025462192
Omicron_BA1,V1061S,-3.2283382
Omicron_BA1,F1062C,0.0
Omicron_BA1,F1062I,-1.7977892
Omicron_BA1,F1062L,-1.4788314
Omicron_BA1,F1062S,-4.2438655
Omicron_BA1,F1062Y,-0.06549327
Omicron_BA1,L1063A,-2.268291
Omicron_BA1,L1063C,-2.2907493
Omicron_BA1,L1063D,-4.701819
Omicron_BA1,L1063E,-2.4833462
Omicron_BA1,L1063F,-1.5733819
Omicron_BA1,L1063G,-5.365345
Omicron_BA1,L1063H,-3.7288818
Omicron_BA1,L1063I,-1.22088
Omicron_BA1,L1063K,-4.7573256
Omicron_BA1,L1063M,-0.7689542
Omicron_BA1,L1063N,-4.845785
Omicron_BA1,L1063P,-5.814898
Omicron_BA1,L1063Q,-4.971782
Omicron_BA1,L1063R,-7.2767
Omicron_BA1,L1063S,-6.1264105
Omicron_BA1,L1063T,-3.0623868
Omicron_BA1,L1063V,-2.068568
Omicron_BA1,L1063W,-3.849493
Omicron_BA1,L1063Y,-2.7095332
Omicron_BA1,L1063*,-4.5857897
Omicron_BA1,H1064A,-3.0008435
Omicron_BA1,H1064L,-1.1605499
Omicron_BA1,H1064N,-1.9044591
Omicron_BA1,H1064Q,-1.5023834
Omicron_BA1,H1064R,-1.420854
Omicron_BA1,H1064Y,-2.8663013
Omicron_BA1,V1065A,-0.25744933
Omicron_BA1,V1065C,0.030670244
Omicron_BA1,V1065E,-2.5942874
Omicron_BA1,V1065L,-0.5720412
Omicron_BA1,V1065M,0.46573988
Omicron_BA1,V1065-,0.0
Omicron_BA1,T1066A,0.046165004
Omicron_BA1,T1066D,-0.34786
Omicron_BA1,T1066I,-1.6467916
Omicron_BA1,T1066N,0.27999747
Omicron_BA1,T1066P,-4.159866
Omicron_BA1,T1066S,0.21752402
Omicron_BA1,T1066-,0.17870939
Omicron_BA1,Y1067C,-3.5800223
Omicron_BA1,Y1067D,0.0
Omicron_BA1,Y1067F,-0.60895836
Omicron_BA1,Y1067H,-4.045548
Omicron_BA1,Y1067L,-5.0541854
Omicron_BA1,Y1067N,-2.2612429
Omicron_BA1,Y1067-,-1.7183666
Omicron_BA1,V1068A,-2.895874
Omicron_BA1,V1068C,-0.8905833
Omicron_BA1,V1068D,-2.710715
Omicron_BA1,V1068E,-2.3749983
Omicron_BA1,V1068F,-2.3486004
Omicron_BA1,V1068G,-2.5158787
Omicron_BA1,V1068H,-0.94211763
Omicron_BA1,V1068I,-0.03810845
Omicron_BA1,V1068K,-1.1258826
Omicron_BA1,V1068L,-0.50981945
Omicron_BA1,V1068M,-1.3162615
Omicron_BA1,V1068N,-1.5619975
Omicron_BA1,V1068P,-4.532227
Omicron_BA1,V1068Q,-0.5108611
Omicron_BA1,V1068R,-1.0816556
Omicron_BA1,V1068S,-1.988194
Omicron_BA1,V1068T,-2.0752597
Omicron_BA1,V1068W,-2.172398
Omicron_BA1,V1068Y,-2.2666757
Omicron_BA1,V1068*,-4.202886
Omicron_BA1,P1069A,0.0
Omicron_BA1,P1069H,-2.1610894
Omicron_BA1,P1069L,-3.617407
Omicron_BA1,P1069M,-3.538246
Omicron_BA1,P1069R,0.0
Omicron_BA1,P1069S,-2.0095398
Omicron_BA1,P1069T,-1.0548952
Omicron_BA1,A1070C,-1.0644294
Omicron_BA1,A1070D,-0.28506565
Omicron_BA1,A1070E,0.2593083
Omicron_BA1,A1070G,-0.24275517
Omicron_BA1,A1070M,0.24303961
Omicron_BA1,A1070S,-0.15761398
Omicron_BA1,A1070T,0.46443388
Omicron_BA1,A1070V,0.067094944
Omicron_BA1,Q1071E,-0.4524725
Omicron_BA1,Q1071H,-1.1550148
Omicron_BA1,Q1071K,-0.033449404
Omicron_BA1,Q1071L,-0.54502773
Omicron_BA1,Q1071P,0.0
Omicron_BA1,Q1071R,-0.24587104
Omicron_BA1,Q1071S,0.010866371
Omicron_BA1,Q1071T,-0.91059107
Omicron_BA1,Q1071*,-1.3999476
Omicron_BA1,E1072A,0.43788102
Omicron_BA1,E1072D,-1.3113426
Omicron_BA1,E1072G,-0.31822738
Omicron_BA1,E1072K,-1.6658058
Omicron_BA1,E1072Q,0.008923264
Omicron_BA1,E1072R,-3.203454
Omicron_BA1,E1072V,-1.5106318
Omicron_BA1,E1072*,-2.4261243
Omicron_BA1,K1073E,-0.33852464
Omicron_BA1,K1073H,-0.0758971
Omicron_BA1,K1073M,-0.03861919
Omicron_BA1,K1073N,-0.43757972
Omicron_BA1,K1073Q,-0.043999605
Omicron_BA1,K1073R,0.024153134
Omicron_BA1,K1073T,-0.41281366
Omicron_BA1,N1074D,-0.31380826
Omicron_BA1,N1074E,-0.4606114
Omicron_BA1,N1074H,-0.5687567
Omicron_BA1,N1074I,0.21326648
Omicron_BA1,N1074K,-0.6955274
Omicron_BA1,N1074S,0.3503572
Omicron_BA1,N1074T,0.2904887
Omicron_BA1,N1074Y,-1.5498292
Omicron_BA1,F1075C,0.22715497
Omicron_BA1,F1075I,0.42205918
Omicron_BA1,F1075L,0.072611794
Omicron_BA1,F1075S,-3.8252099
Omicron_BA1,F1075V,-0.8307042
Omicron_BA1,F1075Y,-0.296022
Omicron_BA1,T1076A,-1.495997
Omicron_BA1,T1076H,-2.5162497
Omicron_BA1,T1076I,0.0376719
Omicron_BA1,T1076K,-0.23468775
Omicron_BA1,T1076L,0.3747933
Omicron_BA1,T1076N,-0.6684005
Omicron_BA1,T1076P,-0.040201362
Omicron_BA1,T1076S,-0.89640665
Omicron_BA1,T1077A,0.12691075
Omicron_BA1,T1077G,-0.30432463
Omicron_BA1,T1077I,-2.6171176
Omicron_BA1,T1077K,0.0
Omicron_BA1,T1077L,-0.98351365
Omicron_BA1,T1077N,-1.8545502
Omicron_BA1,T1077S,-0.4762442
Omicron_BA1,T1077V,-2.611815
Omicron_BA1,A1078C,-0.66612047
Omicron_BA1,A1078D,-5.198633
Omicron_BA1,A1078E,-2.8072283
Omicron_BA1,A1078F,-3.2904708
Omicron_BA1,A1078G,-0.845054
Omicron_BA1,A1078H,-3.0331285
Omicron_BA1,A1078I,-1.7478933
Omicron_BA1,A1078K,-3.5376563
Omicron_BA1,A1078L,-2.6436174
Omicron_BA1,A1078M,-2.876522
Omicron_BA1,A1078N,-3.3339088
Omicron_BA1,A1078P,-5.151162
Omicron_BA1,A1078Q,-2.6449993
Omicron_BA1,A1078R,-5.35725
Omicron_BA1,A1078S,-0.36390308
Omicron_BA1,A1078T,-0.6209653
Omicron_BA1,A1078V,-2.2794757
Omicron_BA1,A1078W,-3.2202675
Omicron_BA1,A1078Y,-4.401301
Omicron_BA1,A1078*,-3.3135505
Omicron_BA1,P1079A,0.39745206
Omicron_BA1,P1079H,-1.4435283
Omicron_BA1,P1079L,-4.6390605
Omicron_BA1,P1079S,-0.31805524
Omicron_BA1,P1079T,0.16830666
Omicron_BA1,P1079V,-3.0471597
Omicron_BA1,A1080C,-1.9848218
Omicron_BA1,A1080D,-2.5436108
Omicron_BA1,A1080G,0.0
Omicron_BA1,A1080S,-0.18140069
Omicron_BA1,A1080T,-1.9597902
Omicron_BA1,A1080V,-2.0077665
Omicron_BA1,I1081F,-0.6371573
Omicron_BA1,I1081H,-3.41301
Omicron_BA1,I1081L,-0.07079007
Omicron_BA1,I1081M,0.0075087105
Omicron_BA1,I1081S,-1.1263978
Omicron_BA1,I1081T,-1.7731843
Omicron_BA1,I1081V,0.032278854
Omicron_BA1,C1082A,0.0
Omicron_BA1,C1082F,-2.1673715
Omicron_BA1,C1082M,-0.35597393
Omicron_BA1,C1082R,-4.0671268
Omicron_BA1,C1082S,0.7634778
Omicron_BA1,C1082Y,-4.093589
Omicron_BA1,C1082*,-2.204635
Omicron_BA1,H1083A,-1.8682721
Omicron_BA1,H1083N,0.03314523
Omicron_BA1,H1083Q,-0.28369373
Omicron_BA1,H1083R,-1.0920708
Omicron_BA1,H1083Y,0.21007194
Omicron_BA1,D1084A,0.14784004
Omicron_BA1,D1084E,0.05512785
Omicron_BA1,D1084G,0.0068604867
Omicron_BA1,D1084H,0.062378377
Omicron_BA1,D1084L,0.0
Omicron_BA1,D1084N,0.078136615
Omicron_BA1,D1084T,-0.2624021
Omicron_BA1,D1084V,-0.16651952
Omicron_BA1,D1084Y,0.0065611703
Omicron_BA1,G1085A,-0.032547362
Omicron_BA1,G1085C,-0.8911354
Omicron_BA1,G1085D,0.054764844
Omicron_BA1,G1085E,0.047072038
Omicron_BA1,G1085L,0.06187316
Omicron_BA1,G1085R,0.060945682
Omicron_BA1,G1085S,0.027159302
Omicron_BA1,G1085V,-1.3792126
Omicron_BA1,K1086E,-0.24177752
Omicron_BA1,K1086G,0.66179186
Omicron_BA1,K1086I,-0.28717962
Omicron_BA1,K1086L,-0.29325914
Omicron_BA1,K1086M,0.0
Omicron_BA1,K1086N,-0.501336
Omicron_BA1,K1086Q,-0.013327685
Omicron_BA1,K1086R,-0.024902044
Omicron_BA1,K1086T,-1.2753701
Omicron_BA1,A1087D,-1.1809462
Omicron_BA1,A1087G,-1.7332171
Omicron_BA1,A1087P,-0.97331256
Omicron_BA1,A1087S,-0.16064583
Omicron_BA1,A1087T,-1.2280054
Omicron_BA1,A1087V,-1.4854214
Omicron_BA1,H1088N,-0.5474084
Omicron_BA1,H1088Q,-1.1792436
Omicron_BA1,H1088R,-0.21536987
Omicron_BA1,H1088T,-0.36251283
Omicron_BA1,H1088Y,0.061196897
Omicron_BA1,F1089C,-2.5005705
Omicron_BA1,F1089I,-3.0825596
Omicron_BA1,F1089L,-1.5847324
Omicron_BA1,F1089N,-0.072475895
Omicron_BA1,F1089S,-3.0945296
Omicron_BA1,F1089V,-2.380795
Omicron_BA1,F1089Y,0.2071443
Omicron_BA1,P1090L,-1.4421457
Omicron_BA1,P1090Q,-1.5443896
Omicron_BA1,P1090S,-0.29420078
Omicron_BA1,P1090T,-0.40446842
Omicron_BA1,R1091C,-1.2955709
Omicron_BA1,R1091G,-0.13348232
Omicron_BA1,R1091H,-0.3331617
Omicron_BA1,R1091K,0.14198633
Omicron_BA1,R1091L,-0.6452926
Omicron_BA1,R1091M,-0.6819084
Omicron_BA1,R1091S,0.20909545
Omicron_BA1,R1091W,-1.217084
Omicron_BA1,E1092A,-0.20669883
Omicron_BA1,E1092D,0.15808605
Omicron_BA1,E1092G,-0.8318103
Omicron_BA1,E1092K,-1.1607298
Omicron_BA1,E1092Q,-0.57103086
Omicron_BA1,E1092V,-0.52558404
Omicron_BA1,E1092*,-2.3521929
Omicron_BA1,G1093E,-3.0471618
Omicron_BA1,G1093R,-0.84892434
Omicron_BA1,G1093S,-0.7236358
Omicron_BA1,G1093V,-0.70066255
Omicron_BA1,G1093*,-2.4395142
Omicron_BA1,V1094A,-1.2727803
Omicron_BA1,V1094E,0.0
Omicron_BA1,V1094F,-0.015861228
Omicron_BA1,V1094I,-0.93156993
Omicron_BA1,V1094L,-3.5680273
Omicron_BA1,V1094M,-0.8174144
Omicron_BA1,V1094T,-0.14916015
Omicron_BA1,F1095I,-0.3032781
Omicron_BA1,F1095L,-0.46898842
Omicron_BA1,F1095S,-2.0539634
Omicron_BA1,F1095V,0.0
Omicron_BA1,F1095Y,-0.26536232
Omicron_BA1,V1096A,0.065537035
Omicron_BA1,V1096E,-3.6799684
Omicron_BA1,V1096F,-1.7084178
Omicron_BA1,V1096G,-2.1939452
Omicron_BA1,V1096I,0.30575398
Omicron_BA1,V1096L,-0.4362509
Omicron_BA1,V1096M,-0.8481688
Omicron_BA1,V1096-,0.0
Omicron_BA1,S1097A,-0.16886021
Omicron_BA1,S1097C,0.35555443
Omicron_BA1,S1097G,-0.0774692
Omicron_BA1,S1097I,-0.7998131
Omicron_BA1,S1097L,0.041292023
Omicron_BA1,S1097N,0.33867615
Omicron_BA1,S1097P,0.0
Omicron_BA1,S1097R,-0.23170432
Omicron_BA1,S1097T,-1.282314
Omicron_BA1,S1097-,1.5170757
Omicron_BA1,N1098D,0.22185825
Omicron_BA1,N1098H,-0.43589327
Omicron_BA1,N1098K,-0.015764657
Omicron_BA1,N1098Q,-0.59287274
Omicron_BA1,N1098S,-0.12499001
Omicron_BA1,N1098T,0.1196187
Omicron_BA1,N1098Y,0.0
Omicron_BA1,N1098-,0.0
Omicron_BA1,G1099C,-0.555562
Omicron_BA1,G1099D,-0.30254868
Omicron_BA1,G1099K,-0.31148365
Omicron_BA1,G1099N,-0.25457478
Omicron_BA1,G1099S,-0.07052241
Omicron_BA1,G1099T,-0.4116396
Omicron_BA1,G1099V,-0.65234226
Omicron_BA1,T1100A,-0.015342494
Omicron_BA1,T1100C,0.0
Omicron_BA1,T1100D,0.0
Omicron_BA1,T1100G,0.26107806
Omicron_BA1,T1100I,-0.044319905
Omicron_BA1,T1100K,-0.18799558
Omicron_BA1,T1100N,-0.11748016
Omicron_BA1,T1100S,-0.046644352
Omicron_BA1,H1101D,0.12057591
Omicron_BA1,H1101E,-0.15557936
Omicron_BA1,H1101L,-0.35240364
Omicron_BA1,H1101N,0.0050000045
Omicron_BA1,H1101P,0.0
Omicron_BA1,H1101Q,-0.0914864
Omicron_BA1,H1101R,-0.0020432747
Omicron_BA1,H1101Y,0.08796945
Omicron_BA1,H1101-,0.0
Omicron_BA1,W1102C,-6.8749747
Omicron_BA1,W1102F,0.035076242
Omicron_BA1,W1102L,-2.0123188
Omicron_BA1,W1102R,-2.4444017
Omicron_BA1,W1102S,-2.387047
Omicron_BA1,W1102T,-1.571064
Omicron_BA1,W1102*,-3.5782316
Omicron_BA1,F1103C,-0.86525977
Omicron_BA1,F1103I,-0.7600881
Omicron_BA1,F1103L,-0.14238584
Omicron_BA1,F1103S,0.22770093
Omicron_BA1,F1103Y,0.10752896
Omicron_BA1,V1104A,-0.32048383
Omicron_BA1,V1104E,-0.42872334
Omicron_BA1,V1104I,-0.15294057
Omicron_BA1,V1104L,-0.39333174
Omicron_BA1,V1104M,0.023727577
Omicron_BA1,T1105A,-3.3127987
Omicron_BA1,T1105I,-1.6399926
Omicron_BA1,T1105K,0.99847305
Omicron_BA1,T1105N,-2.5067766
Omicron_BA1,T1105S,-0.82290494
Omicron_BA1,Q1106H,-3.8265753
Omicron_BA1,Q1106K,-3.190784
Omicron_BA1,Q1106L,-1.4464043
Omicron_BA1,Q1106P,-0.6696736
Omicron_BA1,Q1106R,-1.8206908
Omicron_BA1,Q1106T,-2.4031725
Omicron_BA1,Q1106*,-1.9042583
Omicron_BA1,R1107G,-2.0979981
Omicron_BA1,R1107K,0.039825313
Omicron_BA1,R1107L,0.19798432
Omicron_BA1,R1107M,-0.056939345
Omicron_BA1,R1107N,-1.0510267
Omicron_BA1,R1107S,-1.2490242
Omicron_BA1,R1107T,-3.1413407
Omicron_BA1,R1107W,-2.0302405
Omicron_BA1,N1108H,-1.0851313
Omicron_BA1,N1108I,0.15994
Omicron_BA1,N1108K,-0.12281934
Omicron_BA1,N1108S,-2.063174
Omicron_BA1,N1108T,-2.187853
Omicron_BA1,N1108Y,-0.793238
Omicron_BA1,F1109I,-0.6107553
Omicron_BA1,F1109L,-0.91519374
Omicron_BA1,F1109S,-2.2194355
Omicron_BA1,F1109Y,0.18038185
Omicron_BA1,Y1110C,-2.3082302
Omicron_BA1,Y1110F,0.11898075
Omicron_BA1,Y1110H,-1.3951895
Omicron_BA1,Y1110N,-2.346693
Omicron_BA1,Y1110*,1.875294
Omicron_BA1,E1111A,-0.86138934
Omicron_BA1,E1111D,-1.4502991
Omicron_BA1,E1111G,-1.9111555
Omicron_BA1,E1111K,-2.121126
Omicron_BA1,E1111Q,0.06802694
Omicron_BA1,E1111R,-2.494103
Omicron_BA1,E1111T,-2.8631442
Omicron_BA1,E1111V,-2.0866551
Omicron_BA1,E1111*,-1.7218804
Omicron_BA1,P1112L,-2.2563612
Omicron_BA1,P1112Q,-0.5541071
Omicron_BA1,P1112R,-0.88384086
Omicron_BA1,P1112S,-1.0583814
Omicron_BA1,P1112T,-1.2590069
Omicron_BA1,P1112V,-3.056757
Omicron_BA1,Q1113E,-0.48668623
Omicron_BA1,Q1113H,0.30932498
Omicron_BA1,Q1113K,0.3522567
Omicron_BA1,Q1113L,0.16602315
Omicron_BA1,Q1113M,-0.2304633
Omicron_BA1,Q1113P,-0.0147142615
Omicron_BA1,Q1113R,0.36189646
Omicron_BA1,Q1113S,-0.035627533
Omicron_BA1,Q1113*,-3.156576
Omicron_BA1,I1114F,-0.023240004
Omicron_BA1,I1114L,0.076209374
Omicron_BA1,I1114M,0.12647372
Omicron_BA1,I1114N,-0.1782375
Omicron_BA1,I1114P,0.20109132
Omicron_BA1,I1114S,0.40746772
Omicron_BA1,I1114T,0.08155596
Omicron_BA1,I1114V,0.09234032
Omicron_BA1,I1115C,-0.78369445
Omicron_BA1,I1115F,-2.3575962
Omicron_BA1,I1115L,-0.6474799
Omicron_BA1,I1115M,-0.23043555
Omicron_BA1,I1115N,0.0
Omicron_BA1,I1115T,-0.7678317
Omicron_BA1,I1115V,0.04712749
Omicron_BA1,T1116A,-0.13737862
Omicron_BA1,T1116I,-1.8699903
Omicron_BA1,T1116N,-0.050116837
Omicron_BA1,T1116S,0.23781195
Omicron_BA1,T1116V,-2.7014437
Omicron_BA1,T1117A,-0.48028952
Omicron_BA1,T1117C,-0.23514013
Omicron_BA1,T1117D,-0.41709998
Omicron_BA1,T1117E,-0.35103118
Omicron_BA1,T1117F,-0.4608975
Omicron_BA1,T1117G,-0.6879875
Omicron_BA1,T1117H,-0.7033597
Omicron_BA1,T1117I,-0.007129442
Omicron_BA1,T1117K,0.06009586
Omicron_BA1,T1117L,0.05450769
Omicron_BA1,T1117M,-0.09092674
Omicron_BA1,T1117N,0.024889698
Omicron_BA1,T1117P,-0.6361867
Omicron_BA1,T1117Q,-0.21580961
Omicron_BA1,T1117R,0.26220107
Omicron_BA1,T1117S,-0.4194891
Omicron_BA1,T1117V,0.080464944
Omicron_BA1,T1117W,-1.4710298
Omicron_BA1,T1117Y,-0.3381743
Omicron_BA1,T1117*,-5.151372
Omicron_BA1,D1118A,-0.2840303
Omicron_BA1,D1118C,-0.62374145
Omicron_BA1,D1118E,0.08716923
Omicron_BA1,D1118F,0.06516615
Omicron_BA1,D1118G,0.01449359
Omicron_BA1,D1118H,0.13484314
Omicron_BA1,D1118I,0.14073214
Omicron_BA1,D1118K,-0.117144145
Omicron_BA1,D1118L,0.27456778
Omicron_BA1,D1118M,0.0985918
Omicron_BA1,D1118N,-4.9882307
Omicron_BA1,D1118P,-0.8343701
Omicron_BA1,D1118Q,0.38763413
Omicron_BA1,D1118R,0.19833387
Omicron_BA1,D1118S,0.12473087
Omicron_BA1,D1118T,0.30993587
Omicron_BA1,D1118V,0.3762631
Omicron_BA1,D1118W,0.2688049
Omicron_BA1,D1118Y,0.1471769
Omicron_BA1,D1118*,-4.1888676
Omicron_BA1,N1119D,-0.5447806
Omicron_BA1,N1119H,-0.78888935
Omicron_BA1,N1119I,-1.7991053
Omicron_BA1,N1119K,-0.58739245
Omicron_BA1,N1119L,-2.2504916
Omicron_BA1,N1119S,-0.81063825
Omicron_BA1,T1120A,-0.36055675
Omicron_BA1,T1120F,-2.6613047
Omicron_BA1,T1120I,-1.7030956
Omicron_BA1,T1120K,0.0
Omicron_BA1,T1120N,0.9439044
Omicron_BA1,T1120S,-0.31175283
Omicron_BA1,F1121C,-2.4820483
Omicron_BA1,F1121I,-0.6072932
Omicron_BA1,F1121L,-0.38021195
Omicron_BA1,F1121M,-0.25903824
Omicron_BA1,F1121S,0.0
Omicron_BA1,F1121V,-0.82507914
Omicron_BA1,F1121Y,-0.36463788
Omicron_BA1,V1122A,0.34861547
Omicron_BA1,V1122C,-0.28741118
Omicron_BA1,V1122E,0.11606088
Omicron_BA1,V1122F,-0.20291412
Omicron_BA1,V1122I,-0.20121598
Omicron_BA1,V1122L,-0.34055275
Omicron_BA1,V1122M,-0.24915797
Omicron_BA1,S1123A,0.22878948
Omicron_BA1,S1123C,-0.7490867
Omicron_BA1,S1123F,-3.0277002
Omicron_BA1,S1123L,-2.8168354
Omicron_BA1,S1123N,-1.3073841
Omicron_BA1,S1123P,-2.4385622
Omicron_BA1,S1123T,-0.0711084
Omicron_BA1,S1123Y,-2.3894477
Omicron_BA1,G1124A,-0.22957334
Omicron_BA1,G1124C,-0.3851286
Omicron_BA1,G1124D,-0.08649477
Omicron_BA1,G1124F,-0.28656784
Omicron_BA1,G1124R,-0.80385786
Omicron_BA1,G1124S,-0.07333568
Omicron_BA1,G1124V,-0.76205665
Omicron_BA1,N1125D,-0.2790423
Omicron_BA1,N1125H,-0.30680144
Omicron_BA1,N1125K,-0.3574883
Omicron_BA1,N1125S,-0.28431007
Omicron_BA1,N1125T,-0.7944711
Omicron_BA1,N1125Y,-0.8673481
Omicron_BA1,C1126F,-2.286546
Omicron_BA1,C1126G,0.0
Omicron_BA1,C1126L,-3.1529613
Omicron_BA1,C1126R,-2.4055438
Omicron_BA1,C1126S,-2.8801856
Omicron_BA1,C1126Y,-3.6972084
Omicron_BA1,C1126*,-1.8337471
Omicron_BA1,C1126-,0.0
Omicron_BA1,D1127A,-0.20374183
Omicron_BA1,D1127E,-0.107879914
Omicron_BA1,D1127G,0.083365254
Omicron_BA1,D1127H,0.2867332
Omicron_BA1,D1127N,-0.16667001
Omicron_BA1,D1127V,-1.0452886
Omicron_BA1,D1127Y,-0.3192295
Omicron_BA1,D1127-,0.0
Omicron_BA1,V1128A,-0.44911885
Omicron_BA1,V1128E,0.0
Omicron_BA1,V1128F,0.15071495
Omicron_BA1,V1128G,0.0
Omicron_BA1,V1128I,0.23075692
Omicron_BA1,V1128L,0.29921103
Omicron_BA1,V1128M,0.16057156
Omicron_BA1,V1129A,-0.6808134
Omicron_BA1,V1129E,-1.9869075
Omicron_BA1,V1129G,-1.6745389
Omicron_BA1,V1129I,-0.15192279
Omicron_BA1,V1129L,-1.969173
Omicron_BA1,V1129M,-1.7806218
Omicron_BA1,I1130L,-0.82328457
Omicron_BA1,I1130M,-0.15004934
Omicron_BA1,I1130N,-0.92663693
Omicron_BA1,I1130T,-0.75300205
Omicron_BA1,I1130V,-1.050749
Omicron_BA1,I1130-,-2.777273
Omicron_BA1,G1131A,-1.7556762
Omicron_BA1,G1131C,-2.3036652
Omicron_BA1,G1131D,-0.37633583
Omicron_BA1,G1131E,-1.078769
Omicron_BA1,G1131R,-3.1897235
Omicron_BA1,G1131S,-1.252232
Omicron_BA1,G1131V,-2.729203
Omicron_BA1,I1132F,-1.7492342
Omicron_BA1,I1132L,-0.5530093
Omicron_BA1,I1132M,-0.47422156
Omicron_BA1,I1132N,-2.695971
Omicron_BA1,I1132S,-0.09291968
Omicron_BA1,I1132T,-1.3592334
Omicron_BA1,I1132V,-0.67238224
Omicron_BA1,I1132-,0.0
Omicron_BA1,V1133A,0.026205199
Omicron_BA1,V1133E,-0.29446182
Omicron_BA1,V1133F,-0.7135028
Omicron_BA1,V1133G,-1.6311225
Omicron_BA1,V1133I,-0.00068258727
Omicron_BA1,V1133L,-0.43248788
Omicron_BA1,V1133M,-0.30474848
Omicron_BA1,V1133-,0.0
Omicron_BA1,N1134D,0.1165728
Omicron_BA1,N1134H,0.2638013
Omicron_BA1,N1134K,0.1194344
Omicron_BA1,N1134S,0.1025394
Omicron_BA1,N1134Y,0.011630434
Omicron_BA1,N1134-,0.0
Omicron_BA1,N1135D,-0.21096246
Omicron_BA1,N1135H,0.286252
Omicron_BA1,N1135I,0.17214784
Omicron_BA1,N1135K,0.08926575
Omicron_BA1,N1135S,0.085658744
Omicron_BA1,N1135Y,0.38360387
Omicron_BA1,T1136A,0.3556473
Omicron_BA1,T1136I,0.22988366
Omicron_BA1,T1136K,0.030248784
Omicron_BA1,T1136P,0.1325439
Omicron_BA1,T1136Q,0.033539053
Omicron_BA1,T1136S,0.14819443
Omicron_BA1,V1137A,-0.46118546
Omicron_BA1,V1137D,0.0
Omicron_BA1,V1137F,-0.8364929
Omicron_BA1,V1137I,0.12094625
Omicron_BA1,V1137M,-0.5332976
Omicron_BA1,Y1138C,0.054968223
Omicron_BA1,Y1138D,-0.009178193
Omicron_BA1,Y1138F,0.22283344
Omicron_BA1,Y1138H,-0.35524145
Omicron_BA1,Y1138L,0.32413188
Omicron_BA1,Y1138N,-0.35476547
Omicron_BA1,Y1138*,-3.2894752
Omicron_BA1,D1139A,-1.5770569
Omicron_BA1,D1139C,0.0
Omicron_BA1,D1139E,-1.6187378
Omicron_BA1,D1139G,-0.67546946
Omicron_BA1,D1139H,-0.3425947
Omicron_BA1,D1139I,-3.4907026
Omicron_BA1,D1139N,0.3354084
Omicron_BA1,D1139V,-1.3733538
Omicron_BA1,D1139Y,0.05889498
Omicron_BA1,D1139-,0.0
Omicron_BA1,P1140A,0.41970122
Omicron_BA1,P1140L,0.083333105
Omicron_BA1,P1140Q,0.3877013
Omicron_BA1,P1140S,0.22562541
Omicron_BA1,P1140T,0.35611597
Omicron_BA1,P1140-,-0.0540201
Omicron_BA1,L1141F,-0.45043683
Omicron_BA1,L1141H,-0.4361084
Omicron_BA1,L1141I,-0.1880329
Omicron_BA1,L1141P,-1.5364543
Omicron_BA1,L1141S,-0.34562647
Omicron_BA1,L1141W,0.041648522
Omicron_BA1,L1141-,-1.5238354
Omicron_BA1,Q1142H,-1.259189
Omicron_BA1,Q1142K,-0.07358478
Omicron_BA1,Q1142L,-0.6278997
Omicron_BA1,Q1142M,-0.7331377
Omicron_BA1,Q1142R,0.30415317
Omicron_BA1,Q1142*,-2.2220416
Omicron_BA1,Q1142-,-0.91399384
Omicron_BA1,P1143A,0.8176495
Omicron_BA1,P1143H,0.45637634
Omicron_BA1,P1143L,0.41271532
Omicron_BA1,P1143N,0.0
Omicron_BA1,P1143S,0.569364
Omicron_BA1,P1143T,0.26672614
Omicron_BA1,P1143-,0.0
Omicron_BA1,E1144A,0.3385241
Omicron_BA1,E1144D,-0.6569584
Omicron_BA1,E1144G,0.3045164
Omicron_BA1,E1144K,0.16484565
Omicron_BA1,E1144Q,0.4997624
Omicron_BA1,E1144S,0.024081424
Omicron_BA1,E1144V,0.11220732
Omicron_BA1,E1144*,-3.1219077
Omicron_BA1,L1145M,-0.13825619
Omicron_BA1,L1145P,-1.3050362
Omicron_BA1,L1145Q,-2.23487
Omicron_BA1,L1145S,-0.44213814
Omicron_BA1,L1145V,-0.010669261
Omicron_BA1,D1146A,-0.2308636
Omicron_BA1,D1146E,-0.14298645
Omicron_BA1,D1146G,-0.5820153
Omicron_BA1,D1146H,-0.18618867
Omicron_BA1,D1146N,-0.21235245
Omicron_BA1,D1146Y,-1.0151821
Omicron_BA1,S1147A,0.18774098
Omicron_BA1,S1147F,-0.93418324
Omicron_BA1,S1147L,-0.3226179
Omicron_BA1,S1147P,-1.9497826
Omicron_BA1,S1147T,0.017259765
Omicron_BA1,S1147Y,-0.68471867
Omicron_BA1,F1148I,-0.03646779
Omicron_BA1,F1148L,-0.41551334
Omicron_BA1,F1148S,-4.1389337
Omicron_BA1,F1148V,-0.38471904
Omicron_BA1,F1148Y,0.26854914
Omicron_BA1,K1149E,-0.9017
Omicron_BA1,K1149G,0.0
Omicron_BA1,K1149M,-0.49888262
Omicron_BA1,K1149N,-1.5664805
Omicron_BA1,K1149Q,0.035802275
Omicron_BA1,K1149R,-0.124293834
Omicron_BA1,K1149T,0.0
Omicron_BA1,K1149*,0.0
Omicron_BA1,E1150A,-0.20257387
Omicron_BA1,E1150D,0.03802025
Omicron_BA1,E1150G,0.025064431
Omicron_BA1,E1150K,-0.24502598
Omicron_BA1,E1150Q,0.047114678
Omicron_BA1,E1150S,0.0
Omicron_BA1,E1150V,-0.4938782
Omicron_BA1,E1150*,-3.8534334
Omicron_BA1,E1151A,0.0
Omicron_BA1,E1151D,0.36128783
Omicron_BA1,E1151G,-0.43788716
Omicron_BA1,E1151K,-0.88533974
Omicron_BA1,E1151Q,-0.4179849
Omicron_BA1,E1151V,0.32055685
Omicron_BA1,E1151*,-3.4720333
Omicron_BA1,L1152F,0.018666094
Omicron_BA1,L1152M,0.16509801
Omicron_BA1,L1152P,-3.7043839
Omicron_BA1,L1152Q,0.0
Omicron_BA1,D1153A,-0.1941742
Omicron_BA1,D1153E,0.20223941
Omicron_BA1,D1153G,-0.1375073
Omicron_BA1,D1153H,0.18071972
Omicron_BA1,D1153N,0.044604756
Omicron_BA1,D1153V,0.2591299
Omicron_BA1,D1153Y,0.17057343
Omicron_BA1,K1154E,0.11872474
Omicron_BA1,K1154G,0.7201051
Omicron_BA1,K1154I,0.17014566
Omicron_BA1,K1154N,0.25999197
Omicron_BA1,K1154Q,0.0
Omicron_BA1,K1154R,0.15149046
Omicron_BA1,K1154T,0.1727193
Omicron_BA1,Y1155C,0.6286901
Omicron_BA1,Y1155F,-0.25071248
Omicron_BA1,Y1155H,0.24365552
Omicron_BA1,Y1155N,-0.61490464
Omicron_BA1,Y1155*,-1.5858543
Omicron_BA1,F1156L,-0.17234373
Omicron_BA1,F1156S,-0.12228416
Omicron_BA1,F1156V,0.0
Omicron_BA1,F1156Y,0.8855171
Omicron_BA1,K1157E,-0.21106637
Omicron_BA1,K1157M,-0.12958467
Omicron_BA1,K1157N,-0.2969127
Omicron_BA1,K1157Q,0.0
Omicron_BA1,K1157R,-0.17474541
Omicron_BA1,K1157T,-0.13218342
Omicron_BA1,K1157*,-1.9099568
Omicron_BA1,N1158D,-0.46496946
Omicron_BA1,N1158H,-0.10418305
Omicron_BA1,N1158K,-0.7310718
Omicron_BA1,N1158S,-0.6550065
Omicron_BA1,N1158T,-0.29717565
Omicron_BA1,N1158Y,-0.41864836
Omicron_BA1,H1159L,-0.17221016
Omicron_BA1,H1159N,0.0029930433
Omicron_BA1,H1159Q,0.37310922
Omicron_BA1,H1159R,0.077978164
Omicron_BA1,H1159S,0.0
Omicron_BA1,H1159Y,0.13549498
Omicron_BA1,T1160A,-0.78776306
Omicron_BA1,T1160I,-0.4361561
Omicron_BA1,T1160K,0.2844919
Omicron_BA1,T1160N,-0.36369884
Omicron_BA1,T1160S,0.12130437
Omicron_BA1,S1161A,0.037362672
Omicron_BA1,S1161C,-0.51046574
Omicron_BA1,S1161G,-0.05462547
Omicron_BA1,S1161I,-0.7889389
Omicron_BA1,S1161K,0.0
Omicron_BA1,S1161L,-0.08738968
Omicron_BA1,S1161N,0.11334937
Omicron_BA1,S1161P,-0.19216667
Omicron_BA1,S1161R,0.12140087
Omicron_BA1,S1161T,0.0015018634
Omicron_BA1,P1162A,0.016223537
Omicron_BA1,P1162H,-0.13865131
Omicron_BA1,P1162L,-0.1672874
Omicron_BA1,P1162Q,0.022689383
Omicron_BA1,P1162R,0.06417049
Omicron_BA1,P1162S,0.08814586
Omicron_BA1,P1162T,0.021653147
Omicron_BA1,D1163A,-0.093487956
Omicron_BA1,D1163C,-0.7543799
Omicron_BA1,D1163E,-0.0283339
Omicron_BA1,D1163F,-0.51342595
Omicron_BA1,D1163G,-0.0071297768
Omicron_BA1,D1163H,-0.22946009
Omicron_BA1,D1163I,-0.20813543
Omicron_BA1,D1163K,-0.2226811
Omicron_BA1,D1163L,-0.3205143
Omicron_BA1,D1163M,-0.32333514
Omicron_BA1,D1163N,-0.07607419
Omicron_BA1,D1163P,-0.091160305
Omicron_BA1,D1163Q,0.006066054
Omicron_BA1,D1163R,-0.21986687
Omicron_BA1,D1163S,-0.09102119
Omicron_BA1,D1163T,-0.16126423
Omicron_BA1,D1163V,-0.17759103
Omicron_BA1,D1163W,-0.38038507
Omicron_BA1,D1163Y,-0.37119564
Omicron_BA1,D1163*,-5.7859316
Omicron_BA1,V1164A,0.025060942
Omicron_BA1,V1164E,0.1911584
Omicron_BA1,V1164F,0.053338572
Omicron_BA1,V1164I,-0.047304872
Omicron_BA1,V1164L,0.017729994
Omicron_BA1,V1164M,0.058663327
Omicron_BA1,V1164S,0.0
Omicron_BA1,D1165A,0.086945936
Omicron_BA1,D1165E,-0.055261254
Omicron_BA1,D1165G,0.08319049
Omicron_BA1,D1165H,-0.15014707
Omicron_BA1,D1165N,0.017349591
Omicron_BA1,D1165V,-0.18485785
Omicron_BA1,D1165Y,-0.11007615
Omicron_BA1,L1166F,0.12152054
Omicron_BA1,L1166M,0.0016895491
Omicron_BA1,L1166P,0.0832112
Omicron_BA1,L1166Q,0.1950327
Omicron_BA1,L1166R,-0.66138935
Omicron_BA1,L1166V,0.24890107
Omicron_BA1,G1167A,-0.006882314
Omicron_BA1,G1167C,-1.2879311
Omicron_BA1,G1167D,0.052008104
Omicron_BA1,G1167E,0.10166475
Omicron_BA1,G1167F,-0.25971502
Omicron_BA1,G1167H,0.07445982
Omicron_BA1,G1167I,-0.18979459
Omicron_BA1,G1167K,0.095516756
Omicron_BA1,G1167L,-0.23728858
Omicron_BA1,G1167M,-0.13289855
Omicron_BA1,G1167N,0.20324673
Omicron_BA1,G1167P,0.09991514
Omicron_BA1,G1167Q,0.10663101
Omicron_BA1,G1167R,0.09814019
Omicron_BA1,G1167S,0.09735861
Omicron_BA1,G1167T,0.078207046
Omicron_BA1,G1167V,0.008420769
Omicron_BA1,G1167W,-0.23147231
Omicron_BA1,G1167Y,-0.18733817
Omicron_BA1,G1167*,-4.8612156
Omicron_BA1,G1167-,-0.63215375
Omicron_BA1,D1168A,0.007258638
Omicron_BA1,D1168E,0.11927375
Omicron_BA1,D1168G,-0.009600015
Omicron_BA1,D1168H,0.09239432
Omicron_BA1,D1168N,0.05582968
Omicron_BA1,D1168V,-0.032711122
Omicron_BA1,D1168Y,0.05543233
Omicron_BA1,D1168-,-0.7683606
Omicron_BA1,I1169F,-0.20158839
Omicron_BA1,I1169L,-0.07380287
Omicron_BA1,I1169N,0.23796122
Omicron_BA1,I1169T,0.35119992
Omicron_BA1,I1169V,0.123551466
Omicron_BA1,I1169-,1.1956104
Omicron_BA1,S1170A,-0.10049969
Omicron_BA1,S1170C,-0.91287434
Omicron_BA1,S1170F,-0.09982369
Omicron_BA1,S1170H,0.0
Omicron_BA1,S1170P,0.19515729
Omicron_BA1,S1170T,-0.22598876
Omicron_BA1,S1170Y,-0.0513643
Omicron_BA1,G1171A,-0.070385166
Omicron_BA1,G1171C,-0.4541126
Omicron_BA1,G1171D,-0.07672472
Omicron_BA1,G1171F,0.0
Omicron_BA1,G1171I,0.0
Omicron_BA1,G1171K,-0.4327061
Omicron_BA1,G1171R,-0.10781273
Omicron_BA1,G1171S,-0.008059481
Omicron_BA1,G1171V,0.08864335
Omicron_BA1,G1171-,-0.17932169
Omicron_BA1,I1172F,0.05188722
Omicron_BA1,I1172L,0.17718317
Omicron_BA1,I1172M,0.053339154
Omicron_BA1,I1172N,0.42868108
Omicron_BA1,I1172S,-0.82263476
Omicron_BA1,I1172T,-0.3170585
Omicron_BA1,I1172V,-0.062498905
Omicron_BA1,I1172-,0.07852238
Omicron_BA1,N1173C,0.0
Omicron_BA1,N1173D,-0.013309456
Omicron_BA1,N1173H,0.029487556
Omicron_BA1,N1173I,-0.69141674
Omicron_BA1,N1173K,-0.108942755
Omicron_BA1,N1173M,-0.42499802
Omicron_BA1,N1173S,-0.18488508
Omicron_BA1,N1173T,-0.09239848
Omicron_BA1,N1173Y,-0.441307
Omicron_BA1,N1173-,-1.4682627
Omicron_BA1,A1174D,-0.11401523
Omicron_BA1,A1174L,0.16198926
Omicron_BA1,A1174P,-0.7412084
Omicron_BA1,A1174S,0.1709325
Omicron_BA1,A1174T,0.058040056
Omicron_BA1,A1174V,-0.08464205
Omicron_BA1,A1174-,0.0
Omicron_BA1,S1175A,-0.350292
Omicron_BA1,S1175C,0.0
Omicron_BA1,S1175F,-0.25351495
Omicron_BA1,S1175L,-1.5616001
Omicron_BA1,S1175P,-0.59701645
Omicron_BA1,S1175Q,-0.2750984
Omicron_BA1,S1175T,0.038011797
Omicron_BA1,S1175Y,-0.20285441
Omicron_BA1,S1175-,0.0
Omicron_BA1,V1176A,-0.29926705
Omicron_BA1,V1176C,-0.7722199
Omicron_BA1,V1176D,-0.7507244
Omicron_BA1,V1176E,-1.2991471
Omicron_BA1,V1176F,-0.23604842
Omicron_BA1,V1176G,-0.61063355
Omicron_BA1,V1176H,-0.40820113
Omicron_BA1,V1176I,-0.2774413
Omicron_BA1,V1176K,-0.38125858
Omicron_BA1,V1176L,-0.1836926
Omicron_BA1,V1176M,-0.01983025
Omicron_BA1,V1176N,-0.6132829
Omicron_BA1,V1176P,-0.38225535
Omicron_BA1,V1176Q,-0.01951053
Omicron_BA1,V1176R,-0.19851457
Omicron_BA1,V1176S,-0.6069656
Omicron_BA1,V1176T,-0.60998565
Omicron_BA1,V1176W,-0.026433636
Omicron_BA1,V1176Y,-0.2303177
Omicron_BA1,V1176*,-2.331108
Omicron_BA1,V1176-,0.5124474
Omicron_BA1,V1177A,-0.009760327
Omicron_BA1,V1177E,0.13346587
Omicron_BA1,V1177I,-0.095888995
Omicron_BA1,V1177L,0.045914482
Omicron_BA1,V1177M,0.04484073
Omicron_BA1,V1177-,0.0
Omicron_BA1,N1178D,-0.13254985
Omicron_BA1,N1178G,0.0
Omicron_BA1,N1178H,0.09031336
Omicron_BA1,N1178I,0.5672041
Omicron_BA1,N1178K,-0.03271248
Omicron_BA1,N1178R,-0.13148013
Omicron_BA1,N1178S,0.00067829835
Omicron_BA1,N1178T,0.054444216
Omicron_BA1,N1178Y,0.09512025
Omicron_BA1,N1178-,0.0
Omicron_BA1,I1179F,0.2610473
Omicron_BA1,I1179H,-0.63647765
Omicron_BA1,I1179L,-0.049575463
Omicron_BA1,I1179M,0.34338072
Omicron_BA1,I1179N,-1.3170888
Omicron_BA1,I1179T,-0.43119848
Omicron_BA1,I1179V,0.24538502
Omicron_BA1,I1179-,0.0
Omicron_BA1,Q1180E,0.19885373
Omicron_BA1,Q1180H,-0.0077231317
Omicron_BA1,Q1180K,0.055773754
Omicron_BA1,Q1180L,-0.089027725
Omicron_BA1,Q1180N,-0.26153126
Omicron_BA1,Q1180P,-1.5881935
Omicron_BA1,Q1180R,-0.008892895
Omicron_BA1,Q1180S,-0.06132861
Omicron_BA1,Q1180*,-3.3176858
Omicron_BA1,Q1180-,0.0
Omicron_BA1,K1181E,-0.30092114
Omicron_BA1,K1181I,-0.1698361
Omicron_BA1,K1181M,0.0
Omicron_BA1,K1181N,-0.044086404
Omicron_BA1,K1181Q,-0.11366907
Omicron_BA1,K1181R,0.008795168
Omicron_BA1,K1181T,0.09099594
Omicron_BA1,K1181*,0.0
Omicron_BA1,K1181-,-1.9130486
Omicron_BA1,E1182D,0.21735175
Omicron_BA1,E1182G,-0.32762516
Omicron_BA1,E1182I,-1.9477736
Omicron_BA1,E1182K,0.101806365
Omicron_BA1,E1182Q,-0.0177321
Omicron_BA1,E1182V,-0.8818678
Omicron_BA1,E1182*,-2.6189363
Omicron_BA1,E1182-,0.0
Omicron_BA1,I1183F,-0.3172776
Omicron_BA1,I1183L,-0.017901283
Omicron_BA1,I1183M,0.16455509
Omicron_BA1,I1183N,-2.6357653
Omicron_BA1,I1183T,-1.8733802
Omicron_BA1,I1183V,0.26388526
Omicron_BA1,I1183-,0.0
Omicron_BA1,D1184E,0.031823374
Omicron_BA1,D1184G,0.14353035
Omicron_BA1,D1184H,0.041410986
Omicron_BA1,D1184I,0.0
Omicron_BA1,D1184M,0.115450405
Omicron_BA1,D1184N,0.08424977
Omicron_BA1,D1184T,0.03673659
Omicron_BA1,D1184Y,0.038535375
Omicron_BA1,D1184-,0.0
Omicron_BA1,R1185C,0.11560542
Omicron_BA1,R1185G,-0.012747262
Omicron_BA1,R1185H,-0.06262554
Omicron_BA1,R1185I,-0.18492268
Omicron_BA1,R1185K,0.27624413
Omicron_BA1,R1185L,0.014514367
Omicron_BA1,R1185N,-0.0048688455
Omicron_BA1,R1185S,0.06334477
Omicron_BA1,R1185T,0.18104711
Omicron_BA1,R1185*,-1.4279982
Omicron_BA1,R1185-,0.0
Omicron_BA1,L1186F,-0.011670526
Omicron_BA1,L1186I,-0.26643473
Omicron_BA1,L1186M,-0.047940217
Omicron_BA1,L1186P,-2.7502277
Omicron_BA1,L1186Q,0.0
Omicron_BA1,L1186R,0.0
Omicron_BA1,L1186V,-0.685291
Omicron_BA1,L1186-,0.0
Omicron_BA1,N1187D,0.04005209
Omicron_BA1,N1187H,0.088375464
Omicron_BA1,N1187I,-0.1660936
Omicron_BA1,N1187K,-0.18565089
Omicron_BA1,N1187S,-0.02285223
Omicron_BA1,N1187T,-0.09762909
Omicron_BA1,N1187Y,-0.13547532
Omicron_BA1,N1187-,0.0
Omicron_BA1,E1188A,0.079827614
Omicron_BA1,E1188D,0.079488695
Omicron_BA1,E1188G,0.12893663
Omicron_BA1,E1188K,-0.009750076
Omicron_BA1,E1188N,0.07370903
Omicron_BA1,E1188Q,-0.09374745
Omicron_BA1,E1188R,-0.09649811
Omicron_BA1,E1188S,-0.09106112
Omicron_BA1,E1188V,0.01825173
Omicron_BA1,E1188*,-3.4620595
Omicron_BA1,E1188-,0.0
Omicron_BA1,V1189A,0.08328979
Omicron_BA1,V1189E,0.15295726
Omicron_BA1,V1189F,0.07687801
Omicron_BA1,V1189I,-0.11665317
Omicron_BA1,V1189L,0.09257646
Omicron_BA1,V1189M,-0.002698208
Omicron_BA1,V1189T,0.0
Omicron_BA1,V1189-,0.0
Omicron_BA1,A1190D,0.06648973
Omicron_BA1,A1190G,0.0
Omicron_BA1,A1190S,0.21224555
Omicron_BA1,A1190T,0.034768365
Omicron_BA1,A1190V,-0.44130144
Omicron_BA1,A1190-,0.0
Omicron_BA1,K1191A,0.083479434
Omicron_BA1,K1191C,-0.020711929
Omicron_BA1,K1191D,-0.30497107
Omicron_BA1,K1191E,-0.05969494
Omicron_BA1,K1191F,0.025921252
Omicron_BA1,K1191G,-0.17245546
Omicron_BA1,K1191H,0.06038183
Omicron_BA1,K1191I,-0.035117734
Omicron_BA1,K1191L,-0.019682689
Omicron_BA1,K1191M,0.1744938
Omicron_BA1,K1191N,0.12112892
Omicron_BA1,K1191P,-6.359073
Omicron_BA1,K1191Q,0.08123318
Omicron_BA1,K1191R,-0.05876965
Omicron_BA1,K1191S,0.12815769
Omicron_BA1,K1191T,0.15717229
Omicron_BA1,K1191V,0.05730593
Omicron_BA1,K1191W,-0.08929941
Omicron_BA1,K1191Y,-0.08382665
Omicron_BA1,K1191*,-5.218946
Omicron_BA1,K1191-,0.0
Omicron_BA1,N1192D,-0.030493574
Omicron_BA1,N1192H,-0.014143481
Omicron_BA1,N1192I,-0.067880884
Omicron_BA1,N1192K,-0.19017652
Omicron_BA1,N1192Q,-0.027614994
Omicron_BA1,N1192S,-0.094055906
Omicron_BA1,N1192T,-0.016631186
Omicron_BA1,N1192Y,-0.051351927
Omicron_BA1,N1192-,-0.65245426
Omicron_BA1,L1193F,0.02521874
Omicron_BA1,L1193I,0.0
Omicron_BA1,L1193M,-0.068810895
Omicron_BA1,L1193P,-3.8315482
Omicron_BA1,L1193Q,0.0
Omicron_BA1,L1193V,0.0
Omicron_BA1,N1194D,-0.7428064
Omicron_BA1,N1194H,-0.6247015
Omicron_BA1,N1194I,-0.9863756
Omicron_BA1,N1194K,-0.9541561
Omicron_BA1,N1194S,-0.30476698
Omicron_BA1,N1194T,-0.40031964
Omicron_BA1,N1194Y,-0.7623961
Omicron_BA1,E1195A,-0.12084039
Omicron_BA1,E1195D,0.095204085
Omicron_BA1,E1195G,0.07184972
Omicron_BA1,E1195K,-0.12192301
Omicron_BA1,E1195Q,-0.07036095
Omicron_BA1,E1195R,0.0
Omicron_BA1,E1195S,-0.30627108
Omicron_BA1,E1195V,-0.15997222
Omicron_BA1,E1195*,-1.8398265
Omicron_BA1,S1196A,-0.13515168
Omicron_BA1,S1196C,0.0
Omicron_BA1,S1196F,-0.9107238
Omicron_BA1,S1196T,-0.08433769
Omicron_BA1,S1196Y,-1.0748096
Omicron_BA1,L1197F,-0.020040842
Omicron_BA1,L1197I,0.033187583
Omicron_BA1,L1197M,0.047438223
Omicron_BA1,L1197P,-6.2466254
Omicron_BA1,L1197Q,0.0
Omicron_BA1,L1197R,-0.7920804
Omicron_BA1,L1197S,-1.4528173
Omicron_BA1,I1198F,-0.45688084
Omicron_BA1,I1198K,0.0
Omicron_BA1,I1198M,0.0
Omicron_BA1,I1198N,-0.34196037
Omicron_BA1,I1198R,0.0
Omicron_BA1,I1198S,-0.10982112
Omicron_BA1,I1198T,-0.16552737
Omicron_BA1,I1198V,-0.004605901
Omicron_BA1,D1199A,-0.25342602
Omicron_BA1,D1199E,-0.14484292
Omicron_BA1,D1199G,-0.3956285
Omicron_BA1,D1199H,-0.50137925
Omicron_BA1,D1199N,-0.24814568
Omicron_BA1,D1199S,-0.15834558
Omicron_BA1,D1199V,-0.39900494
Omicron_BA1,D1199Y,-0.47509277
Omicron_BA1,L1200F,-0.32432902
Omicron_BA1,L1200H,-0.36424643
Omicron_BA1,L1200I,-0.10871896
Omicron_BA1,L1200P,-1.0956621
Omicron_BA1,L1200V,-0.5456895
Omicron_BA1,Q1201E,0.23652129
Omicron_BA1,Q1201H,-0.031830158
Omicron_BA1,Q1201K,-0.008425934
Omicron_BA1,Q1201L,-0.15608828
Omicron_BA1,Q1201N,-0.07360725
Omicron_BA1,Q1201R,-0.086378776
Omicron_BA1,Q1201*,-1.9232143
Omicron_BA1,E1202A,-0.02986071
Omicron_BA1,E1202D,-0.059760828
Omicron_BA1,E1202G,-0.3767507
Omicron_BA1,E1202K,-0.3837637
Omicron_BA1,E1202Q,-0.13795738
Omicron_BA1,E1202S,-0.27959213
Omicron_BA1,E1202V,-0.43561476
Omicron_BA1,E1202*,-2.212902
Omicron_BA1,L1203F,-0.20496462
Omicron_BA1,L1203H,-3.5299137
Omicron_BA1,L1203I,-0.09402725
Omicron_BA1,L1203M,-0.050729636
Omicron_BA1,L1203P,-1.5888437
Omicron_BA1,L1203Q,-1.7544903
Omicron_BA1,L1203V,-0.17650568
Omicron_BA1,G1204A,-0.054764956
Omicron_BA1,G1204C,-1.0295877
Omicron_BA1,G1204D,-0.13446192
Omicron_BA1,G1204E,-0.43517652
Omicron_BA1,G1204R,-0.42699203
Omicron_BA1,G1204S,-0.19080684
Omicron_BA1,G1204V,-0.88208663
Omicron_BA1,K1205E,0.21708648
Omicron_BA1,K1205N,0.15591615
Omicron_BA1,K1205Q,0.095464446
Omicron_BA1,K1205R,-0.015575415
Omicron_BA1,K1205T,-0.042711813
Omicron_BA1,Y1206C,-1.4068261
Omicron_BA1,Y1206D,0.0
Omicron_BA1,Y1206F,0.04115699
Omicron_BA1,Y1206H,-0.5427761
Omicron_BA1,Y1206N,-0.5222297
Omicron_BA1,E1207A,-0.11024457
Omicron_BA1,E1207D,-0.07791158
Omicron_BA1,E1207G,-0.81905097
Omicron_BA1,E1207K,-0.9570239
Omicron_BA1,E1207Q,0.0
Omicron_BA1,E1207V,-0.21204223
Omicron_BA1,E1207*,-2.99997
Omicron_BA1,Q1208E,0.15552433
Omicron_BA1,Q1208H,-0.26262555
Omicron_BA1,Q1208K,-0.7997476
Omicron_BA1,Q1208L,-0.20559597
Omicron_BA1,Q1208R,-0.95122606
Omicron_BA1,Q1208Y,0.2874039
Omicron_BA1,Q1208*,-2.9129338
Omicron_BA1,Y1209C,-1.7173686
Omicron_BA1,Y1209D,-0.24620564
Omicron_BA1,Y1209F,-0.38929325
Omicron_BA1,Y1209H,-0.89819765
Omicron_BA1,Y1209I,0.0
Omicron_BA1,Y1209N,-1.3660536
Omicron_BA1,Y1209*,-2.2844617
Omicron_BA1,I1210F,0.0
Omicron_BA1,I1210L,-0.07143589
Omicron_BA1,I1210M,-0.011269131
Omicron_BA1,I1210N,-0.99081755
Omicron_BA1,I1210S,0.0
Omicron_BA1,I1210T,-0.39297542
Omicron_BA1,I1210V,0.006273012
Omicron_BA1,K1211E,-1.4593929
Omicron_BA1,K1211M,-0.4694306
Omicron_BA1,K1211N,-0.5376953
Omicron_BA1,K1211Q,-0.20688233
Omicron_BA1,K1211R,-0.25573575
Omicron_BA1,K1211T,0.0
Omicron_BA1,K1211*,0.0
Omicron_BA1,W1212C,-2.3044498
Omicron_BA1,W1212G,-0.7204082
Omicron_BA1,W1212L,-1.916771
Omicron_BA1,W1212R,-1.9460702
Omicron_BA1,W1212*,-3.5927405
Omicron_BA1,W1212-,-0.86358297
Omicron_BA1,P1213L,-1.1000477
Omicron_BA1,P1213Q,-0.9215767
Omicron_BA1,P1213R,-1.1959106
Omicron_BA1,P1213S,-0.7386108
Omicron_BA1,P1213T,-2.0714474
Omicron_BA1,P1213-,-0.87448627
Omicron_BA1,W1214C,-2.63448
Omicron_BA1,W1214F,-0.36979073
Omicron_BA1,W1214G,-1.1152337
Omicron_BA1,W1214L,-1.1705638
Omicron_BA1,W1214R,-2.138795
Omicron_BA1,W1214*,-3.8071675
Omicron_BA1,W1214-,-0.5298137
Omicron_BA1,Y1215C,-3.1953013
Omicron_BA1,Y1215D,0.0
Omicron_BA1,Y1215F,-0.20488235
Omicron_BA1,Y1215H,-0.8482716
Omicron_BA1,Y1215N,-0.7897665
Omicron_BA1,Y1215*,-2.6110437
Omicron_BA1,I1216F,-1.5528523
Omicron_BA1,I1216L,-0.25213024
Omicron_BA1,I1216M,-0.7307668
Omicron_BA1,I1216N,-0.049661685
Omicron_BA1,I1216R,0.0
Omicron_BA1,I1216S,-0.1916595
Omicron_BA1,I1216T,-0.081382856
Omicron_BA1,I1216V,-0.004474106
Omicron_BA1,I1216-,-0.86137784
Omicron_BA1,W1217C,-0.73289585
Omicron_BA1,W1217G,0.0
Omicron_BA1,W1217L,-1.0946498
Omicron_BA1,W1217R,-1.0171925
Omicron_BA1,W1217S,-2.661956
Omicron_BA1,W1217*,-5.38722
Omicron_BA1,L1218I,-0.31447434
Omicron_BA1,L1218M,-0.17981239
Omicron_BA1,L1218P,-0.72886837
Omicron_BA1,L1218R,-1.5558087
Omicron_BA1,L1218V,-0.44409198
Omicron_BA1,L1218-,-0.5641498
Omicron_BA1,G1219A,0.20388013
Omicron_BA1,G1219C,0.23161326
Omicron_BA1,G1219D,-0.7121247
Omicron_BA1,G1219E,-0.13520521
Omicron_BA1,G1219F,-0.09946734
Omicron_BA1,G1219H,-0.36764023
Omicron_BA1,G1219I,-0.08686199
Omicron_BA1,G1219K,-0.6824876
Omicron_BA1,G1219L,0.011069556
Omicron_BA1,G1219M,0.09501708
Omicron_BA1,G1219N,-0.23782897
Omicron_BA1,G1219P,-0.59398764
Omicron_BA1,G1219Q,0.010340611
Omicron_BA1,G1219R,-1.673049
Omicron_BA1,G1219S,0.03767791
Omicron_BA1,G1219T,0.059600037
Omicron_BA1,G1219V,0.0058416585
Omicron_BA1,G1219W,-0.12799892
Omicron_BA1,G1219Y,-0.3242459
Omicron_BA1,G1219*,-4.0482574
Omicron_BA1,G1219-,-0.31560695
Omicron_BA1,F1220C,0.0
Omicron_BA1,F1220I,-0.8737772
Omicron_BA1,F1220L,-0.6079545
Omicron_BA1,F1220S,-1.7085593
Omicron_BA1,F1220V,0.026577607
Omicron_BA1,F1220Y,-1.7906123
Omicron_BA1,I1221F,0.0
Omicron_BA1,I1221L,0.019004678
Omicron_BA1,I1221M,-0.19646902
Omicron_BA1,I1221N,0.093326144
Omicron_BA1,I1221S,-0.43459603
Omicron_BA1,I1221T,-0.007190228
Omicron_BA1,I1221V,-0.07418262
Omicron_BA1,I1221Y,-1.0171685
Omicron_BA1,I1221-,0.6643251
Omicron_BA1,A1222D,-0.19919176
Omicron_BA1,A1222S,-0.0021787698
Omicron_BA1,A1222T,0.0003532343
Omicron_BA1,A1222V,-0.3848622
Omicron_BA1,A1222-,0.34764615
Omicron_BA1,G1223C,-0.28592983
Omicron_BA1,G1223E,-1.8588607
Omicron_BA1,G1223R,-5.8375735
Omicron_BA1,G1223S,-0.60034645
Omicron_BA1,G1223V,-0.43293792
Omicron_BA1,G1223W,-0.81962717
Omicron_BA1,G1223*,-3.1543298
Omicron_BA1,G1223-,-0.0427139
Omicron_BA1,L1224F,-0.14445956
Omicron_BA1,L1224M,-0.0045666154
Omicron_BA1,L1224P,-1.6853769
Omicron_BA1,L1224Q,-0.55691373
Omicron_BA1,L1224S,-0.1242866
Omicron_BA1,L1224V,-0.024298081
Omicron_BA1,L1224-,-0.26360023
Omicron_BA1,I1225F,0.1352367
Omicron_BA1,I1225L,-0.027878089
Omicron_BA1,I1225M,0.08525433
Omicron_BA1,I1225N,0.18324997
Omicron_BA1,I1225S,0.016942916
Omicron_BA1,I1225T,-0.031782094
Omicron_BA1,I1225V,0.10727283
Omicron_BA1,I1225-,1.266962
Omicron_BA1,A1226D,-0.8788248
Omicron_BA1,A1226E,-2.5502045
Omicron_BA1,A1226G,0.0
Omicron_BA1,A1226P,0.0
Omicron_BA1,A1226S,-0.2227109
Omicron_BA1,A1226T,0.059204012
Omicron_BA1,A1226V,-0.0052838908
Omicron_BA1,A1226-,-2.2627175
Omicron_BA1,I1227K,-4.053437
Omicron_BA1,I1227L,-0.13120577
Omicron_BA1,I1227M,-0.047402065
Omicron_BA1,I1227N,-1.8326243
Omicron_BA1,I1227S,0.0
Omicron_BA1,I1227T,-0.13768725
Omicron_BA1,I1227V,-0.17567696
Omicron_BA1,I1227-,0.43955755
Omicron_BA1,V1228A,0.07193693
Omicron_BA1,V1228C,0.11084032
Omicron_BA1,V1228D,-1.5809914
Omicron_BA1,V1228E,-0.6696251
Omicron_BA1,V1228F,-0.033562046
Omicron_BA1,V1228G,0.0652315
Omicron_BA1,V1228H,-0.4732402
Omicron_BA1,V1228I,0.014532009
Omicron_BA1,V1228K,-0.64267635
Omicron_BA1,V1228L,0.04838697
Omicron_BA1,V1228M,0.044593666
Omicron_BA1,V1228N,-0.612379
Omicron_BA1,V1228P,-0.6574529
Omicron_BA1,V1228Q,-0.5726108
Omicron_BA1,V1228R,-7.996623
Omicron_BA1,V1228S,-0.022332897
Omicron_BA1,V1228T,-0.021973332
Omicron_BA1,V1228W,-0.34037957
Omicron_BA1,V1228Y,-0.5039644
Omicron_BA1,V1228*,-4.700339
Omicron_BA1,V1228-,-0.50291336
Omicron_BA1,M1229I,-0.11807216
Omicron_BA1,M1229K,-0.5680785
Omicron_BA1,M1229L,-0.102042355
Omicron_BA1,M1229T,0.12193619
Omicron_BA1,M1229V,-0.08050696
Omicron_BA1,M1229-,-0.63866043
Omicron_BA1,V1230A,0.033544123
Omicron_BA1,V1230E,0.0
Omicron_BA1,V1230F,0.4629174
Omicron_BA1,V1230G,0.08946658
Omicron_BA1,V1230L,-0.10528732
Omicron_BA1,V1230M,0.020378442
Omicron_BA1,V1230T,-0.6163021
Omicron_BA1,V1230-,-0.43258828
Omicron_BA1,T1231A,0.07016182
Omicron_BA1,T1231I,-0.30663377
Omicron_BA1,T1231K,-1.3740537
Omicron_BA1,T1231N,0.16522726
Omicron_BA1,T1231P,-0.06457602
Omicron_BA1,T1231S,0.0012509992
Omicron_BA1,T1231-,0.17814076
Omicron_BA1,I1232F,0.14599416
Omicron_BA1,I1232K,-0.22670574
Omicron_BA1,I1232L,-0.13452373
Omicron_BA1,I1232M,0.16320048
Omicron_BA1,I1232R,-0.5889148
Omicron_BA1,I1232S,-0.19114122
Omicron_BA1,I1232T,-0.091775246
Omicron_BA1,I1232V,-0.015047188
Omicron_BA1,I1232-,-0.18707417
Omicron_BA1,M1233I,0.02792396
Omicron_BA1,M1233K,-1.4146215
Omicron_BA1,M1233L,0.10375755
Omicron_BA1,M1233Q,-0.848318
Omicron_BA1,M1233T,-0.15802158
Omicron_BA1,M1233V,0.018131115
Omicron_BA1,M1233-,-0.37280288
Omicron_BA1,L1234F,-0.045060035
Omicron_BA1,L1234I,-0.014053927
Omicron_BA1,L1234M,0.02271346
Omicron_BA1,L1234P,-0.5618763
Omicron_BA1,L1234Q,-0.49546367
Omicron_BA1,L1234R,-0.9304101
Omicron_BA1,L1234V,-0.05175051
Omicron_BA1,C1235F,-0.07167076
Omicron_BA1,C1235G,-0.43493629
Omicron_BA1,C1235L,-0.11513851
Omicron_BA1,C1235R,-0.13368163
Omicron_BA1,C1235S,-0.3835269
Omicron_BA1,C1235Y,-1.3282083
Omicron_BA1,C1235*,-2.8067412
Omicron_BA1,C1235-,0.8852476
Omicron_BA1,C1236F,-0.33293226
Omicron_BA1,C1236G,0.20911324
Omicron_BA1,C1236R,-1.3249295
Omicron_BA1,C1236S,-0.38659915
Omicron_BA1,C1236Y,-1.1470044
Omicron_BA1,C1236*,-1.5418905
Omicron_BA1,C1236-,-0.4725206
Omicron_BA1,M1237I,-0.0016132728
Omicron_BA1,M1237K,-1.3610681
Omicron_BA1,M1237L,-0.067809604
Omicron_BA1,M1237R,-1.2382027
Omicron_BA1,M1237T,-0.24714881
Omicron_BA1,M1237V,-0.031444713
Omicron_BA1,M1237-,0.71450776
Omicron_BA1,T1238A,0.00914934
Omicron_BA1,T1238I,-0.054079536
Omicron_BA1,T1238K,0.089866094
Omicron_BA1,T1238N,-0.78881955
Omicron_BA1,T1238S,0.034157
Omicron_BA1,T1238-,-0.35389397
Omicron_BA1,S1239A,0.0
Omicron_BA1,S1239C,0.0029957918
Omicron_BA1,S1239F,0.11566563
Omicron_BA1,S1239G,-0.13883343
Omicron_BA1,S1239I,-0.5921423
Omicron_BA1,S1239N,-0.4012294
Omicron_BA1,S1239P,-0.7333608
Omicron_BA1,S1239R,-0.5668474
Omicron_BA1,S1239T,-0.03187047
Omicron_BA1,S1239Y,-0.41234055
Omicron_BA1,S1239-,-0.46019924
Omicron_BA1,C1240F,-0.12042643
Omicron_BA1,C1240G,-0.416169
Omicron_BA1,C1240R,-1.1698382
Omicron_BA1,C1240S,-0.6548231
Omicron_BA1,C1240Y,-0.732205
Omicron_BA1,C1240*,-2.1979153
Omicron_BA1,C1240-,-0.6170327
Omicron_BA1,C1241F,-0.23980771
Omicron_BA1,C1241G,-0.21698207
Omicron_BA1,C1241N,-0.72768754
Omicron_BA1,C1241R,-1.3109403
Omicron_BA1,C1241S,-0.3544223
Omicron_BA1,C1241V,0.4460268
Omicron_BA1,C1241W,0.0
Omicron_BA1,C1241Y,-0.50190556
Omicron_BA1,C1241*,-1.5004249
Omicron_BA1,C1241-,-0.029130159
Omicron_BA1,S1242C,0.0563273
Omicron_BA1,S1242F,0.13945739
Omicron_BA1,S1242G,-0.057983715
Omicron_BA1,S1242I,-0.009768919
Omicron_BA1,S1242K,-0.09618731
Omicron_BA1,S1242N,-0.13679607
Omicron_BA1,S1242P,-0.8488447
Omicron_BA1,S1242R,0.031280443
Omicron_BA1,S1242T,0.110509865
Omicron_BA1,S1242V,-0.29905993
Omicron_BA1,S1242Y,0.35566333
Omicron_BA1,S1242-,0.5738393
Omicron_BA1,C1243F,-0.06660541
Omicron_BA1,C1243G,-0.10019958
Omicron_BA1,C1243R,-0.5755393
Omicron_BA1,C1243S,-0.49259
Omicron_BA1,C1243V,-0.16400896
Omicron_BA1,C1243W,-0.25909212
Omicron_BA1,C1243Y,-0.38656425
Omicron_BA1,C1243*,-0.6938334
Omicron_BA1,C1243-,-0.7584797
Omicron_BA1,L1244F,-0.029775834
Omicron_BA1,L1244H,-0.07135687
Omicron_BA1,L1244I,0.005166174
Omicron_BA1,L1244M,-0.18227224
Omicron_BA1,L1244N,0.23339865
Omicron_BA1,L1244P,-0.3464575
Omicron_BA1,L1244Q,-0.55711454
Omicron_BA1,L1244R,-0.09825047
Omicron_BA1,L1244S,0.46195588
Omicron_BA1,L1244V,0.059536114
Omicron_BA1,L1244-,-0.10744233
Omicron_BA1,K1245E,-0.12639894
Omicron_BA1,K1245I,0.0
Omicron_BA1,K1245M,-0.050984897
Omicron_BA1,K1245N,-0.038959924
Omicron_BA1,K1245Q,-0.3364041
Omicron_BA1,K1245R,0.03507036
Omicron_BA1,K1245T,-0.09780837
Omicron_BA1,K1245Y,0.013955189
Omicron_BA1,K1245*,-0.047810584
Omicron_BA1,K1245-,0.13768321
Omicron_BA1,G1246A,-0.62544984
Omicron_BA1,G1246C,0.060538765
Omicron_BA1,G1246D,-0.19088033
Omicron_BA1,G1246E,0.0
Omicron_BA1,G1246F,0.0
Omicron_BA1,G1246S,-0.08998216
Omicron_BA1,G1246V,-0.17162526
Omicron_BA1,G1246-,0.036166184
Omicron_BA1,C1247F,-0.23813644
Omicron_BA1,C1247G,-0.16815375
Omicron_BA1,C1247L,-0.2534232
Omicron_BA1,C1247R,-0.35684055
Omicron_BA1,C1247S,-0.2329315
Omicron_BA1,C1247V,0.0
Omicron_BA1,C1247W,-0.4312583
Omicron_BA1,C1247Y,-0.66026217
Omicron_BA1,C1247*,-0.28390422
Omicron_BA1,C1247-,-0.07370536
Omicron_BA1,C1248F,-0.1042084
Omicron_BA1,C1248G,-0.10725004
Omicron_BA1,C1248I,-0.07837102
Omicron_BA1,C1248L,-0.1431577
Omicron_BA1,C1248R,-0.22602215
Omicron_BA1,C1248S,-0.25801644
Omicron_BA1,C1248V,-0.24519734
Omicron_BA1,C1248W,-0.13372153
Omicron_BA1,C1248Y,-0.22754546
Omicron_BA1,C1248*,0.27842364
Omicron_BA1,C1248-,0.10370659
Omicron_BA1,S1249A,0.018207898
Omicron_BA1,S1249C,-0.014018192
Omicron_BA1,S1249F,-0.116902344
Omicron_BA1,S1249P,-0.109565236
Omicron_BA1,S1249R,0.0
Omicron_BA1,S1249T,0.07601632
Omicron_BA1,S1249V,0.0
Omicron_BA1,S1249Y,0.015809428
Omicron_BA1,S1249*,-0.13185406
Omicron_BA1,S1249-,0.04070978
Omicron_BA1,C1250F,-0.02262724
Omicron_BA1,C1250G,-0.21037105
Omicron_BA1,C1250L,-0.025896668
Omicron_BA1,C1250R,0.018254083
Omicron_BA1,C1250S,-0.22897053
Omicron_BA1,C1250W,-0.011070978
Omicron_BA1,C1250Y,0.012864216
Omicron_BA1,C1250*,-0.15809254
Omicron_BA1,C1250-,-0.5531494
Omicron_BA1,G1251A,0.019402426
Omicron_BA1,G1251C,0.16873242
Omicron_BA1,G1251D,0.1546422
Omicron_BA1,G1251E,-0.02962929
Omicron_BA1,G1251N,0.0
Omicron_BA1,G1251R,0.16770914
Omicron_BA1,G1251S,0.026007392
Omicron_BA1,G1251V,0.108853854
Omicron_BA1,G1251-,0.2257256
Omicron_BA1,S1252A,0.011765993
Omicron_BA1,S1252C,0.23465073
Omicron_BA1,S1252D,0.0065638144
Omicron_BA1,S1252E,-0.013071833
Omicron_BA1,S1252F,0.32425416
Omicron_BA1,S1252G,-0.29635662
Omicron_BA1,S1252H,0.18904163
Omicron_BA1,S1252I,0.21684453
Omicron_BA1,S1252K,0.10435868
Omicron_BA1,S1252L,0.2934483
Omicron_BA1,S1252M,0.2892828
Omicron_BA1,S1252N,0.29428837
Omicron_BA1,S1252P,0.20404826
Omicron_BA1,S1252Q,0.16603558
Omicron_BA1,S1252R,0.17054333
Omicron_BA1,S1252T,-0.18952364
Omicron_BA1,S1252V,0.17708933
Omicron_BA1,S1252W,0.28328145
Omicron_BA1,S1252Y,0.46468115
Omicron_BA1,S1252*,-0.0024370982
Omicron_BA1,S1252-,-0.19894381
Omicron_BA2,M1F,-0.35060194
Omicron_BA2,M1I,-4.2567263
Omicron_BA2,M1K,-1.6848251
Omicron_BA2,M1L,-2.035864
Omicron_BA2,M1N,-2.3286767
Omicron_BA2,M1R,0.0
Omicron_BA2,M1T,-2.3111167
Omicron_BA2,M1V,-1.491711
Omicron_BA2,M1-,0.9254555
Omicron_BA2,F2C,0.0
Omicron_BA2,F2I,0.2310367
Omicron_BA2,F2L,0.20711458
Omicron_BA2,F2M,0.0
Omicron_BA2,F2S,-0.074343
Omicron_BA2,F2V,-0.030671723
Omicron_BA2,F2Y,-0.046658225
Omicron_BA2,F2-,0.0
Omicron_BA2,V3A,-0.0497588546
Omicron_BA2,V3C,0.10773496
Omicron_BA2,V3D,-0.54910094
Omicron_BA2,V3F,-0.1801294
Omicron_BA2,V3G,0.008902379999999994
Omicron_BA2,V3I,-0.08200521999999999
Omicron_BA2,V3L,0.03844021
Omicron_BA2,V3M,-0.13424419
Omicron_BA2,V3-,-0.172117
Omicron_BA2,F4C,-0.22370182
Omicron_BA2,F4I,-0.010331840000000009
Omicron_BA2,F4L,0.107645441
Omicron_BA2,F4S,-0.31028542
Omicron_BA2,F4V,-0.610991
Omicron_BA2,F4Y,-0.006298211
Omicron_BA2,F4-,-0.22261377
Omicron_BA2,L5A,0.25297961
Omicron_BA2,L5C,0.17068908
Omicron_BA2,L5D,-2.2450757
Omicron_BA2,L5E,-1.4978721
Omicron_BA2,L5F,0.29267412
Omicron_BA2,L5G,0.043847676
Omicron_BA2,L5H,-0.008556530000000007
Omicron_BA2,L5I,0.30239659
Omicron_BA2,L5K,-2.4693608
Omicron_BA2,L5M,-0.23088513
Omicron_BA2,L5N,0.139936087
Omicron_BA2,L5P,-0.6305132999999999
Omicron_BA2,L5R,-0.54454
Omicron_BA2,L5S,-0.027152179999999998
Omicron_BA2,L5T,0.083729997
Omicron_BA2,L5V,0.07361559599999999
Omicron_BA2,L5W,-0.08720048000000001
Omicron_BA2,L5Y,0.2875496
Omicron_BA2,L5*,0.0
Omicron_BA2,L5-,-0.18306835
Omicron_BA2,V6A,0.26973482
Omicron_BA2,V6C,0.40405187
Omicron_BA2,V6E,-1.7229222
Omicron_BA2,V6F,0.27076286000000005
Omicron_BA2,V6G,-0.57367945
Omicron_BA2,V6I,0.31004287408
Omicron_BA2,V6L,0.29031444
Omicron_BA2,V6M,0.41975611
Omicron_BA2,V6-,0.55353165
Omicron_BA2,L7F,-0.30878174
Omicron_BA2,L7I,-0.54575614
Omicron_BA2,L7M,-0.023613254
Omicron_BA2,L7P,-3.585483
Omicron_BA2,L7Q,-2.5123398
Omicron_BA2,L7R,0.0
Omicron_BA2,L7S,-2.6053922
Omicron_BA2,L7V,-0.038613252
Omicron_BA2,L7-,-0.66799676
Omicron_BA2,L8F,-0.52154879
Omicron_BA2,L8I,-0.32069403
Omicron_BA2,L8M,0.11503119
Omicron_BA2,L8P,-3.65853
Omicron_BA2,L8Q,0.0
Omicron_BA2,L8R,-1.3237025
Omicron_BA2,L8S,-1.8578467
Omicron_BA2,L8V,-0.39456108
Omicron_BA2,L8W,-0.26578733
Omicron_BA2,P9A,0.0
Omicron_BA2,P9L,0.03900882
Omicron_BA2,P9Q,-0.04486842999999999
Omicron_BA2,P9R,0.036631514999999996
Omicron_BA2,P9S,-0.04877959
Omicron_BA2,P9T,-0.142737
Omicron_BA2,P9-,0.06479664
Omicron_BA2,L10I,0.40341483
Omicron_BA2,L10M,0.15476179
Omicron_BA2,L10P,-1.3898512
Omicron_BA2,L10Q,0.18397184
Omicron_BA2,L10R,-0.35212028
Omicron_BA2,L10V,0.21119934
Omicron_BA2,L10-,-0.239282
Omicron_BA2,V11A,-0.1151203475
Omicron_BA2,V11E,-0.94297373
Omicron_BA2,V11F,0.21728678
Omicron_BA2,V11G,-0.8186822
Omicron_BA2,V11I,0.41829807
Omicron_BA2,V11L,0.2311706888
Omicron_BA2,V11M,0.25436625
Omicron_BA2,V11R,-2.9230583
Omicron_BA2,V11-,-0.128312015
Omicron_BA2,S12A,-0.08115654
Omicron_BA2,S12C,-0.056078648200000004
Omicron_BA2,S12D,0.13983305
Omicron_BA2,S12E,0.32589808
Omicron_BA2,S12F,-0.17569028
Omicron_BA2,S12G,0.010988592000000002
Omicron_BA2,S12H,-0.08475102
Omicron_BA2,S12I,-0.46508121999999996
Omicron_BA2,S12K,0.19576597
Omicron_BA2,S12L,-0.20457634400000002
Omicron_BA2,S12M,-0.09726411
Omicron_BA2,S12N,-0.026242658
Omicron_BA2,S12P,-0.26334011
Omicron_BA2,S12Q,0.12283531
Omicron_BA2,S12R,-0.040093455
Omicron_BA2,S12T,-0.030911744
Omicron_BA2,S12V,0.034008756
Omicron_BA2,S12W,-0.14340400000000003
Omicron_BA2,S12Y,-0.043562480000000015
Omicron_BA2,S12*,-2.8830924
Omicron_BA2,S13A,-0.006358489999999994
Omicron_BA2,S13C,0.06912401
Omicron_BA2,S13D,0.0399728
Omicron_BA2,S13E,0.31273237
Omicron_BA2,S13F,-0.073697284
Omicron_BA2,S13G,-0.117834682
Omicron_BA2,S13H,-0.23523873
Omicron_BA2,S13I,-0.004891963999999999
Omicron_BA2,S13K,0.1304971
Omicron_BA2,S13L,0.09986260400000001
Omicron_BA2,S13M,-0.06521569
Omicron_BA2,S13N,0.041623056
Omicron_BA2,S13P,0.23952326
Omicron_BA2,S13Q,0.08224101
Omicron_BA2,S13R,-0.82839859
Omicron_BA2,S13T,-0.02152328
Omicron_BA2,S13V,0.002194887
Omicron_BA2,S13W,-0.93995175
Omicron_BA2,S13*,0.0
Omicron_BA2,Q14E,0.35693467
Omicron_BA2,Q14H,0.161073875
Omicron_BA2,Q14K,0.32677820750000003
Omicron_BA2,Q14L,0.06346077
Omicron_BA2,Q14M,0.0
Omicron_BA2,Q14R,-0.1633761506
Omicron_BA2,Q14*,-0.31540135
Omicron_BA2,Q14-,0.42605066
Omicron_BA2,C15F,-0.04569414999999999
Omicron_BA2,C15G,-0.20584776
Omicron_BA2,C15Q,1.4959668
Omicron_BA2,C15R,-0.1795799
Omicron_BA2,C15S,0.022377969999999997
Omicron_BA2,C15W,0.10154326
Omicron_BA2,C15Y,-0.27261969
Omicron_BA2,C15*,-1.9686583
Omicron_BA2,C15-,-0.2536581
Omicron_BA2,V16A,-0.127798417
Omicron_BA2,V16D,-0.32251287
Omicron_BA2,V16F,-0.2544564969
Omicron_BA2,V16G,0.52590156
Omicron_BA2,V16I,0.059807759
Omicron_BA2,V16L,-0.0935848069
Omicron_BA2,V16M,0.010563647
Omicron_BA2,V16S,0.0
Omicron_BA2,V16-,-0.34263685
Omicron_BA2,N17D,-0.3130079
Omicron_BA2,N17G,0.0
Omicron_BA2,N17I,-0.6148328
Omicron_BA2,N17K,-0.17377076
Omicron_BA2,N17R,-0.3107651
Omicron_BA2,N17S,-0.6438188
Omicron_BA2,N17T,0.22848608
Omicron_BA2,N17Y,-0.50349396
Omicron_BA2,N17-,0.8569007
Omicron_BA2,L18A,-0.19859952
Omicron_BA2,L18C,-0.5855834600000001
Omicron_BA2,L18D,-0.45631421400000005
Omicron_BA2,L18E,0.050640257999999994
Omicron_BA2,L18F,-0.30120818
Omicron_BA2,L18G,-0.30281296
Omicron_BA2,L18H,-0.03594947000000001
Omicron_BA2,L18I,-0.07836237
Omicron_BA2,L18K,-0.052508454999999996
Omicron_BA2,L18M,0.015897268
Omicron_BA2,L18N,-0.503372815
Omicron_BA2,L18P,-0.369861355
Omicron_BA2,L18Q,-0.10146606
Omicron_BA2,L18R,-0.34103422
Omicron_BA2,L18S,-0.09785891
Omicron_BA2,L18T,-0.07232257
Omicron_BA2,L18V,0.101415571
Omicron_BA2,L18W,-0.097155455
Omicron_BA2,L18Y,-0.164984667
Omicron_BA2,L18*,-3.6415653
Omicron_BA2,L18-,0.13773458
Omicron_BA2,T19A,-0.91728825
Omicron_BA2,T19C,-0.7544375
Omicron_BA2,T19D,-0.7312228700000001
Omicron_BA2,T19E,-0.4897896
Omicron_BA2,T19F,-0.112246924
Omicron_BA2,T19G,-0.91849402
Omicron_BA2,T19H,-0.40593881645999996
Omicron_BA2,T19I,0.03576072999999999
Omicron_BA2,T19K,-0.49985921
Omicron_BA2,T19L,-0.16564123000000003
Omicron_BA2,T19M,0.04299245
Omicron_BA2,T19N,-0.87202864
Omicron_BA2,T19P,-0.46416838000000005
Omicron_BA2,T19Q,-0.8654925
Omicron_BA2,T19R,-0.880161776
Omicron_BA2,T19S,-0.41701058
Omicron_BA2,T19V,-0.22282483
Omicron_BA2,T19W,0.15169452
Omicron_BA2,T19Y,-0.5685452799999999
Omicron_BA2,T19*,-3.693311
Omicron_BA2,T19-,-0.12801397
Omicron_BA2,T20A,0.102216706
Omicron_BA2,T20F,0.10097459
Omicron_BA2,T20G,-0.1867251
Omicron_BA2,T20H,0.6246382
Omicron_BA2,T20I,-0.026918780000000003
Omicron_BA2,T20K,-0.02382727
Omicron_BA2,T20N,0.1346403
Omicron_BA2,T20P,-0.912822303
Omicron_BA2,T20S,0.07479084
Omicron_BA2,T20-,-0.1285684
Omicron_BA2,R21E,-0.49588600000000005
Omicron_BA2,R21F,0.20786756
Omicron_BA2,R21G,-0.34815469
Omicron_BA2,R21I,0.22158051
Omicron_BA2,R21K,0.06977502999999999
Omicron_BA2,R21L,-0.04914684
Omicron_BA2,R21M,0.076848015
Omicron_BA2,R21S,-0.15958111
Omicron_BA2,R21T,0.25240614
Omicron_BA2,R21W,0.13022853
Omicron_BA2,R21-,-0.14315468
Omicron_BA2,T22A,-0.43822808
Omicron_BA2,T22F,-0.4040071
Omicron_BA2,T22I,-0.045646500000000007
Omicron_BA2,T22K,0.0
Omicron_BA2,T22L,-0.15098912
Omicron_BA2,T22N,-0.07883266
Omicron_BA2,T22P,-1.15877064
Omicron_BA2,T22S,-0.003023951
Omicron_BA2,T22V,-0.32853025
Omicron_BA2,T22-,-0.1711808
Omicron_BA2,Q23A,0.3323329
Omicron_BA2,Q23E,0.03451184
Omicron_BA2,Q23F,-0.034675904
Omicron_BA2,Q23G,0.424753
Omicron_BA2,Q23H,0.043116294
Omicron_BA2,Q23K,0.08044417599999999
Omicron_BA2,Q23L,-0.125722541
Omicron_BA2,Q23N,-0.04590602
Omicron_BA2,Q23P,-0.348331178
Omicron_BA2,Q23R,-0.083165821
Omicron_BA2,Q23*,-2.540237
Omicron_BA2,Q23-,-0.16586877
Omicron_BA2,A27C,-0.32875627
Omicron_BA2,A27D,0.06030376000000001
Omicron_BA2,A27E,0.011411329999999997
Omicron_BA2,A27F,-0.3051658
Omicron_BA2,A27G,-0.032014657
Omicron_BA2,A27H,-0.1861791
Omicron_BA2,A27I,-0.3770842
Omicron_BA2,A27K,-0.16181919
Omicron_BA2,A27L,-0.26955799999999996
Omicron_BA2,A27M,-0.3065574
Omicron_BA2,A27N,-0.17413042
Omicron_BA2,A27P,-1.7799519
Omicron_BA2,A27Q,-0.12655048
Omicron_BA2,A27R,-0.041888393
Omicron_BA2,A27S,-0.027623105545000002
Omicron_BA2,A27T,-0.156586926
Omicron_BA2,A27V,-0.16191827
Omicron_BA2,A27W,-0.72923386
Omicron_BA2,A27Y,-0.38537452
Omicron_BA2,A27*,-3.1567757
Omicron_BA2,A27-,-0.718117
Omicron_BA2,Y28C,-0.36990839999999997
Omicron_BA2,Y28D,-0.11484203999999998
Omicron_BA2,Y28F,0.137536434
Omicron_BA2,Y28H,0.02006625499999999
Omicron_BA2,Y28I,0.040730495
Omicron_BA2,Y28N,-0.12638803799999998
Omicron_BA2,Y28T,-0.23050906
Omicron_BA2,Y28*,-3.036539
Omicron_BA2,Y28-,-1.0513239
Omicron_BA2,T29A,0.12982582
Omicron_BA2,T29C,-0.06621621
Omicron_BA2,T29D,-0.46820553
Omicron_BA2,T29E,-0.1348109
Omicron_BA2,T29F,-0.331006915
Omicron_BA2,T29G,-0.0746857
Omicron_BA2,T29H,-0.21446602
Omicron_BA2,T29I,-0.04393731000000001
Omicron_BA2,T29K,0.0196169
Omicron_BA2,T29L,-0.22107695500000002
Omicron_BA2,T29M,-0.042714088
Omicron_BA2,T29N,-0.7300158999999999
Omicron_BA2,T29P,-2.3601773
Omicron_BA2,T29Q,-0.018804638999999998
Omicron_BA2,T29R,-0.041519904999999996
Omicron_BA2,T29S,-0.06163542400000001
Omicron_BA2,T29V,0.11347291
Omicron_BA2,T29W,-0.47445306
Omicron_BA2,T29Y,-0.19748633
Omicron_BA2,T29*,-3.6594298
Omicron_BA2,T29-,-1.6182553
Omicron_BA2,N30D,-0.7036768
Omicron_BA2,N30G,-3.0986657
Omicron_BA2,N30H,-0.37893229
Omicron_BA2,N30I,-0.333372115
Omicron_BA2,N30K,0.090223286
Omicron_BA2,N30L,-0.15421425
Omicron_BA2,N30S,0.057220954
Omicron_BA2,N30T,0.16103944
Omicron_BA2,N30Y,-0.6552026040000001
Omicron_BA2,N30-,-0.01041227
Omicron_BA2,S31F,-1.2680525999999999
Omicron_BA2,S31I,-0.98708147
Omicron_BA2,S31L,-1.310662
Omicron_BA2,S31P,-2.7802505
Omicron_BA2,S31T,-0.65579814
Omicron_BA2,S31Y,-3.3108146
Omicron_BA2,S31-,-1.9333493
Omicron_BA2,F32C,-1.8076439
Omicron_BA2,F32I,-0.18168199
Omicron_BA2,F32L,-0.213553416
Omicron_BA2,F32M,0.49786043
Omicron_BA2,F32S,0.12139745
Omicron_BA2,F32V,-0.24332261
Omicron_BA2,F32Y,-0.02977377
Omicron_BA2,F32-,-2.693053
Omicron_BA2,T33A,-0.30407116
Omicron_BA2,T33H,-0.2507907
Omicron_BA2,T33I,-0.52585515
Omicron_BA2,T33K,-0.038945465
Omicron_BA2,T33N,-0.038281024
Omicron_BA2,T33P,-2.5767903
Omicron_BA2,T33R,-0.040587318
Omicron_BA2,T33S,-0.16357088
Omicron_BA2,T33V,-0.33749422
Omicron_BA2,R34C,-2.6608286
Omicron_BA2,R34G,-3.8631623
Omicron_BA2,R34H,0.03505343
Omicron_BA2,R34K,-1.2434989399999998
Omicron_BA2,R34L,-1.6683481
Omicron_BA2,R34M,-2.644592
Omicron_BA2,R34P,-2.9559157
Omicron_BA2,R34S,-2.1082146
Omicron_BA2,R34T,-2.1939259
Omicron_BA2,R34W,0.75346184
Omicron_BA2,G35A,0.0
Omicron_BA2,G35C,-1.213532902
Omicron_BA2,G35E,-1.7610981
Omicron_BA2,G35L,-2.0886555
Omicron_BA2,G35R,-5.0226216
Omicron_BA2,G35S,-0.5633612100000001
Omicron_BA2,G35V,-0.73267365
Omicron_BA2,G35W,-3.0181558
Omicron_BA2,G35*,-2.623539
Omicron_BA2,V36A,-0.414287253
Omicron_BA2,V36C,-0.16759467
Omicron_BA2,V36D,-2.3638403
Omicron_BA2,V36F,-0.43653238000000005
Omicron_BA2,V36G,-1.606364
Omicron_BA2,V36I,0.079332309
Omicron_BA2,V36L,-0.2723479895
Omicron_BA2,V36T,-0.39405014
Omicron_BA2,Y37C,-2.2381554
Omicron_BA2,Y37D,-0.6311582
Omicron_BA2,Y37F,-0.7633582
Omicron_BA2,Y37H,-1.0097138
Omicron_BA2,Y37K,-0.94700754
Omicron_BA2,Y37L,-2.803534
Omicron_BA2,Y37N,-2.6780121
Omicron_BA2,Y37*,-1.5491031
Omicron_BA2,Y37-,0.0
Omicron_BA2,Y38C,-2.8680086
Omicron_BA2,Y38F,-0.43308878
Omicron_BA2,Y38H,-0.8497896
Omicron_BA2,Y38I,-1.254414
Omicron_BA2,Y38L,-1.5633202
Omicron_BA2,Y38N,-3.7115638
Omicron_BA2,Y38S,-2.8588285
Omicron_BA2,Y38*,-2.0615625
Omicron_BA2,P39A,-1.8373946
Omicron_BA2,P39H,-0.54103607
Omicron_BA2,P39L,-2.9938264
Omicron_BA2,P39N,0.105422996
Omicron_BA2,P39S,-0.6848858959999999
Omicron_BA2,P39T,-0.40301294
Omicron_BA2,D40E,-0.5945705
Omicron_BA2,D40G,-2.1037621
Omicron_BA2,D40H,-0.7021195
Omicron_BA2,D40L,-1.8653134
Omicron_BA2,D40N,-1.163698825
Omicron_BA2,D40T,-1.7986149
Omicron_BA2,D40Y,-1.4025463
Omicron_BA2,D40-,-1.5186764
Omicron_BA2,K41E,-0.35486101999999997
Omicron_BA2,K41I,-0.041659497
Omicron_BA2,K41M,-0.20784411
Omicron_BA2,K41N,0.112136625
Omicron_BA2,K41P,-0.2731635
Omicron_BA2,K41Q,-0.22953193
Omicron_BA2,K41R,0.06464009
Omicron_BA2,K41T,-0.31820798
Omicron_BA2,V42E,-0.94182813
Omicron_BA2,V42F,0.45413840000000005
Omicron_BA2,V42I,0.32504035
Omicron_BA2,V42K,-2.1397488
Omicron_BA2,V42L,-0.077883944
Omicron_BA2,V42M,0.06841924
Omicron_BA2,V42Q,-0.9328311
Omicron_BA2,V42S,-0.24771458600000001
Omicron_BA2,F43L,-3.986874
Omicron_BA2,F43N,0.0
Omicron_BA2,F43S,-2.3859067
Omicron_BA2,F43Y,0.009544025000000005
Omicron_BA2,R44G,-4.965135
Omicron_BA2,R44I,-3.01807
Omicron_BA2,R44K,-1.32676358
Omicron_BA2,R44M,-1.2024858
Omicron_BA2,R44Q,-3.5979843
Omicron_BA2,R44S,-3.3709548
Omicron_BA2,R44W,-0.16613045
Omicron_BA2,R44Y,-2.8381243
Omicron_BA2,S45A,-0.014755433999999998
Omicron_BA2,S45D,-0.6341708
Omicron_BA2,S45F,-0.54717021
Omicron_BA2,S45I,-0.36024532
Omicron_BA2,S45L,0.0
Omicron_BA2,S45P,-0.919998098
Omicron_BA2,S45T,-0.5124256
Omicron_BA2,S45Y,-0.3536968
Omicron_BA2,S46A,-0.0062886854
Omicron_BA2,S46C,-2.039692
Omicron_BA2,S46F,-0.695419
Omicron_BA2,S46L,-0.9670649
Omicron_BA2,S46P,-5.8113556
Omicron_BA2,S46Q,-0.32454154
Omicron_BA2,S46W,-3.463451
Omicron_BA2,S46Y,0.018572828
Omicron_BA2,V47A,-0.15593539
Omicron_BA2,V47F,-0.16049761
Omicron_BA2,V47G,0.0
Omicron_BA2,V47I,0.034363464
Omicron_BA2,V47L,-0.14424163
Omicron_BA2,V47M,0.14906776
Omicron_BA2,V47R,0.35684273
Omicron_BA2,V47S,0.08493964
Omicron_BA2,V47T,0.2514051
Omicron_BA2,L48F,-2.169784
Omicron_BA2,L48I,-0.46601877
Omicron_BA2,L48M,-0.4637514
Omicron_BA2,L48P,-1.8413961
Omicron_BA2,L48Q,0.0
Omicron_BA2,L48R,-1.2946353
Omicron_BA2,L48T,0.20548187
Omicron_BA2,L48V,1.0729687
Omicron_BA2,L48-,0.0
Omicron_BA2,H49A,-1.1477562
Omicron_BA2,H49C,-2.7764883
Omicron_BA2,H49F,0.13917883
Omicron_BA2,H49I,-0.0069742594
Omicron_BA2,H49L,-0.05179803
Omicron_BA2,H49N,-3.0173237
Omicron_BA2,H49P,-3.0485563
Omicron_BA2,H49Q,-0.050880800700000006
Omicron_BA2,H49R,0.21531486
Omicron_BA2,H49S,0.11970787
Omicron_BA2,H49T,0.0471229
Omicron_BA2,H49V,-0.09027759
Omicron_BA2,H49Y,0.041879620000000006
Omicron_BA2,S50A,-0.20821631
Omicron_BA2,S50C,-0.0057158275
Omicron_BA2,S50F,-0.35756186
Omicron_BA2,S50G,-0.39053171
Omicron_BA2,S50I,0.07316611
Omicron_BA2,S50K,0.0
Omicron_BA2,S50L,-0.59048724
Omicron_BA2,S50N,-0.10677405
Omicron_BA2,S50P,-0.08034976
Omicron_BA2,S50R,-1.1979176
Omicron_BA2,S50T,0.041071888
Omicron_BA2,T51A,0.028971158
Omicron_BA2,T51C,0.3259285
Omicron_BA2,T51F,0.0884872
Omicron_BA2,T51I,0.07054314
Omicron_BA2,T51K,0.7300587
Omicron_BA2,T51N,-0.4695532025
Omicron_BA2,T51S,0.21145901
Omicron_BA2,Q52E,-1.755282
Omicron_BA2,Q52G,0.0
Omicron_BA2,Q52H,0.26095712
Omicron_BA2,Q52K,-0.05173457
Omicron_BA2,Q52L,-0.1540029
Omicron_BA2,Q52N,-0.09149759
Omicron_BA2,Q52P,-0.339757655
Omicron_BA2,Q52R,0.18503098
Omicron_BA2,Q52S,0.33970046
Omicron_BA2,Q52Y,0.087146915
Omicron_BA2,Q52*,-2.2281158
Omicron_BA2,Q52-,-0.6582635
Omicron_BA2,D53A,0.23212929
Omicron_BA2,D53C,-1.59248528
Omicron_BA2,D53E,0.1961842
Omicron_BA2,D53G,-0.059037026
Omicron_BA2,D53H,0.0
Omicron_BA2,D53N,-0.01275248000000001
Omicron_BA2,D53Y,-5.009141
Omicron_BA2,D53-,0.0
Omicron_BA2,L54F,-0.13997982
Omicron_BA2,L54M,0.017986499
Omicron_BA2,L54P,-5.447111
Omicron_BA2,L54Q,-0.3401768693
Omicron_BA2,L54R,-0.73096895
Omicron_BA2,L54S,-1.9314448
Omicron_BA2,L54V,-0.6960052
Omicron_BA2,L54W,-0.062009377
Omicron_BA2,L54Y,-0.07970405
Omicron_BA2,L54-,0.0
Omicron_BA2,F55I,0.0
Omicron_BA2,F55L,-1.8714851
Omicron_BA2,F55S,-2.691281
Omicron_BA2,F55V,0.0
Omicron_BA2,F55Y,-0.305519704
Omicron_BA2,L56F,-3.2160928
Omicron_BA2,L56I,-0.27982265
Omicron_BA2,L56M,-0.064590044
Omicron_BA2,L56P,-4.4320436
Omicron_BA2,L56Q,-0.38761142
Omicron_BA2,L56S,-2.4303699
Omicron_BA2,L56V,-0.54041774
Omicron_BA2,L56-,0.0
Omicron_BA2,P57A,-0.96599483
Omicron_BA2,P57L,-3.349743
Omicron_BA2,P57M,-1.9822391
Omicron_BA2,P57Q,-2.210827
Omicron_BA2,P57S,-2.0523133
Omicron_BA2,P57T,-3.745138
Omicron_BA2,P57-,-2.1721702
Omicron_BA2,F58C,-3.55489
Omicron_BA2,F58I,-1.5975021
Omicron_BA2,F58L,-0.979233
Omicron_BA2,F58M,-1.2063651
Omicron_BA2,F58N,0.0
Omicron_BA2,F58S,-2.8984144
Omicron_BA2,F58V,-3.0205638
Omicron_BA2,F58Y,-0.5676061
Omicron_BA2,F58-,-3.0975742
Omicron_BA2,F59I,-1.2579783
Omicron_BA2,F59L,-0.45846392
Omicron_BA2,F59N,-0.19805655
Omicron_BA2,F59S,-0.308481008
Omicron_BA2,F59V,0.0
Omicron_BA2,F59Y,0.010593477
Omicron_BA2,S60A,-0.36949303
Omicron_BA2,S60C,-0.37702897
Omicron_BA2,S60F,-4.7537036
Omicron_BA2,S60G,-0.50768897
Omicron_BA2,S60I,-2.1569786
Omicron_BA2,S60L,-2.847705
Omicron_BA2,S60N,-0.5604028
Omicron_BA2,S60P,-3.6283696
Omicron_BA2,S60R,-2.0014908
Omicron_BA2,S60T,-0.22042541
Omicron_BA2,S60Y,-2.2956736
Omicron_BA2,S60-,-2.6019404
Omicron_BA2,N61D,-0.32747445
Omicron_BA2,N61G,-1.6266694
Omicron_BA2,N61H,-0.45252117000000003
Omicron_BA2,N61K,-0.18529259
Omicron_BA2,N61M,-0.80591506
Omicron_BA2,N61Q,-0.25591892
Omicron_BA2,N61S,-0.295601976
Omicron_BA2,N61T,-0.15327558
Omicron_BA2,N61W,-1.2363099
Omicron_BA2,N61Y,-0.7514247
Omicron_BA2,N61-,-2.0561185
Omicron_BA2,V62A,-0.88173885
Omicron_BA2,V62C,-0.546859
Omicron_BA2,V62D,-2.930767
Omicron_BA2,V62E,0.0
Omicron_BA2,V62F,-2.07038463
Omicron_BA2,V62G,-1.1408396
Omicron_BA2,V62I,0.023715556
Omicron_BA2,V62L,0.04970185
Omicron_BA2,V62M,-0.07969865
Omicron_BA2,V62S,-1.8133284
Omicron_BA2,V62-,-1.55440845
Omicron_BA2,T63A,-0.569487
Omicron_BA2,T63E,-0.7945298
Omicron_BA2,T63I,-0.6410667
Omicron_BA2,T63K,0.24699777
Omicron_BA2,T63L,-0.8176792
Omicron_BA2,T63M,-0.5233031
Omicron_BA2,T63N,-0.43540126999999995
Omicron_BA2,T63P,-0.4166465
Omicron_BA2,T63Q,-0.16828898
Omicron_BA2,T63S,0.022717413
Omicron_BA2,T63-,-0.8561834399999999
Omicron_BA2,W64C,0.041181
Omicron_BA2,W64F,0.02341862
Omicron_BA2,W64G,0.085291505
Omicron_BA2,W64K,-0.031056046
Omicron_BA2,W64L,0.076070366
Omicron_BA2,W64N,0.0060661403
Omicron_BA2,W64Q,0.08812876
Omicron_BA2,W64R,-0.044645320000000016
Omicron_BA2,W64S,0.02553785
Omicron_BA2,W64*,-4.1505237
Omicron_BA2,W64-,0.07278013
Omicron_BA2,F65C,-0.61628086
Omicron_BA2,F65I,0.0184773
Omicron_BA2,F65L,-0.451218517
Omicron_BA2,F65S,-1.09975384
Omicron_BA2,F65V,0.14642984
Omicron_BA2,F65Y,0.27144378
Omicron_BA2,F65-,-0.03936223
Omicron_BA2,H66D,-0.28057504
Omicron_BA2,H66F,-0.27708032
Omicron_BA2,H66G,-0.4064803
Omicron_BA2,H66L,-0.33334389999999997
Omicron_BA2,H66M,-0.50926769
Omicron_BA2,H66N,0.124747194
Omicron_BA2,H66P,-0.79832289
Omicron_BA2,H66Q,0.1754652143
Omicron_BA2,H66R,0.0649182
Omicron_BA2,H66Y,-0.23209579599999997
Omicron_BA2,H66-,-0.12323424
Omicron_BA2,V67A,0.16471055299999998
Omicron_BA2,V67C,-0.027165069999999986
Omicron_BA2,V67D,0.12068547600000001
Omicron_BA2,V67E,0.004148895
Omicron_BA2,V67F,-0.262396847
Omicron_BA2,V67G,-0.15950001
Omicron_BA2,V67H,0.001212493000000002
Omicron_BA2,V67I,-0.07278799
Omicron_BA2,V67K,-0.57918413
Omicron_BA2,V67L,-0.022659961
Omicron_BA2,V67M,-0.122147486
Omicron_BA2,V67N,0.08164309
Omicron_BA2,V67P,-0.6884089177
Omicron_BA2,V67Q,-0.22679216
Omicron_BA2,V67R,-0.48964124000000003
Omicron_BA2,V67S,0.078161491
Omicron_BA2,V67T,0.0531629041
Omicron_BA2,V67W,-0.264656993
Omicron_BA2,V67Y,-0.51193247
Omicron_BA2,V67*,-4.9032483
Omicron_BA2,V67-,-0.03489466
Omicron_BA2,I68C,0.02499895
Omicron_BA2,I68F,0.05222096000000004
Omicron_BA2,I68K,-0.04365547
Omicron_BA2,I68L,-0.09245677
Omicron_BA2,I68M,-0.004352998
Omicron_BA2,I68N,-0.054532235999999984
Omicron_BA2,I68R,-0.15387284794
Omicron_BA2,I68S,-0.042324476
Omicron_BA2,I68T,0.013895024
Omicron_BA2,I68V,-0.0077754837
Omicron_BA2,I68Y,-0.069170419
Omicron_BA2,I68-,0.15041721600000002
Omicron_BA2,S71A,0.037707567
Omicron_BA2,S71C,0.39366686
Omicron_BA2,S71E,-0.12898417
Omicron_BA2,S71F,-0.18658679499999997
Omicron_BA2,S71I,0.31309196
Omicron_BA2,S71L,0.014654368
Omicron_BA2,S71P,0.16658202
Omicron_BA2,S71Q,0.0
Omicron_BA2,S71R,-0.32659483
Omicron_BA2,S71T,-0.09662041
Omicron_BA2,S71V,0.060110476
Omicron_BA2,S71Y,-0.155718864
Omicron_BA2,S71-,-0.017483889999999974
Omicron_BA2,G72A,-0.141559834
Omicron_BA2,G72C,0.03092441
Omicron_BA2,G72D,0.058238674
Omicron_BA2,G72E,0.018427573
Omicron_BA2,G72R,-0.19972882
Omicron_BA2,G72S,0.034727097
Omicron_BA2,G72T,-1.207253
Omicron_BA2,G72V,-0.17730615
Omicron_BA2,G72W,-0.29255198000000004
Omicron_BA2,G72-,-0.010781958
Omicron_BA2,T73A,-0.18261223
Omicron_BA2,T73I,-0.11142397729999999
Omicron_BA2,T73L,-0.052195
Omicron_BA2,T73N,0.062486857
Omicron_BA2,T73P,0.04293677
Omicron_BA2,T73S,-0.20772326
Omicron_BA2,T73-,0.063707844
Omicron_BA2,N74D,0.06499091
Omicron_BA2,N74H,0.03951256
Omicron_BA2,N74I,-0.047061899
Omicron_BA2,N74K,-0.20116012449999998
Omicron_BA2,N74M,-0.1357307
Omicron_BA2,N74S,-0.17707384
Omicron_BA2,N74T,-0.06880692000000001
Omicron_BA2,N74Y,-0.21143334
Omicron_BA2,N74-,-0.09132567
Omicron_BA2,G75A,0.048137978
Omicron_BA2,G75C,-0.161304276
Omicron_BA2,G75D,0.096427955
Omicron_BA2,G75E,0.09513479296999999
Omicron_BA2,G75F,0.076058629
Omicron_BA2,G75H,-0.10542665000000001
Omicron_BA2,G75I,0.00022066923
Omicron_BA2,G75K,0.08466492
Omicron_BA2,G75L,-0.023683459999999996
Omicron_BA2,G75M,-0.04942339999999999
Omicron_BA2,G75N,0.061998978
Omicron_BA2,G75P,-0.1271979502
Omicron_BA2,G75Q,0.06486619
Omicron_BA2,G75R,-0.018349529999999996
Omicron_BA2,G75S,-0.00022170999999999996
Omicron_BA2,G75T,0.13988584440000001
Omicron_BA2,G75V,-0.035880782
Omicron_BA2,G75W,-0.0020998100000000075
Omicron_BA2,G75Y,0.031773764999999995
Omicron_BA2,G75*,-4.6843204
Omicron_BA2,G75-,0.07174086000000002
Omicron_BA2,T76A,-0.096873849
Omicron_BA2,T76C,-0.493833423
Omicron_BA2,T76D,-0.025463812
Omicron_BA2,T76E,0.075634113
Omicron_BA2,T76F,-0.37174593
Omicron_BA2,T76G,-0.14497836
Omicron_BA2,T76H,-0.207048276
Omicron_BA2,T76I,-0.13358509259999998
Omicron_BA2,T76K,-0.04435082
Omicron_BA2,T76L,-0.178167588
Omicron_BA2,T76M,0.032275474
Omicron_BA2,T76N,-0.12130316399999999
Omicron_BA2,T76P,-0.04801191
Omicron_BA2,T76Q,-0.154050084
Omicron_BA2,T76R,-0.143893899
Omicron_BA2,T76S,0.05364285
Omicron_BA2,T76V,-0.010361309
Omicron_BA2,T76W,-0.287328883
Omicron_BA2,T76Y,-0.22770009600000002
Omicron_BA2,T76*,-4.847464
Omicron_BA2,T76-,0.007975348
Omicron_BA2,K77C,0.1423627
Omicron_BA2,K77E,0.045954298000000005
Omicron_BA2,K77I,0.047573037
Omicron_BA2,K77M,-0.005883684
Omicron_BA2,K77N,0.062204116999999996
Omicron_BA2,K77Q,-0.08862925
Omicron_BA2,K77R,-0.13840580000000002
Omicron_BA2,K77S,-1.1539458
Omicron_BA2,K77T,-0.09989983699999999
Omicron_BA2,K77*,0.47450012
Omicron_BA2,K77-,-0.1340490065
Omicron_BA2,R78E,0.18380731
Omicron_BA2,R78G,-0.09249386299999998
Omicron_BA2,R78K,0.08645463
Omicron_BA2,R78L,0.033289086
Omicron_BA2,R78M,0.064698488
Omicron_BA2,R78S,0.057967284
Omicron_BA2,R78T,0.094674875
Omicron_BA2,R78W,-0.101713944
Omicron_BA2,R78Y,-0.16427772
Omicron_BA2,R78*,0.0
Omicron_BA2,R78-,-0.16913538
Omicron_BA2,F79C,0.0
Omicron_BA2,F79I,0.0
Omicron_BA2,F79L,0.17013909
Omicron_BA2,F79S,0.17828925
Omicron_BA2,F79V,0.05578111999999996
Omicron_BA2,F79W,0.06159656
Omicron_BA2,F79Y,0.08941585
Omicron_BA2,F79-,-0.06102964
Omicron_BA2,D80A,-0.13329853
Omicron_BA2,D80C,-0.19339702
Omicron_BA2,D80E,-0.033244725999999995
Omicron_BA2,D80F,-0.0268028
Omicron_BA2,D80G,-0.0665344
Omicron_BA2,D80H,-0.049024004
Omicron_BA2,D80I,-0.170725483
Omicron_BA2,D80K,-0.15755291999999999
Omicron_BA2,D80L,-0.27272315999999996
Omicron_BA2,D80M,-0.043320008
Omicron_BA2,D80N,-0.052102204
Omicron_BA2,D80P,-0.18063292
Omicron_BA2,D80Q,-0.060511905
Omicron_BA2,D80R,-0.18500938
Omicron_BA2,D80S,-0.014655361
Omicron_BA2,D80T,-0.17125514
Omicron_BA2,D80V,-0.275294103
Omicron_BA2,D80W,-0.175488096
Omicron_BA2,D80Y,-0.080103586
Omicron_BA2,D80*,-2.519988
Omicron_BA2,D80-,0.0431548255
Omicron_BA2,N81D,0.046667679999999996
Omicron_BA2,N81G,-0.24704175
Omicron_BA2,N81K,-0.06754514
Omicron_BA2,N81Q,-0.123798445
Omicron_BA2,N81S,-0.09813606999999999
Omicron_BA2,N81T,-0.0126699675
Omicron_BA2,N81V,0.0
Omicron_BA2,N81Y,-0.13866922
Omicron_BA2,N81-,-0.10787112
Omicron_BA2,P82A,0.14903298
Omicron_BA2,P82F,-0.3340797
Omicron_BA2,P82H,0.089052779
Omicron_BA2,P82I,-0.3130353
Omicron_BA2,P82L,-0.020385399999999998
Omicron_BA2,P82R,-0.070986465
Omicron_BA2,P82S,0.16451291399999998
Omicron_BA2,P82T,-0.021479650000000003
Omicron_BA2,P82-,-0.3877437
Omicron_BA2,V83A,0.198082406
Omicron_BA2,V83C,0.014020902
Omicron_BA2,V83D,-0.41032934
Omicron_BA2,V83E,-0.0911111
Omicron_BA2,V83F,0.06276529330000001
Omicron_BA2,V83G,0.0
Omicron_BA2,V83I,0.044443548
Omicron_BA2,V83L,-0.07158804999999999
Omicron_BA2,V83M,0.0012866823
Omicron_BA2,V83T,-0.018324984
Omicron_BA2,V83-,0.107991226
Omicron_BA2,L84E,-0.52031165
Omicron_BA2,L84I,0.04395035000000001
Omicron_BA2,L84M,-0.01716838
Omicron_BA2,L84P,-0.08853800000000012
Omicron_BA2,L84Q,-0.24121709
Omicron_BA2,L84V,-0.10866567199999999
Omicron_BA2,L84-,-0.4096684
Omicron_BA2,P85A,0.21452807
Omicron_BA2,P85D,-0.11139349
Omicron_BA2,P85L,-0.13709376
Omicron_BA2,P85N,-0.026479913
Omicron_BA2,P85Q,0.11815156
Omicron_BA2,P85R,0.17607638
Omicron_BA2,P85S,-0.13702407
Omicron_BA2,P85T,0.0009638504
Omicron_BA2,P85-,-0.07806935999999998
Omicron_BA2,F86I,-1.41419196
Omicron_BA2,F86K,0.26159385
Omicron_BA2,F86L,-1.42748507
Omicron_BA2,F86S,-1.7430538
Omicron_BA2,F86V,-0.29895422
Omicron_BA2,F86Y,-0.027142250000000007
Omicron_BA2,F86-,-3.5288637
Omicron_BA2,N87C,-0.16890205
Omicron_BA2,N87D,-0.108344259
Omicron_BA2,N87E,0.0
Omicron_BA2,N87H,-0.026808323
Omicron_BA2,N87I,-0.43950001
Omicron_BA2,N87K,-0.08238152000000001
Omicron_BA2,N87L,-0.24426910200000002
Omicron_BA2,N87M,-0.1061003
Omicron_BA2,N87S,-0.23856969
Omicron_BA2,N87T,-0.308927264
Omicron_BA2,N87Y,-0.044092882
Omicron_BA2,N87*,0.44371223
Omicron_BA2,N87-,-2.89623
Omicron_BA2,D88A,-0.15668543000000001
Omicron_BA2,D88E,0.066320372
Omicron_BA2,D88G,-0.06710793400000001
Omicron_BA2,D88H,-0.048497435
Omicron_BA2,D88L,-0.336450576
Omicron_BA2,D88N,-0.096020065
Omicron_BA2,D88S,-0.3186224
Omicron_BA2,D88T,-1.1862226
Omicron_BA2,D88V,-0.3472159
Omicron_BA2,D88Y,-0.30409664
Omicron_BA2,D88-,-5.287605
Omicron_BA2,G89A,0.0
Omicron_BA2,G89D,-1.6090455
Omicron_BA2,G89E,-1.7005155
Omicron_BA2,G89M,-3.6469173
Omicron_BA2,G89P,0.7096382
Omicron_BA2,G89R,-4.046289
Omicron_BA2,G89S,-1.6412903
Omicron_BA2,G89V,-3.003981
Omicron_BA2,G89W,-3.4022837
Omicron_BA2,G89*,-3.6591816
Omicron_BA2,G89-,-3.185134
Omicron_BA2,V90A,-0.69531986
Omicron_BA2,V90C,-0.36322203
Omicron_BA2,V90D,-3.48824
Omicron_BA2,V90F,-0.31998535139999995
Omicron_BA2,V90G,0.0
Omicron_BA2,V90I,-0.0020830324
Omicron_BA2,V90L,-0.094447681
Omicron_BA2,V90M,0.005481611
Omicron_BA2,V90R,-2.6110466
Omicron_BA2,V90S,-0.36584163
Omicron_BA2,V90-,-1.4960063
Omicron_BA2,Y91C,-1.6995057
Omicron_BA2,Y91D,-4.444471
Omicron_BA2,Y91F,-0.32860848
Omicron_BA2,Y91H,-3.410142
Omicron_BA2,Y91L,-2.7437909
Omicron_BA2,Y91T,-3.1822588
Omicron_BA2,Y91V,-2.4568372
Omicron_BA2,Y91*,-3.0430293
Omicron_BA2,Y91-,-0.071278326
Omicron_BA2,F92C,-0.55248594
Omicron_BA2,F92I,-0.8930301599999999
Omicron_BA2,F92L,-0.8595786000000001
Omicron_BA2,F92N,-1.1697676
Omicron_BA2,F92S,-0.6730892
Omicron_BA2,F92V,-0.0221578
Omicron_BA2,F92Y,-0.156846358
Omicron_BA2,F92-,-2.0210855
Omicron_BA2,A93C,-0.85779609
Omicron_BA2,A93D,-3.069975
Omicron_BA2,A93G,-0.39349857
Omicron_BA2,A93I,-4.3024445
Omicron_BA2,A93L,-1.71922574
Omicron_BA2,A93P,-3.199498
Omicron_BA2,A93S,-0.18020481500000002
Omicron_BA2,A93T,-1.72347727
Omicron_BA2,A93V,-1.61958233
Omicron_BA2,A93-,-0.009996971
Omicron_BA2,S94A,-0.091261398
Omicron_BA2,S94C,-0.28525792499999997
Omicron_BA2,S94D,0.0
Omicron_BA2,S94F,-0.24316843
Omicron_BA2,S94G,-1.286924365
Omicron_BA2,S94I,0.124195956
Omicron_BA2,S94L,-0.30312636
Omicron_BA2,S94N,-0.13093108
Omicron_BA2,S94P,-2.7197042
Omicron_BA2,S94R,-0.9876318
Omicron_BA2,S94T,0.15560807000000001
Omicron_BA2,S94V,0.0
Omicron_BA2,S94Y,-0.44810036
Omicron_BA2,S94-,-0.030703677
Omicron_BA2,I95A,0.02761266500000001
Omicron_BA2,I95C,-0.18273664
Omicron_BA2,I95D,-0.10358614
Omicron_BA2,I95E,-0.21798059999999997
Omicron_BA2,I95F,-0.15013152
Omicron_BA2,I95G,-0.011365830000000021
Omicron_BA2,I95H,-0.05840698
Omicron_BA2,I95K,-0.083514124
Omicron_BA2,I95L,-0.19144250000000002
Omicron_BA2,I95M,-0.08420662
Omicron_BA2,I95N,-0.07031955999999999
Omicron_BA2,I95P,-0.23412539999999993
Omicron_BA2,I95Q,-0.10172264
Omicron_BA2,I95R,-0.27479054
Omicron_BA2,I95S,-0.02541041
Omicron_BA2,I95T,-0.02194367
Omicron_BA2,I95V,-0.081038042
Omicron_BA2,I95W,-0.08891266
Omicron_BA2,I95Y,-0.02502164000000001
Omicron_BA2,I95*,-5.0919952
Omicron_BA2,E96A,-0.16935772
Omicron_BA2,E96D,-0.106841397
Omicron_BA2,E96G,-0.25224861
Omicron_BA2,E96K,-0.75682347
Omicron_BA2,E96L,-0.66697681
Omicron_BA2,E96P,-1.5156703
Omicron_BA2,E96Q,-0.174491354
Omicron_BA2,E96V,-0.306583167
Omicron_BA2,E96Y,-0.09180355
Omicron_BA2,E96*,-3.3510482
Omicron_BA2,K97E,-0.06894845499999999
Omicron_BA2,K97H,0.00997777
Omicron_BA2,K97L,-0.14099225
Omicron_BA2,K97M,-0.243140655
Omicron_BA2,K97N,-0.05258077
Omicron_BA2,K97Q,-0.036283847
Omicron_BA2,K97R,-0.017225962
Omicron_BA2,K97S,0.0034870587
Omicron_BA2,K97T,-0.033129722
Omicron_BA2,S98A,0.08374372
Omicron_BA2,S98C,-0.32873742
Omicron_BA2,S98D,0.107309718
Omicron_BA2,S98E,0.0070218416
Omicron_BA2,S98F,-0.21089902500000002
Omicron_BA2,S98G,-0.18212298500000001
Omicron_BA2,S98H,-0.16336768
Omicron_BA2,S98I,-0.11768234899999999
Omicron_BA2,S98K,-0.02067932
Omicron_BA2,S98L,-0.1306501521
Omicron_BA2,S98M,-0.021782482
Omicron_BA2,S98N,-0.03718162
Omicron_BA2,S98P,-0.080005153
Omicron_BA2,S98Q,-0.299979604
Omicron_BA2,S98R,-0.0670861557
Omicron_BA2,S98T,-0.04099035
Omicron_BA2,S98V,-0.126353505
Omicron_BA2,S98W,-0.06183438200000001
Omicron_BA2,S98Y,-0.07335092800000001
Omicron_BA2,S98*,-5.2209835
Omicron_BA2,N99D,-0.006662980000000001
Omicron_BA2,N99G,0.0
Omicron_BA2,N99I,0.3821137
Omicron_BA2,N99K,-0.121212676
Omicron_BA2,N99S,-0.04909796
Omicron_BA2,N99T,-0.071796514
Omicron_BA2,N99Y,-0.0871396785
Omicron_BA2,I100F,0.0
Omicron_BA2,I100H,-0.06680269999999999
Omicron_BA2,I100K,0.06784741
Omicron_BA2,I100L,-0.092497085
Omicron_BA2,I100M,0.055269677
Omicron_BA2,I100N,0.1293533
Omicron_BA2,I100R,-0.047888666
Omicron_BA2,I100T,-0.027134329999999998
Omicron_BA2,I100V,0.04054143
Omicron_BA2,I100-,-0.38898852
Omicron_BA2,I101L,-0.052333873
Omicron_BA2,I101M,-0.11059139899999999
Omicron_BA2,I101N,-1.55695879
Omicron_BA2,I101T,-0.38074462
Omicron_BA2,I101V,-0.194860437
Omicron_BA2,I101-,-1.0841025
Omicron_BA2,R102A,-0.20633774
Omicron_BA2,R102D,-2.157171
Omicron_BA2,R102E,-1.4976622
Omicron_BA2,R102G,-0.340225323
Omicron_BA2,R102I,-0.580439927
Omicron_BA2,R102K,-0.241947825
Omicron_BA2,R102M,-0.080294564
Omicron_BA2,R102S,-0.338648638
Omicron_BA2,R102T,-0.38974965699999997
Omicron_BA2,R102W,0.816121
Omicron_BA2,R102-,0.01083342
Omicron_BA2,G103A,-1.1936196
Omicron_BA2,G103C,-1.85303658
Omicron_BA2,G103D,-4.6180353
Omicron_BA2,G103F,-1.12253149161
Omicron_BA2,G103R,-2.283681
Omicron_BA2,G103S,-1.5902482
Omicron_BA2,G103V,-0.305444
Omicron_BA2,G103-,-0.8347269
Omicron_BA2,W104C,-2.8806617
Omicron_BA2,W104F,-0.22251210700000001
Omicron_BA2,W104G,-2.194852
Omicron_BA2,W104L,-1.53201188
Omicron_BA2,W104R,-5.0065026
Omicron_BA2,W104S,-3.6706655
Omicron_BA2,W104*,-2.299026
Omicron_BA2,W104-,-0.39805016
Omicron_BA2,I105D,-2.8167186
Omicron_BA2,I105F,-0.18127151
Omicron_BA2,I105L,-0.0231849
Omicron_BA2,I105M,-0.029153613
Omicron_BA2,I105N,-0.347860035
Omicron_BA2,I105S,0.0
Omicron_BA2,I105T,-0.38660058
Omicron_BA2,I105V,-0.07129885
Omicron_BA2,I105Y,-0.088569336
Omicron_BA2,I105-,0.81775624
Omicron_BA2,F106I,-1.90828321
Omicron_BA2,F106L,-0.238872265
Omicron_BA2,F106S,-2.5875273
Omicron_BA2,F106V,-1.8331871
Omicron_BA2,F106Y,-0.436145475
Omicron_BA2,F106-,-2.252918
Omicron_BA2,G107A,0.0
Omicron_BA2,G107C,-5.1592913
Omicron_BA2,G107D,-4.610582
Omicron_BA2,G107F,-3.1463845
Omicron_BA2,G107L,-4.0127716
Omicron_BA2,G107R,-2.864101
Omicron_BA2,G107S,-2.4253383
Omicron_BA2,G107V,-3.4589157
Omicron_BA2,G107-,0.38144347
Omicron_BA2,T108A,-0.45937732
Omicron_BA2,T108C,-0.8618282
Omicron_BA2,T108I,-1.2445378599999999
Omicron_BA2,T108L,-0.7647591
Omicron_BA2,T108N,-0.06759627999999998
Omicron_BA2,T108R,-1.5337367
Omicron_BA2,T108S,-0.022998619999999997
Omicron_BA2,T108V,1.0323551
Omicron_BA2,T108Y,-1.7458928
Omicron_BA2,T108-,-1.79392752
Omicron_BA2,T109A,-0.8788441499999999
Omicron_BA2,T109F,-1.5180446
Omicron_BA2,T109I,-2.1318239
Omicron_BA2,T109K,-0.5878259800000001
Omicron_BA2,T109L,-0.61837506
Omicron_BA2,T109N,-0.1647401644
Omicron_BA2,T109S,0.12850018
Omicron_BA2,T109-,0.16888686
Omicron_BA2,L110E,-2.358774
Omicron_BA2,L110F,-0.13713571
Omicron_BA2,L110I,-0.85348371
Omicron_BA2,L110M,-0.009708665
Omicron_BA2,L110P,-4.1398797
Omicron_BA2,L110Q,0.0
Omicron_BA2,L110R,0.0
Omicron_BA2,L110V,-1.5919084
Omicron_BA2,L110Y,-1.1016506799999999
Omicron_BA2,L110-,-0.38428617
Omicron_BA2,D111E,-0.20869842
Omicron_BA2,D111G,-0.90352212
Omicron_BA2,D111H,-1.11848486
Omicron_BA2,D111I,-2.9369287
Omicron_BA2,D111M,-1.8919346
Omicron_BA2,D111N,-0.13757835599999998
Omicron_BA2,D111P,-3.443574
Omicron_BA2,D111R,-1.0578546
Omicron_BA2,D111T,0.032919675
Omicron_BA2,D111V,0.0037610629
Omicron_BA2,D111Y,-1.4382876
Omicron_BA2,D111-,-1.6422075
Omicron_BA2,S112A,-0.09390443
Omicron_BA2,S112C,0.0
Omicron_BA2,S112F,-0.061369605
Omicron_BA2,S112G,-0.2266884
Omicron_BA2,S112I,-0.08159193000000001
Omicron_BA2,S112K,-0.062727784
Omicron_BA2,S112L,-0.022276194
Omicron_BA2,S112M,-0.046491450000000004
Omicron_BA2,S112N,0.016030494
Omicron_BA2,S112P,-0.234362344
Omicron_BA2,S112Q,0.015258555999999996
Omicron_BA2,S112R,-0.0167622414
Omicron_BA2,S112T,-0.077979413
Omicron_BA2,S112W,0.0
Omicron_BA2,K113E,-0.24683363
Omicron_BA2,K113M,-0.28060367999999997
Omicron_BA2,K113N,-0.067699804
Omicron_BA2,K113P,-0.3399705
Omicron_BA2,K113Q,-0.1969933
Omicron_BA2,K113R,-0.0065118014
Omicron_BA2,K113S,-0.18406513
Omicron_BA2,K113T,-0.15956439
Omicron_BA2,T114A,-0.48457669
Omicron_BA2,T114I,-2.7505617
Omicron_BA2,T114N,-3.689044
Omicron_BA2,T114P,-2.6125753
Omicron_BA2,T114R,-0.99607533
Omicron_BA2,T114S,-0.14953533
Omicron_BA2,Q115H,-1.2898992
Omicron_BA2,Q115K,-1.298376
Omicron_BA2,Q115L,-0.310401046
Omicron_BA2,Q115P,-0.27850262
Omicron_BA2,Q115R,-1.2310357
Omicron_BA2,Q115S,-0.38728932
Omicron_BA2,Q115*,-2.8031561
Omicron_BA2,S116D,-2.5597432
Omicron_BA2,S116F,-2.712057
Omicron_BA2,S116K,-1.6619529
Omicron_BA2,S116P,-3.7410893
Omicron_BA2,S116V,-0.505479
Omicron_BA2,S116Y,-3.7073615
Omicron_BA2,L117A,-0.1500489
Omicron_BA2,L117I,-0.04977675
Omicron_BA2,L117M,-0.062296767
Omicron_BA2,L117P,-3.405368
Omicron_BA2,L117Q,1.1040618000000002
Omicron_BA2,L117R,-2.816945
Omicron_BA2,L117W,-0.8446777
Omicron_BA2,L117Y,-1.9046947
Omicron_BA2,L117-,0.0
Omicron_BA2,L118F,-0.15880753
Omicron_BA2,L118I,0.021489648
Omicron_BA2,L118M,-0.1186098
Omicron_BA2,L118P,-3.6493711
Omicron_BA2,L118Q,0.0
Omicron_BA2,L118V,-0.212955287
Omicron_BA2,I119F,-0.3704114
Omicron_BA2,I119G,-2.984299
Omicron_BA2,I119L,-0.341455822
Omicron_BA2,I119T,-0.41825974
Omicron_BA2,I119V,-0.172224734
Omicron_BA2,I119-,-3.9530816
Omicron_BA2,V120A,-0.228001146
Omicron_BA2,V120D,-1.7176336
Omicron_BA2,V120E,0.0
Omicron_BA2,V120F,-0.140131198
Omicron_BA2,V120I,0.047083184
Omicron_BA2,V120L,-0.020520775
Omicron_BA2,V120M,-0.0983652
Omicron_BA2,V120Y,-0.95339733
Omicron_BA2,V120-,-2.8227015
Omicron_BA2,N121D,0.094929576
Omicron_BA2,N121I,-0.45623732
Omicron_BA2,N121K,-0.33275935
Omicron_BA2,N121S,-0.16699767
Omicron_BA2,N121T,-0.21752648
Omicron_BA2,N121Y,0.0
Omicron_BA2,N121-,-3.8403661
Omicron_BA2,N122D,-0.53732511
Omicron_BA2,N122I,-0.6724647
Omicron_BA2,N122K,-0.5281539
Omicron_BA2,N122S,-0.19276614
Omicron_BA2,N122T,-0.09467554
Omicron_BA2,N122Y,0.0
Omicron_BA2,N122-,-3.2593064
Omicron_BA2,A123D,-0.20825887
Omicron_BA2,A123G,-0.07557104
Omicron_BA2,A123L,0.037138503
Omicron_BA2,A123N,-0.57286626
Omicron_BA2,A123P,0.112150185
Omicron_BA2,A123S,-0.048591723
Omicron_BA2,A123T,-0.40381782
Omicron_BA2,A123V,-0.087735124
Omicron_BA2,A123-,-3.0912485
Omicron_BA2,T124A,-0.16083494
Omicron_BA2,T124I,-0.30832753
Omicron_BA2,T124L,-0.22256005
Omicron_BA2,T124N,-0.15910569
Omicron_BA2,T124S,-0.017589346
Omicron_BA2,T124-,-1.6846402
Omicron_BA2,N125D,0.011858219
Omicron_BA2,N125H,-0.139476752
Omicron_BA2,N125K,0.10484826
Omicron_BA2,N125M,-0.4112364
Omicron_BA2,N125S,-0.195577806
Omicron_BA2,N125T,-0.14062238
Omicron_BA2,N125V,0.16930726
Omicron_BA2,N125-,-3.546909
Omicron_BA2,V126A,-0.17286526
Omicron_BA2,V126E,-0.25865087
Omicron_BA2,V126F,-0.36025980999999996
Omicron_BA2,V126G,0.099489406
Omicron_BA2,V126I,-0.163633671
Omicron_BA2,V126L,-0.26636064
Omicron_BA2,V126M,-0.102154255
Omicron_BA2,V126S,-0.338914
Omicron_BA2,V126-,-4.083374
Omicron_BA2,V127A,-0.07154496000000002
Omicron_BA2,V127E,0.0
Omicron_BA2,V127F,-0.15369265
Omicron_BA2,V127G,0.0041683344
Omicron_BA2,V127I,-0.18546374
Omicron_BA2,V127L,0.0024472810000000025
Omicron_BA2,V127M,-7.91559999999969e-05
Omicron_BA2,I128F,-0.24475698
Omicron_BA2,I128L,-0.36426702
Omicron_BA2,I128N,-1.8863693
Omicron_BA2,I128P,-2.1692533
Omicron_BA2,I128T,-0.578548
Omicron_BA2,I128V,-0.08010003999999998
Omicron_BA2,I128-,-3.1315513
Omicron_BA2,K129E,-1.30593776
Omicron_BA2,K129G,-1.5016954
Omicron_BA2,K129M,-0.45727172
Omicron_BA2,K129N,-0.53806133
Omicron_BA2,K129Q,0.0
Omicron_BA2,K129R,-0.018138267
Omicron_BA2,K129T,-0.46870537999999995
Omicron_BA2,K129-,-2.1013373200000003
Omicron_BA2,V130A,-0.2852256
Omicron_BA2,V130E,0.0
Omicron_BA2,V130F,-0.9048309999999999
Omicron_BA2,V130G,-0.9665694
Omicron_BA2,V130I,-0.21419396
Omicron_BA2,V130L,-0.06337943
Omicron_BA2,V130M,-0.12278878
Omicron_BA2,V130S,-0.7030189
Omicron_BA2,V130Y,-0.7507177
Omicron_BA2,C131F,-2.197983
Omicron_BA2,C131G,0.3067135
Omicron_BA2,C131L,-1.6465515
Omicron_BA2,C131R,-4.018803
Omicron_BA2,C131S,-3.2719855
Omicron_BA2,C131V,-3.128947
Omicron_BA2,C131W,-2.8335881
Omicron_BA2,C131Y,-2.1468387
Omicron_BA2,C131*,-0.9050663
Omicron_BA2,E132A,0.011307560000000008
Omicron_BA2,E132D,-0.11173881199999999
Omicron_BA2,E132G,-0.23787999
Omicron_BA2,E132K,0.022603689999999982
Omicron_BA2,E132N,-0.0961555
Omicron_BA2,E132P,-2.0227485
Omicron_BA2,E132Q,0.153934478
Omicron_BA2,E132V,0.20910935
Omicron_BA2,E132*,-2.6090539
Omicron_BA2,E132-,0.0
Omicron_BA2,F133C,-1.0002122
Omicron_BA2,F133I,-0.734898096
Omicron_BA2,F133L,-1.30244208
Omicron_BA2,F133S,-3.5961366
Omicron_BA2,F133Y,-0.13695343
Omicron_BA2,F133-,-1.6821485
Omicron_BA2,Q134E,0.16467339
Omicron_BA2,Q134H,-0.173567282
Omicron_BA2,Q134K,-0.22224390500000002
Omicron_BA2,Q134L,-0.130703367
Omicron_BA2,Q134N,0.045928065
Omicron_BA2,Q134R,-0.253916015
Omicron_BA2,Q134S,-0.11487484626
Omicron_BA2,Q134V,-0.12308855
Omicron_BA2,Q134*,-2.4649222
Omicron_BA2,Q134-,-0.49971598
Omicron_BA2,F135I,0.01004037
Omicron_BA2,F135L,-0.09223661
Omicron_BA2,F135M,0.0
Omicron_BA2,F135S,-0.47998855
Omicron_BA2,F135V,-0.08641573999999999
Omicron_BA2,F135Y,-0.59587356
Omicron_BA2,F135-,-0.6385982
Omicron_BA2,C136F,-0.615212052
Omicron_BA2,C136G,-0.85698847
Omicron_BA2,C136L,-0.44054582
Omicron_BA2,C136N,-0.6126076
Omicron_BA2,C136R,-0.34605872200000004
Omicron_BA2,C136S,-0.8976539099999999
Omicron_BA2,C136V,-0.78542445
Omicron_BA2,C136W,-0.2193604
Omicron_BA2,C136Y,-0.5178956800000001
Omicron_BA2,C136*,0.0
Omicron_BA2,C136-,-1.18327913
Omicron_BA2,N137A,0.8888904
Omicron_BA2,N137D,-0.008244639
Omicron_BA2,N137G,0.0
Omicron_BA2,N137H,-0.330262
Omicron_BA2,N137I,0.08863902
Omicron_BA2,N137K,-0.051945355
Omicron_BA2,N137L,-1.0532855
Omicron_BA2,N137M,-0.0027977333
Omicron_BA2,N137S,0.031233272000000006
Omicron_BA2,N137T,0.089908463
Omicron_BA2,N137Y,-0.303901235
Omicron_BA2,N137*,0.0
Omicron_BA2,N137-,-1.31978888
Omicron_BA2,D138A,-0.32407239200000004
Omicron_BA2,D138C,-0.11925584
Omicron_BA2,D138E,-0.157981725
Omicron_BA2,D138F,-0.838712896
Omicron_BA2,D138G,-0.487585473
Omicron_BA2,D138H,-0.12683809
Omicron_BA2,D138I,-0.74474474
Omicron_BA2,D138K,-0.560408175
Omicron_BA2,D138L,-0.60848328
Omicron_BA2,D138M,-0.6207402200000001
Omicron_BA2,D138N,-0.044128004
Omicron_BA2,D138P,-0.603506005
Omicron_BA2,D138Q,-0.16875316899999998
Omicron_BA2,D138R,-0.44220847399999996
Omicron_BA2,D138S,-0.090023405
Omicron_BA2,D138T,-0.472320014
Omicron_BA2,D138V,-0.64687969
Omicron_BA2,D138W,-0.566551455
Omicron_BA2,D138Y,-0.537257263
Omicron_BA2,D138*,-2.60371
Omicron_BA2,D138-,-0.58447444
Omicron_BA2,P139A,-0.72557527
Omicron_BA2,P139D,-0.32798597
Omicron_BA2,P139H,-1.2313980400000002
Omicron_BA2,P139L,-0.86744557
Omicron_BA2,P139Q,-1.0727922699999999
Omicron_BA2,P139R,-1.1858646
Omicron_BA2,P139S,-0.59953919
Omicron_BA2,P139T,-0.71012165
Omicron_BA2,P139-,-0.84735264
Omicron_BA2,F140H,0.0
Omicron_BA2,F140I,0.052490495
Omicron_BA2,F140L,-0.40939264
Omicron_BA2,F140M,-0.2736331
Omicron_BA2,F140R,-0.1534818
Omicron_BA2,F140S,-0.67262241
Omicron_BA2,F140V,-0.14556602
Omicron_BA2,F140Y,-0.14273249
Omicron_BA2,F140-,-0.39975473
Omicron_BA2,L141A,-1.2202051
Omicron_BA2,L141F,-0.238198175
Omicron_BA2,L141I,0.06682952
Omicron_BA2,L141M,-0.034268966
Omicron_BA2,L141P,-0.771186994
Omicron_BA2,L141Q,0.15143046
Omicron_BA2,L141R,0.7857732
Omicron_BA2,L141S,-0.46222682
Omicron_BA2,L141V,-0.0070391577
Omicron_BA2,L141W,-0.13832
Omicron_BA2,L141Y,0.094256826
Omicron_BA2,L141-,-0.45333565
Omicron_BA2,D142A,-0.65579164
Omicron_BA2,D142C,-0.7874811399999999
Omicron_BA2,D142E,0.0253654526
Omicron_BA2,D142F,-1.4793426200000002
Omicron_BA2,D142G,-0.681990094
Omicron_BA2,D142H,-1.104486094
Omicron_BA2,D142I,-1.540086546
Omicron_BA2,D142K,-1.22813348
Omicron_BA2,D142L,-1.561038459
Omicron_BA2,D142M,-1.0189365400000001
Omicron_BA2,D142N,-1.011817821
Omicron_BA2,D142P,-1.0783206855
Omicron_BA2,D142Q,-0.411862106
Omicron_BA2,D142R,-1.27033884
Omicron_BA2,D142S,-0.43092111
Omicron_BA2,D142T,-0.538611229
Omicron_BA2,D142V,-0.92137884
Omicron_BA2,D142W,-0.7756332499999999
Omicron_BA2,D142Y,-1.17171949
Omicron_BA2,D142*,-4.49687
Omicron_BA2,D142-,-0.6433400499999999
Omicron_BA2,H146D,0.14274339
Omicron_BA2,H146G,0.0
Omicron_BA2,H146K,-0.09335607
Omicron_BA2,H146L,-0.060127795
Omicron_BA2,H146N,-0.016977491999999997
Omicron_BA2,H146P,-0.009752509
Omicron_BA2,H146Q,-0.024660114
Omicron_BA2,H146R,-0.22433151
Omicron_BA2,H146S,0.033188857
Omicron_BA2,H146T,-0.19769757999999998
Omicron_BA2,H146Y,-0.10478813
Omicron_BA2,H146-,0.030935612
Omicron_BA2,K147A,0.091545634
Omicron_BA2,K147E,0.06900613500000001
Omicron_BA2,K147G,0.02586867
Omicron_BA2,K147I,0.080864064
Omicron_BA2,K147M,0.67476976
Omicron_BA2,K147N,-0.037763069999999996
Omicron_BA2,K147P,0.1340382
Omicron_BA2,K147Q,0.049528595
Omicron_BA2,K147R,-0.012390001
Omicron_BA2,K147T,0.31541223
Omicron_BA2,K147V,-0.25982228
Omicron_BA2,K147*,-3.070106
Omicron_BA2,K147-,-0.09290595999999998
Omicron_BA2,N148D,0.0804016998
Omicron_BA2,N148G,0.16851036
Omicron_BA2,N148H,-0.19104366
Omicron_BA2,N148I,-0.29801556
Omicron_BA2,N148K,-0.054033652
Omicron_BA2,N148Q,0.0399453664
Omicron_BA2,N148S,0.016022314000000003
Omicron_BA2,N148T,0.02924713205
Omicron_BA2,N148Y,-0.06047343100000001
Omicron_BA2,N148-,-0.05585904
Omicron_BA2,N149D,0.089078628
Omicron_BA2,N149H,-0.004797759
Omicron_BA2,N149I,-0.08037803999999998
Omicron_BA2,N149K,-0.11365949
Omicron_BA2,N149Q,-0.208946105
Omicron_BA2,N149R,0.06769718
Omicron_BA2,N149S,0.0258884382
Omicron_BA2,N149T,-0.008755749
Omicron_BA2,N149Y,-0.0421633
Omicron_BA2,K150D,-1.7938927
Omicron_BA2,K150E,0.10647438599999999
Omicron_BA2,K150G,0.15460649
Omicron_BA2,K150I,-0.080090314
Omicron_BA2,K150N,0.08434569
Omicron_BA2,K150Q,0.04844198
Omicron_BA2,K150R,0.042628568
Omicron_BA2,K150T,-0.016425336
Omicron_BA2,K150V,0.01993657
Omicron_BA2,K150*,0.0
Omicron_BA2,K150-,0.085680237
Omicron_BA2,S151C,-0.030811634
Omicron_BA2,S151F,-0.52180105
Omicron_BA2,S151G,-0.0789350096
Omicron_BA2,S151I,-0.033996535
Omicron_BA2,S151K,-0.025158055
Omicron_BA2,S151L,-1.4834532
Omicron_BA2,S151N,0.078208219
Omicron_BA2,S151P,0.070988774
Omicron_BA2,S151Q,-0.0164774099
Omicron_BA2,S151R,-0.060739692
Omicron_BA2,S151T,0.030122638
Omicron_BA2,S151V,-0.183846667
Omicron_BA2,S151Y,-0.107708745
Omicron_BA2,S151-,-0.22144735200000001
Omicron_BA2,W152C,-0.47071125
Omicron_BA2,W152F,0.19946955
Omicron_BA2,W152G,-0.20761157000000002
Omicron_BA2,W152K,-0.33069747
Omicron_BA2,W152L,-0.031407476000000004
Omicron_BA2,W152N,-0.4301212
Omicron_BA2,W152Q,0.0
Omicron_BA2,W152R,-0.17085321599999997
Omicron_BA2,W152S,-0.044235198999999996
Omicron_BA2,W152V,0.0
Omicron_BA2,W152Y,-0.5319437
Omicron_BA2,W152*,-5.720237
Omicron_BA2,W152-,-0.066228904
Omicron_BA2,M153C,-0.34594938
Omicron_BA2,M153I,0.030790313000000003
Omicron_BA2,M153K,-0.010776771
Omicron_BA2,M153L,0.034133915
Omicron_BA2,M153R,0.012568376000000006
Omicron_BA2,M153S,0.09197187
Omicron_BA2,M153T,0.065638581
Omicron_BA2,M153V,-0.02587994400000001
Omicron_BA2,M153W,-0.17294757
Omicron_BA2,M153-,-0.43515360000000003
Omicron_BA2,E154A,-0.139341368
Omicron_BA2,E154D,-0.064737451
Omicron_BA2,E154G,-0.53184086
Omicron_BA2,E154K,-0.9308862099999999
Omicron_BA2,E154Q,-0.08480831
Omicron_BA2,E154S,-0.014005110000000001
Omicron_BA2,E154T,-0.004239743
Omicron_BA2,E154V,-0.0067080628
Omicron_BA2,E154W,-0.10694722
Omicron_BA2,E154*,-3.21157
Omicron_BA2,E154-,-0.8278812400000001
Omicron_BA2,S155A,-0.49253547
Omicron_BA2,S155F,-0.09788833
Omicron_BA2,S155G,0.0338438
Omicron_BA2,S155I,-0.48393936000000004
Omicron_BA2,S155K,-0.163149797
Omicron_BA2,S155L,-0.39763808
Omicron_BA2,S155M,0.083436966
Omicron_BA2,S155N,-0.15146391
Omicron_BA2,S155P,-0.71289456
Omicron_BA2,S155R,-0.2559807126
Omicron_BA2,S155T,-0.21673743
Omicron_BA2,S155V,-0.19790763
Omicron_BA2,S155Y,-0.15310721
Omicron_BA2,S155-,-0.388005814
Omicron_BA2,E156A,-0.12597391
Omicron_BA2,E156D,0.07129342100000001
Omicron_BA2,E156G,-0.25566433
Omicron_BA2,E156I,-0.014471078
Omicron_BA2,E156K,-0.17424440300000002
Omicron_BA2,E156L,0.16373096
Omicron_BA2,E156Q,-0.05172868
Omicron_BA2,E156R,0.10062341
Omicron_BA2,E156S,0.09348169
Omicron_BA2,E156V,0.039523108
Omicron_BA2,E156*,0.78553903
Omicron_BA2,E156-,-0.24424226999999998
Omicron_BA2,V159A,-0.21591078
Omicron_BA2,V159D,0.06676915
Omicron_BA2,V159F,-0.65656958
Omicron_BA2,V159G,-0.7742255
Omicron_BA2,V159I,0.026620859999999996
Omicron_BA2,V159L,0.023123806
Omicron_BA2,V159-,-1.637910569
Omicron_BA2,Y160C,-1.4613011
Omicron_BA2,Y160D,0.2713432
Omicron_BA2,Y160F,-0.18157284
Omicron_BA2,Y160G,-0.0964349
Omicron_BA2,Y160H,-0.193932196
Omicron_BA2,Y160I,-0.89382117
Omicron_BA2,Y160N,-1.04755976
Omicron_BA2,Y160T,0.0
Omicron_BA2,Y160V,-0.269067754
Omicron_BA2,Y160*,-3.5667622
Omicron_BA2,Y160-,-0.941194029
Omicron_BA2,S161A,0.1615554385
Omicron_BA2,S161C,0.0
Omicron_BA2,S161F,-0.57616095
Omicron_BA2,S161N,-0.06673904
Omicron_BA2,S161P,-0.24887445000000002
Omicron_BA2,S161Q,-0.35809243
Omicron_BA2,S161R,0.11814579
Omicron_BA2,S161T,0.017948259
Omicron_BA2,S161Y,-0.1260356
Omicron_BA2,S161-,-0.42550160000000004
Omicron_BA2,S162A,0.5448738
Omicron_BA2,S162F,0.011218561
Omicron_BA2,S162G,0.016494601
Omicron_BA2,S162I,-0.148780082
Omicron_BA2,S162K,-0.004138364
Omicron_BA2,S162L,-0.087063834
Omicron_BA2,S162N,-0.0035199640000000004
Omicron_BA2,S162P,-1.68094524
Omicron_BA2,S162R,-0.00046662199999999987
Omicron_BA2,S162T,0.0679127765
Omicron_BA2,S162Y,0.07283879
Omicron_BA2,S162-,-1.0671405
Omicron_BA2,A163D,-0.0058169886
Omicron_BA2,A163E,-0.08720540000000002
Omicron_BA2,A163G,-0.15034317
Omicron_BA2,A163I,0.029287007
Omicron_BA2,A163K,0.0
Omicron_BA2,A163L,0.024379333
Omicron_BA2,A163P,0.7126416
Omicron_BA2,A163S,-0.11934298053
Omicron_BA2,A163T,-0.17412941
Omicron_BA2,A163V,-0.04062187
Omicron_BA2,A163Y,0.0
Omicron_BA2,A163-,-1.4981036490000001
Omicron_BA2,N164A,-0.40670973
Omicron_BA2,N164D,-0.07420361
Omicron_BA2,N164F,-0.18986619
Omicron_BA2,N164H,0.040402606
Omicron_BA2,N164I,-0.16215315
Omicron_BA2,N164K,-0.01703489
Omicron_BA2,N164S,-0.077997774
Omicron_BA2,N164T,0.03218296700000001
Omicron_BA2,N164Y,-0.021282692
Omicron_BA2,N164-,-1.85782614
Omicron_BA2,N165D,-0.46570322
Omicron_BA2,N165F,-0.60413134
Omicron_BA2,N165H,-0.30700886
Omicron_BA2,N165I,-0.3793171
Omicron_BA2,N165K,-0.23460868
Omicron_BA2,N165L,-1.050034
Omicron_BA2,N165M,-0.15858949
Omicron_BA2,N165S,-0.45169992
Omicron_BA2,N165Y,-0.44683155
Omicron_BA2,C166A,-1.3954091
Omicron_BA2,C166F,-4.164824
Omicron_BA2,C166G,0.0
Omicron_BA2,C166L,-2.6550467
Omicron_BA2,C166R,-2.578661
Omicron_BA2,C166S,-4.935455
Omicron_BA2,C166T,0.0
Omicron_BA2,C166Y,-2.2253413
Omicron_BA2,C166*,0.0
Omicron_BA2,C166-,-3.130739
Omicron_BA2,T167A,-0.23207090000000002
Omicron_BA2,T167E,-0.25165477
Omicron_BA2,T167I,-0.5383735
Omicron_BA2,T167L,-0.40536097
Omicron_BA2,T167N,-0.08679345
Omicron_BA2,T167S,0.0051195347
Omicron_BA2,T167V,-0.20404056
Omicron_BA2,T167Y,0.16140214
Omicron_BA2,T167-,-2.090299
Omicron_BA2,F168A,-0.33716056
Omicron_BA2,F168I,-0.31572248
Omicron_BA2,F168L,-0.10161595999999999
Omicron_BA2,F168S,-0.70656681
Omicron_BA2,F168V,-0.194904
Omicron_BA2,F168Y,0.2646233
Omicron_BA2,F168-,-0.6354042
Omicron_BA2,E169A,-0.34161788
Omicron_BA2,E169D,-0.069892763
Omicron_BA2,E169G,-0.74018914
Omicron_BA2,E169K,-0.22845798599999997
Omicron_BA2,E169N,-0.11009381
Omicron_BA2,E169Q,-0.15392984
Omicron_BA2,E169T,-0.40240282
Omicron_BA2,E169V,-0.33393186
Omicron_BA2,E169*,-2.5005186
Omicron_BA2,E169-,-0.85621566
Omicron_BA2,Y170C,-0.40194118
Omicron_BA2,Y170D,-0.52971005
Omicron_BA2,Y170F,-0.0677279
Omicron_BA2,Y170H,-0.104387365
Omicron_BA2,Y170I,-0.08288894
Omicron_BA2,Y170M,-0.0813526
Omicron_BA2,Y170N,-0.61338735
Omicron_BA2,Y170R,0.12837398
Omicron_BA2,Y170*,-1.8295406
Omicron_BA2,Y170-,-0.12730455
Omicron_BA2,V171A,-0.1628572
Omicron_BA2,V171C,-0.479704636
Omicron_BA2,V171D,0.4187213
Omicron_BA2,V171E,-0.08673014
Omicron_BA2,V171F,-0.31794843300000003
Omicron_BA2,V171G,-0.2970281
Omicron_BA2,V171I,-0.036483888
Omicron_BA2,V171L,-0.14313203
Omicron_BA2,V171M,-0.24886908
Omicron_BA2,V171S,-0.197723352
Omicron_BA2,V171-,-0.13894296
Omicron_BA2,S172A,0.022025758
Omicron_BA2,S172E,0.11964788
Omicron_BA2,S172F,-0.50597013
Omicron_BA2,S172G,-0.28396675
Omicron_BA2,S172I,-0.6621711
Omicron_BA2,S172L,-0.2459563
Omicron_BA2,S172N,-0.21594581000000002
Omicron_BA2,S172P,-0.8771505
Omicron_BA2,S172R,-0.8589364500000001
Omicron_BA2,S172T,-0.009672158
Omicron_BA2,S172Y,-0.14491287
Omicron_BA2,S172-,-0.4245799
Omicron_BA2,Q173D,-0.017643064
Omicron_BA2,Q173E,-0.02171609
Omicron_BA2,Q173H,-0.04343426
Omicron_BA2,Q173K,0.008970502
Omicron_BA2,Q173L,-0.39050945
Omicron_BA2,Q173P,-0.20194001
Omicron_BA2,Q173R,0.02913844
Omicron_BA2,Q173S,0.160550791
Omicron_BA2,Q173*,-3.0579777
Omicron_BA2,P174A,-0.04308586
Omicron_BA2,P174H,-0.36682439
Omicron_BA2,P174L,-0.83137526
Omicron_BA2,P174Q,-0.17684529999999998
Omicron_BA2,P174R,-0.15772985
Omicron_BA2,P174S,0.025605561
Omicron_BA2,P174T,-0.048982322
Omicron_BA2,F175C,-0.034275256
Omicron_BA2,F175I,0.071214676
Omicron_BA2,F175K,-0.63862604
Omicron_BA2,F175L,-0.256723887
Omicron_BA2,F175S,-0.1099895137
Omicron_BA2,F175V,-0.109788746
Omicron_BA2,F175Y,-0.5887364
Omicron_BA2,F175-,0.10374584
Omicron_BA2,L176A,-0.11288298000000001
Omicron_BA2,L176C,-0.33231648999999996
Omicron_BA2,L176D,-0.11051523
Omicron_BA2,L176E,-0.276447626
Omicron_BA2,L176F,0.102996674
Omicron_BA2,L176G,-0.26059835
Omicron_BA2,L176H,-0.073245826
Omicron_BA2,L176I,0.02713138
Omicron_BA2,L176K,-0.32384491000000004
Omicron_BA2,L176M,-0.02002546899999999
Omicron_BA2,L176N,-0.009375051
Omicron_BA2,L176P,-0.2257066
Omicron_BA2,L176Q,-0.0920342668
Omicron_BA2,L176R,-0.36955193
Omicron_BA2,L176S,-0.25890978200000003
Omicron_BA2,L176T,-0.074810214
Omicron_BA2,L176V,0.007381011
Omicron_BA2,L176W,-0.06145096
Omicron_BA2,L176Y,-0.018200766
Omicron_BA2,L176*,-2.6255567
Omicron_BA2,L176-,0.07018544
Omicron_BA2,M177I,0.0053744037
Omicron_BA2,M177K,0.013487054000000002
Omicron_BA2,M177L,0.1384398546
Omicron_BA2,M177N,-0.06914849
Omicron_BA2,M177R,-0.034571500000000005
Omicron_BA2,M177T,0.015603309999999995
Omicron_BA2,M177V,-0.10201843000000001
Omicron_BA2,M177W,-0.105720417
Omicron_BA2,M177Y,-0.020310071
Omicron_BA2,M177-,-0.27699873
Omicron_BA2,D178A,-0.15937467
Omicron_BA2,D178C,-0.83908518
Omicron_BA2,D178E,-0.033765797
Omicron_BA2,D178F,-0.37429200500000004
Omicron_BA2,D178G,-0.17067667
Omicron_BA2,D178H,-0.04545272
Omicron_BA2,D178I,-0.41101906
Omicron_BA2,D178K,0.017105350000000005
Omicron_BA2,D178L,-0.5039948
Omicron_BA2,D178M,-0.200308237
Omicron_BA2,D178N,0.021300090999999997
Omicron_BA2,D178P,-0.0012216310000000008
Omicron_BA2,D178Q,-0.07985146
Omicron_BA2,D178R,-0.15372886
Omicron_BA2,D178S,-0.060868142
Omicron_BA2,D178T,-0.114089599
Omicron_BA2,D178V,-0.242659964
Omicron_BA2,D178W,-0.38634902
Omicron_BA2,D178Y,-0.208455736
Omicron_BA2,D178*,-4.67063
Omicron_BA2,D178-,0.28602484
Omicron_BA2,L179F,0.035560407
Omicron_BA2,L179G,0.21599485
Omicron_BA2,L179I,0.06526039975
Omicron_BA2,L179M,-0.1142231
Omicron_BA2,L179P,-0.0243654025
Omicron_BA2,L179R,0.1077315
Omicron_BA2,L179S,0.030647745
Omicron_BA2,L179T,0.38131082
Omicron_BA2,L179V,0.0
Omicron_BA2,L179*,0.7493086
Omicron_BA2,L179-,-0.049133893
Omicron_BA2,E180A,-0.155652952
Omicron_BA2,E180D,-0.05263351
Omicron_BA2,E180G,-0.015460331
Omicron_BA2,E180K,0.070104465
Omicron_BA2,E180Q,-0.15550125
Omicron_BA2,E180R,-0.16578825
Omicron_BA2,E180T,0.010174182
Omicron_BA2,E180V,-0.12971117999999998
Omicron_BA2,E180*,-3.151038
Omicron_BA2,E180-,-0.40026915
Omicron_BA2,G181A,-0.045936875
Omicron_BA2,G181C,-0.18159091
Omicron_BA2,G181D,-0.027157944
Omicron_BA2,G181E,-0.0051114500000000035
Omicron_BA2,G181I,-0.3541153
Omicron_BA2,G181L,-0.043443903
Omicron_BA2,G181R,-0.0337946695
Omicron_BA2,G181S,0.0947681
Omicron_BA2,G181V,0.0394224293
Omicron_BA2,G181-,-0.13959858
Omicron_BA2,K182C,-0.13598615
Omicron_BA2,K182E,-0.0027987217000000003
Omicron_BA2,K182I,-0.035127908
Omicron_BA2,K182M,0.0
Omicron_BA2,K182N,-0.0348099191
Omicron_BA2,K182Q,-0.13268991
Omicron_BA2,K182R,-0.039381074
Omicron_BA2,K182T,-0.010454604999999999
Omicron_BA2,Q183E,0.03612327
Omicron_BA2,Q183H,-0.013334541
Omicron_BA2,Q183K,-0.06561247
Omicron_BA2,Q183L,-0.081133183
Omicron_BA2,Q183M,0.0
Omicron_BA2,Q183P,-0.07391677
Omicron_BA2,Q183R,-0.158803406
Omicron_BA2,Q183S,0.2463226
Omicron_BA2,Q183T,0.07772114
Omicron_BA2,Q183Y,0.00046225113
Omicron_BA2,Q183*,-5.2966557
Omicron_BA2,G184A,-0.045850308
Omicron_BA2,G184C,-0.348350971
Omicron_BA2,G184D,0.016409533
Omicron_BA2,G184R,-0.06646442
Omicron_BA2,G184S,-0.087448579
Omicron_BA2,G184V,-0.064415962
Omicron_BA2,G184-,-0.038205914
Omicron_BA2,N185D,-0.04674747
Omicron_BA2,N185H,0.15370886
Omicron_BA2,N185I,-0.1711026646
Omicron_BA2,N185K,-0.03801284
Omicron_BA2,N185L,-0.14146762
Omicron_BA2,N185S,0.02823828
Omicron_BA2,N185T,0.03397445
Omicron_BA2,N185Y,-0.09413337528
Omicron_BA2,N185-,-0.1508137
Omicron_BA2,F186C,-0.7101523
Omicron_BA2,F186H,0.033337515
Omicron_BA2,F186I,0.085274644
Omicron_BA2,F186L,-0.02743195
Omicron_BA2,F186S,0.034195245
Omicron_BA2,F186V,-0.014422422
Omicron_BA2,F186Y,-0.20764361
Omicron_BA2,F186-,-0.26835707
Omicron_BA2,K187D,-0.09146455
Omicron_BA2,K187E,0.020995399
Omicron_BA2,K187I,-0.02733002
Omicron_BA2,K187M,0.07652061
Omicron_BA2,K187N,0.04221894600000001
Omicron_BA2,K187Q,0.13607153
Omicron_BA2,K187R,0.01310977
Omicron_BA2,K187T,-0.019009737
Omicron_BA2,K187-,-0.25265902
Omicron_BA2,N188D,0.01211084
Omicron_BA2,N188H,-0.28547955
Omicron_BA2,N188I,-0.046762984
Omicron_BA2,N188K,-0.07117381
Omicron_BA2,N188S,-0.06639923
Omicron_BA2,N188T,0.107010068
Omicron_BA2,N188Y,0.037058798600000005
Omicron_BA2,N188*,0.0
Omicron_BA2,N188-,-0.17543238
Omicron_BA2,L189F,-0.127043396
Omicron_BA2,L189I,-0.0078946438
Omicron_BA2,L189M,-0.21980924000000002
Omicron_BA2,L189N,-2.2750435
Omicron_BA2,L189P,-2.9344966
Omicron_BA2,L189Q,1.0528923
Omicron_BA2,L189R,0.46356976
Omicron_BA2,L189S,-1.2959753
Omicron_BA2,L189V,-0.3199515
Omicron_BA2,L189-,-1.361677
Omicron_BA2,R190G,-0.13558066
Omicron_BA2,R190I,-0.038854842
Omicron_BA2,R190K,0.103284395
Omicron_BA2,R190M,-0.1417803
Omicron_BA2,R190N,0.070706524
Omicron_BA2,R190S,-0.058029737
Omicron_BA2,R190T,0.05169900999999999
Omicron_BA2,R190W,0.060282780370000004
Omicron_BA2,R190-,-0.31835034
Omicron_BA2,E191D,-2.876787
Omicron_BA2,E191G,-1.7835786
Omicron_BA2,E191I,-1.1407517
Omicron_BA2,E191K,-2.8615975
Omicron_BA2,E191N,-3.2006164
Omicron_BA2,E191Q,-2.7922935
Omicron_BA2,E191*,-1.0375884
Omicron_BA2,F192I,-0.37703687
Omicron_BA2,F192L,-0.20759693
Omicron_BA2,F192S,-2.7178087
Omicron_BA2,F192W,-0.26418388
Omicron_BA2,F192Y,-0.09090706
Omicron_BA2,V193A,-0.66161156
Omicron_BA2,V193C,-0.51399476
Omicron_BA2,V193E,0.0
Omicron_BA2,V193G,0.0
Omicron_BA2,V193I,0.28465164
Omicron_BA2,V193L,0.06754688
Omicron_BA2,V193M,-1.105188
Omicron_BA2,V193-,-1.259981
Omicron_BA2,F194I,-0.36847952
Omicron_BA2,F194L,-0.46674588
Omicron_BA2,F194S,0.0
Omicron_BA2,F194V,0.06829862
Omicron_BA2,F194-,-1.2924252
Omicron_BA2,K195E,-2.3851793
Omicron_BA2,K195G,0.0
Omicron_BA2,K195M,0.0
Omicron_BA2,K195N,-2.5560153
Omicron_BA2,K195R,-1.1494758999999999
Omicron_BA2,K195*,-1.4535309
Omicron_BA2,N196D,-0.11142879
Omicron_BA2,N196E,-0.11481766000000002
Omicron_BA2,N196G,0.0
Omicron_BA2,N196H,-0.5395425
Omicron_BA2,N196I,-0.20456847
Omicron_BA2,N196K,-0.11953958
Omicron_BA2,N196S,0.04006932
Omicron_BA2,N196T,-0.048979837
Omicron_BA2,N196Y,0.016073859999999995
Omicron_BA2,N196-,0.02881257
Omicron_BA2,I197D,-0.25352597
Omicron_BA2,I197L,0.12277798
Omicron_BA2,I197M,0.18125167
Omicron_BA2,I197N,0.16856053
Omicron_BA2,I197R,0.36961284
Omicron_BA2,I197S,-0.10858877000000002
Omicron_BA2,I197T,-0.008095267
Omicron_BA2,I197V,-0.00242035
Omicron_BA2,I197Y,-0.060651518999999994
Omicron_BA2,D198A,-0.051565118
Omicron_BA2,D198E,-0.248052
Omicron_BA2,D198F,-1.1880085
Omicron_BA2,D198G,0.13814743000000002
Omicron_BA2,D198H,-0.163138577
Omicron_BA2,D198L,-0.046936654
Omicron_BA2,D198M,-0.09090518
Omicron_BA2,D198N,0.07750913000000001
Omicron_BA2,D198V,0.0
Omicron_BA2,D198Y,-0.033027276
Omicron_BA2,G199A,-0.12603967
Omicron_BA2,G199C,-1.0286357
Omicron_BA2,G199D,-1.00914314
Omicron_BA2,G199L,-1.3951429
Omicron_BA2,G199R,-0.9774411
Omicron_BA2,G199S,-0.300107313
Omicron_BA2,G199V,-1.146928763
Omicron_BA2,G199W,-2.040351
Omicron_BA2,Y200A,-0.080505
Omicron_BA2,Y200C,-0.18017583000000004
Omicron_BA2,Y200F,0.21625485
Omicron_BA2,Y200H,-0.049702520000000014
Omicron_BA2,Y200I,0.22157887800000003
Omicron_BA2,Y200L,0.042895187
Omicron_BA2,Y200N,0.3755486
Omicron_BA2,Y200S,-0.025277182
Omicron_BA2,Y200*,-2.8249216
Omicron_BA2,Y200-,0.0
Omicron_BA2,F201C,-0.33889845
Omicron_BA2,F201H,-1.9429013
Omicron_BA2,F201I,0.2571537
Omicron_BA2,F201L,0.06374152000000002
Omicron_BA2,F201S,-3.415442
Omicron_BA2,F201V,-0.33369276
Omicron_BA2,F201Y,0.0
Omicron_BA2,K202A,-0.8116325
Omicron_BA2,K202E,-0.4942330786
Omicron_BA2,K202G,0.0026166993
Omicron_BA2,K202H,-0.056598593
Omicron_BA2,K202M,0.044922907
Omicron_BA2,K202N,-0.3141795
Omicron_BA2,K202R,-0.07063226
Omicron_BA2,K202S,-0.20118009
Omicron_BA2,K202T,-0.19010940199999998
Omicron_BA2,I203A,-1.3771452
Omicron_BA2,I203F,0.0
Omicron_BA2,I203K,-3.9173865
Omicron_BA2,I203L,-0.42774175000000003
Omicron_BA2,I203M,-0.246568755
Omicron_BA2,I203N,-1.5235852
Omicron_BA2,I203S,-0.31762445
Omicron_BA2,I203T,-0.28756695449999997
Omicron_BA2,I203V,-0.13727212
Omicron_BA2,I203Y,-2.311106
Omicron_BA2,Y204C,-0.881684
Omicron_BA2,Y204F,-0.099116207
Omicron_BA2,Y204H,-0.51591254
Omicron_BA2,Y204I,-2.6780066
Omicron_BA2,Y204L,-0.58140746
Omicron_BA2,Y204N,-0.365462
Omicron_BA2,Y204*,-1.7991037
Omicron_BA2,S205A,0.029539449999999995
Omicron_BA2,S205C,-0.5969899
Omicron_BA2,S205F,0.09671433
Omicron_BA2,S205G,-0.0673452
Omicron_BA2,S205I,-0.13866335
Omicron_BA2,S205L,0.08314567
Omicron_BA2,S205N,0.022004658
Omicron_BA2,S205R,0.06065032
Omicron_BA2,S205T,0.0649198
Omicron_BA2,S205Y,0.025152026
Omicron_BA2,K206A,-0.021563760000000015
Omicron_BA2,K206E,-0.7656632
Omicron_BA2,K206G,-1.5989653
Omicron_BA2,K206I,-1.3665726
Omicron_BA2,K206L,-0.46133828
Omicron_BA2,K206M,-0.23885334
Omicron_BA2,K206N,-0.62125874
Omicron_BA2,K206R,-0.28840828
Omicron_BA2,K206S,-0.45815852
Omicron_BA2,K206T,-0.234109377
Omicron_BA2,H207L,-0.020975975
Omicron_BA2,H207M,0.33182988
Omicron_BA2,H207N,0.08375748
Omicron_BA2,H207P,0.6399625
Omicron_BA2,H207Q,-0.08893333599999999
Omicron_BA2,H207R,0.010707880000000003
Omicron_BA2,H207S,0.08259875
Omicron_BA2,H207T,0.028861474
Omicron_BA2,H207Y,-0.009362068000000001
Omicron_BA2,T208A,-0.22616809999999998
Omicron_BA2,T208I,-0.23742932
Omicron_BA2,T208K,-1.25576233
Omicron_BA2,T208L,-0.76010233
Omicron_BA2,T208M,-0.39607868
Omicron_BA2,T208P,-0.30118695
Omicron_BA2,T208R,-1.3827131
Omicron_BA2,T208S,-0.16396586700000002
Omicron_BA2,P209A,0.33019865
Omicron_BA2,P209H,-0.0075692004
Omicron_BA2,P209L,0.10887451279999999
Omicron_BA2,P209Q,0.034792926
Omicron_BA2,P209R,0.08636392
Omicron_BA2,P209S,0.057530962
Omicron_BA2,P209T,0.033830229
Omicron_BA2,P209Y,-0.07437863
Omicron_BA2,I210F,-0.027950319999999997
Omicron_BA2,I210L,-0.23709214
Omicron_BA2,I210N,0.020716934
Omicron_BA2,I210S,-0.06646364
Omicron_BA2,I210T,0.020051074800000002
Omicron_BA2,I210V,-0.012877235
Omicron_BA2,I210Y,-0.08495317
Omicron_BA2,I210-,-0.00040344999999999964
Omicron_BA2,I212A,-0.02848446
Omicron_BA2,I212C,-0.055563368
Omicron_BA2,I212D,0.11720194
Omicron_BA2,I212E,0.031146845
Omicron_BA2,I212F,-0.072663211
Omicron_BA2,I212G,0.03496004
Omicron_BA2,I212H,0.019746132
Omicron_BA2,I212K,0.07238357
Omicron_BA2,I212L,0.005409684
Omicron_BA2,I212M,-0.19221784000000003
Omicron_BA2,I212N,0.078033455
Omicron_BA2,I212P,0.09469285
Omicron_BA2,I212Q,0.0062656365
Omicron_BA2,I212R,-0.028465046
Omicron_BA2,I212S,-0.02979658
Omicron_BA2,I212T,0.06835251
Omicron_BA2,I212V,0.05478741
Omicron_BA2,I212W,-0.006866746
Omicron_BA2,I212Y,0.09539827
Omicron_BA2,I212*,-3.8326354
Omicron_BA2,I212-,-0.1702898395
Omicron_BA2,V213A,0.087257314
Omicron_BA2,V213C,-0.30856434
Omicron_BA2,V213D,0.028102340000000003
Omicron_BA2,V213E,0.051154375
Omicron_BA2,V213F,-0.162788212
Omicron_BA2,V213G,0.032529772364300005
Omicron_BA2,V213H,0.05498333
Omicron_BA2,V213I,0.04753447
Omicron_BA2,V213K,-0.17335202
Omicron_BA2,V213L,-0.136321197
Omicron_BA2,V213M,-0.04097206
Omicron_BA2,V213N,0.10969561
Omicron_BA2,V213P,-0.10790388769999999
Omicron_BA2,V213Q,-0.100637875
Omicron_BA2,V213R,-0.11161742499999999
Omicron_BA2,V213S,-0.038062695
Omicron_BA2,V213T,-0.03904358
Omicron_BA2,V213W,-0.08695723
Omicron_BA2,V213Y,-0.16070206
Omicron_BA2,V213*,-3.8306139
Omicron_BA2,V213-,0.11727786
Omicron_BA2,R214A,0.032964773
Omicron_BA2,R214C,-0.057182592000000004
Omicron_BA2,R214E,0.015531694
Omicron_BA2,R214G,-0.014142383000000001
Omicron_BA2,R214H,0.03910345
Omicron_BA2,R214I,-0.014617599999999994
Omicron_BA2,R214K,0.04746828
Omicron_BA2,R214L,0.018536007
Omicron_BA2,R214M,0.054572623
Omicron_BA2,R214N,0.23919342
Omicron_BA2,R214P,0.031443607
Omicron_BA2,R214Q,0.32334495
Omicron_BA2,R214S,-0.08797904
Omicron_BA2,R214V,-0.08497143
Omicron_BA2,R214W,0.0
Omicron_BA2,R214Y,-0.225907385
Omicron_BA2,R214-,-0.35075657299999996
Omicron_BA2,D215A,-0.04009046678
Omicron_BA2,D215C,-0.198361294
Omicron_BA2,D215E,0.018740204999999996
Omicron_BA2,D215F,-0.17799195299999998
Omicron_BA2,D215G,0.022889934
Omicron_BA2,D215H,-0.12195523
Omicron_BA2,D215I,-0.223027335
Omicron_BA2,D215K,-0.191283512
Omicron_BA2,D215L,-0.24696769999999998
Omicron_BA2,D215M,-0.25663334
Omicron_BA2,D215N,-0.11662741389999999
Omicron_BA2,D215P,-0.186276952
Omicron_BA2,D215Q,-0.141535737
Omicron_BA2,D215R,-0.2855778
Omicron_BA2,D215S,-0.038101837
Omicron_BA2,D215T,-0.069567979
Omicron_BA2,D215V,-0.056790963
Omicron_BA2,D215W,-0.45742934999999996
Omicron_BA2,D215Y,-0.1891236
Omicron_BA2,D215*,-1.9846256
Omicron_BA2,D215-,0.24832731
Omicron_BA2,L216A,-0.5817093
Omicron_BA2,L216D,-0.18919887
Omicron_BA2,L216F,0.04033233
Omicron_BA2,L216I,-0.12860927
Omicron_BA2,L216M,-0.25090468
Omicron_BA2,L216P,-0.8153715
Omicron_BA2,L216Q,-0.8184549
Omicron_BA2,L216R,0.19192025
Omicron_BA2,L216S,-1.6078432
Omicron_BA2,L216-,-1.1353805
Omicron_BA2,P217H,-0.05749455
Omicron_BA2,P217I,-1.4560391
Omicron_BA2,P217L,-0.016964274
Omicron_BA2,P217M,0.0
Omicron_BA2,P217Q,0.054547567
Omicron_BA2,P217R,0.0
Omicron_BA2,P217S,-0.01584115
Omicron_BA2,P217T,-0.12307727400000001
Omicron_BA2,P217V,0.27743548
Omicron_BA2,P217-,0.29133424
Omicron_BA2,Q218E,-0.024140843000000002
Omicron_BA2,Q218H,-0.12939029300000002
Omicron_BA2,Q218I,-0.092035614
Omicron_BA2,Q218K,0.027992619999999996
Omicron_BA2,Q218L,-0.170582147
Omicron_BA2,Q218P,-0.028473679
Omicron_BA2,Q218R,-0.03730733500000001
Omicron_BA2,Q218S,0.19642889
Omicron_BA2,Q218*,-1.3233328
Omicron_BA2,Q218-,-0.17289837
Omicron_BA2,G219C,-0.44113023
Omicron_BA2,G219D,-0.17399467
Omicron_BA2,G219F,0.0
Omicron_BA2,G219S,-0.09247818
Omicron_BA2,G219V,-0.31702078
Omicron_BA2,G219-,0.016438995
Omicron_BA2,F220C,0.0
Omicron_BA2,F220I,0.25337197
Omicron_BA2,F220L,-0.15954386
Omicron_BA2,F220S,-1.5749595
Omicron_BA2,F220V,-0.18709573
Omicron_BA2,F220Y,-1.225005
Omicron_BA2,F220-,-2.6508906
Omicron_BA2,S221A,0.030436868
Omicron_BA2,S221F,-0.47241864
Omicron_BA2,S221L,-0.12560543622700002
Omicron_BA2,S221P,-1.8736275
Omicron_BA2,S221R,-0.6667879
Omicron_BA2,S221T,0.09650865
Omicron_BA2,S221W,-0.29712373
Omicron_BA2,S221Y,-0.05645378
Omicron_BA2,S221-,-0.15011466
Omicron_BA2,A222C,-0.16386811
Omicron_BA2,A222D,-1.38500713
Omicron_BA2,A222E,-3.6405451
Omicron_BA2,A222F,-1.2939811
Omicron_BA2,A222G,-1.16995147
Omicron_BA2,A222H,-4.6465917
Omicron_BA2,A222I,-0.029816166
Omicron_BA2,A222K,-3.571459
Omicron_BA2,A222L,-0.34292318
Omicron_BA2,A222M,-0.3902684
Omicron_BA2,A222N,-1.6803447
Omicron_BA2,A222P,-0.045800444
Omicron_BA2,A222Q,-1.6773198
Omicron_BA2,A222R,-4.3375764
Omicron_BA2,A222S,-0.55886218
Omicron_BA2,A222T,-0.178405017
Omicron_BA2,A222V,-0.065251715
Omicron_BA2,A222W,-4.2150526
Omicron_BA2,A222Y,-3.653148
Omicron_BA2,A222*,-3.1400774
Omicron_BA2,A222-,-2.4164767
Omicron_BA2,L223E,-2.909595
Omicron_BA2,L223F,-3.451818
Omicron_BA2,L223I,-0.47306678
Omicron_BA2,L223M,-1.2218817
Omicron_BA2,L223S,-2.105915
Omicron_BA2,L223T,-1.9085956
Omicron_BA2,L223V,-2.923005
Omicron_BA2,L223-,-0.74095386
Omicron_BA2,E224A,-0.409208075
Omicron_BA2,E224D,-1.5268756
Omicron_BA2,E224G,-0.3892573
Omicron_BA2,E224K,-1.10020789
Omicron_BA2,E224N,-1.4327973
Omicron_BA2,E224Q,-0.2716106
Omicron_BA2,E224R,-0.323547
Omicron_BA2,E224T,-0.5563915
Omicron_BA2,E224V,-0.28430676
Omicron_BA2,E224*,-1.4963527
Omicron_BA2,E224-,-0.21432365
Omicron_BA2,P225A,-2.0838957
Omicron_BA2,P225H,-4.1268535
Omicron_BA2,P225L,-1.5996468000000001
Omicron_BA2,P225Q,-1.9466704799999999
Omicron_BA2,P225R,-2.3840344
Omicron_BA2,P225S,-2.6278994
Omicron_BA2,P225T,-3.895474
Omicron_BA2,P225V,-3.2501397
Omicron_BA2,P225-,-2.6621253
Omicron_BA2,L226F,-0.08463251
Omicron_BA2,L226I,0.10173532
Omicron_BA2,L226M,-0.0033864325
Omicron_BA2,L226P,-3.3140583
Omicron_BA2,L226S,-0.18298077
Omicron_BA2,L226T,0.14399984
Omicron_BA2,L226V,-0.042268407
Omicron_BA2,L226W,-0.5037689
Omicron_BA2,L226-,-2.4172862
Omicron_BA2,V227A,-0.12208531
Omicron_BA2,V227E,0.018109668
Omicron_BA2,V227G,-0.76223695
Omicron_BA2,V227I,-0.033978228
Omicron_BA2,V227L,-0.1087382
Omicron_BA2,V227M,-0.08941614
Omicron_BA2,V227R,0.0
Omicron_BA2,V227T,-0.24727578
Omicron_BA2,V227-,-1.1408844
Omicron_BA2,D228A,-0.10252454
Omicron_BA2,D228E,-0.1324257811
Omicron_BA2,D228G,-0.69482577
Omicron_BA2,D228H,-0.28321657
Omicron_BA2,D228I,-0.88084185
Omicron_BA2,D228K,0.27994618
Omicron_BA2,D228L,1.155253
Omicron_BA2,D228N,-0.189314045
Omicron_BA2,D228R,-0.0614772406
Omicron_BA2,D228S,-0.21792914
Omicron_BA2,D228V,-0.7091426
Omicron_BA2,D228Y,-0.51416353
Omicron_BA2,D228-,-2.4291542
Omicron_BA2,L229C,-0.39801246
Omicron_BA2,L229F,-0.29286644
Omicron_BA2,L229I,-0.6652591
Omicron_BA2,L229M,-0.06688487
Omicron_BA2,L229P,-2.1009614
Omicron_BA2,L229Q,-0.6554705
Omicron_BA2,L229R,-1.3436478
Omicron_BA2,L229S,-0.7833977
Omicron_BA2,L229T,-0.69713503
Omicron_BA2,L229V,-0.086613245
Omicron_BA2,L229W,-0.78016883
Omicron_BA2,L229-,0.0
Omicron_BA2,P230A,0.037363056
Omicron_BA2,P230G,-0.42259246
Omicron_BA2,P230I,-2.178268
Omicron_BA2,P230L,-0.9438332285000001
Omicron_BA2,P230N,-0.55729955
Omicron_BA2,P230Q,-0.7090061
Omicron_BA2,P230S,-0.223670815
Omicron_BA2,P230T,-0.35336043500000003
Omicron_BA2,P230V,-0.33356655
Omicron_BA2,P230-,0.64677346
Omicron_BA2,I231A,-0.5366474
Omicron_BA2,I231C,-0.4316207
Omicron_BA2,I231F,-0.28339718999999997
Omicron_BA2,I231L,0.07612157
Omicron_BA2,I231M,-0.2561804
Omicron_BA2,I231N,-0.98167026
Omicron_BA2,I231S,0.0
Omicron_BA2,I231T,-0.074901335
Omicron_BA2,I231V,0.06041419
Omicron_BA2,I231-,-0.86090344
Omicron_BA2,G232A,-0.178425366
Omicron_BA2,G232C,-0.16569023
Omicron_BA2,G232D,-0.55017015
Omicron_BA2,G232F,0.0
Omicron_BA2,G232K,-0.9135219
Omicron_BA2,G232N,0.03508589
Omicron_BA2,G232R,-0.3157339
Omicron_BA2,G232S,0.043255392
Omicron_BA2,G232V,-0.07880103999999999
Omicron_BA2,G232Y,-0.44820276
Omicron_BA2,G232-,-1.172853
Omicron_BA2,I233F,-0.39892636
Omicron_BA2,I233L,0.028233731
Omicron_BA2,I233M,0.12288495
Omicron_BA2,I233N,0.0
Omicron_BA2,I233R,0.0
Omicron_BA2,I233S,-0.7656685259999999
Omicron_BA2,I233T,-0.06019797
Omicron_BA2,I233V,-0.048766885
Omicron_BA2,I233Y,-1.6891844
Omicron_BA2,I233-,0.0
Omicron_BA2,N234D,0.05065005
Omicron_BA2,N234F,-1.2221069
Omicron_BA2,N234H,0.31445354
Omicron_BA2,N234K,0.05653097
Omicron_BA2,N234L,0.29017636
Omicron_BA2,N234P,-0.68931294
Omicron_BA2,N234R,0.1280643
Omicron_BA2,N234S,0.021326642
Omicron_BA2,N234T,-0.0957343
Omicron_BA2,N234Y,-0.43354424599999997
Omicron_BA2,N234-,-1.1112612
Omicron_BA2,I235A,-0.66924614
Omicron_BA2,I235F,-0.36037642
Omicron_BA2,I235L,-0.86914593
Omicron_BA2,I235N,-1.2341393
Omicron_BA2,I235Q,0.0
Omicron_BA2,I235S,-2.0972621
Omicron_BA2,I235T,-0.51266265
Omicron_BA2,I235V,0.1394055
Omicron_BA2,I235-,-0.36904025
Omicron_BA2,T236A,-0.20716931
Omicron_BA2,T236F,-1.2833142
Omicron_BA2,T236I,0.020841682
Omicron_BA2,T236K,-1.6226133
Omicron_BA2,T236L,-0.014777714
Omicron_BA2,T236N,-0.05259733999999999
Omicron_BA2,T236S,-0.0849354
Omicron_BA2,T236V,-0.416067013
Omicron_BA2,T236-,-2.9191403
Omicron_BA2,R237C,-0.10354617999999999
Omicron_BA2,R237G,0.029615920000000004
Omicron_BA2,R237K,0.059809286
Omicron_BA2,R237M,-0.053865045
Omicron_BA2,R237N,-0.031603456
Omicron_BA2,R237S,0.04179415000000001
Omicron_BA2,R237W,0.3665599
Omicron_BA2,R237Y,-0.1536301
Omicron_BA2,R237-,-1.1021389
Omicron_BA2,F238C,0.0
Omicron_BA2,F238I,-0.73011897
Omicron_BA2,F238L,-0.53348717
Omicron_BA2,F238S,-1.9725825
Omicron_BA2,F238V,0.0
Omicron_BA2,F238Y,-0.63209754
Omicron_BA2,F238-,0.0
Omicron_BA2,Q239E,-0.498409215
Omicron_BA2,Q239H,-0.10350647054
Omicron_BA2,Q239K,-0.022609204
Omicron_BA2,Q239L,-0.053748168
Omicron_BA2,Q239P,-0.9972535
Omicron_BA2,Q239R,-0.15673807
Omicron_BA2,Q239S,0.13338836
Omicron_BA2,Q239T,0.05117865
Omicron_BA2,Q239*,-3.2011058
Omicron_BA2,Q239-,0.0
Omicron_BA2,T240A,-0.387608073
Omicron_BA2,T240I,0.0111013418
Omicron_BA2,T240L,-1.3512583
Omicron_BA2,T240N,-1.1534138600000001
Omicron_BA2,T240P,0.0043809433
Omicron_BA2,T240R,-0.3953439
Omicron_BA2,T240S,0.033349611
Omicron_BA2,T240V,0.2156053
Omicron_BA2,T240-,-0.27389878
Omicron_BA2,L241F,-0.32791576
Omicron_BA2,L241H,0.9090507
Omicron_BA2,L241I,-0.17560886
Omicron_BA2,L241K,-1.5379905
Omicron_BA2,L241M,-0.5290664
Omicron_BA2,L241P,-2.2881227
Omicron_BA2,L241Q,0.0
Omicron_BA2,L241R,0.17555638
Omicron_BA2,L241S,-2.6779377
Omicron_BA2,L241V,0.047701437
Omicron_BA2,L241Y,-0.8859117
Omicron_BA2,L241-,-1.24115752
Omicron_BA2,L242F,-0.10447958399999999
Omicron_BA2,L242H,-0.169506062
Omicron_BA2,L242I,-0.19175944
Omicron_BA2,L242M,-0.15493551
Omicron_BA2,L242P,-0.53898245
Omicron_BA2,L242Q,-0.31368667
Omicron_BA2,L242R,-0.246642
Omicron_BA2,L242S,0.0
Omicron_BA2,L242T,-0.43921182
Omicron_BA2,L242V,0.18474327
Omicron_BA2,L242W,-0.4248718
Omicron_BA2,L242Y,0.242797
Omicron_BA2,L242-,0.17582324
Omicron_BA2,A243C,-0.117239326
Omicron_BA2,A243D,-0.024707023
Omicron_BA2,A243F,-1.2169245
Omicron_BA2,A243G,-0.010598672
Omicron_BA2,A243L,-1.0187021
Omicron_BA2,A243P,-0.77991548
Omicron_BA2,A243S,-0.22123863600000002
Omicron_BA2,A243T,-0.303588993
Omicron_BA2,A243V,-0.45335384999999995
Omicron_BA2,A243Y,-0.613538811
Omicron_BA2,A243-,-0.0013774583
Omicron_BA2,L244D,-0.23164392
Omicron_BA2,L244F,-0.09586879
Omicron_BA2,L244I,-0.05132316000000001
Omicron_BA2,L244M,0.05802358
Omicron_BA2,L244P,-0.9673331637
Omicron_BA2,L244Q,-0.5818528
Omicron_BA2,L244R,0.0
Omicron_BA2,L244S,-0.42921296
Omicron_BA2,L244V,0.10870597
Omicron_BA2,L244-,-0.38696447
Omicron_BA2,H245C,-0.096211456
Omicron_BA2,H245D,-0.06893691
Omicron_BA2,H245F,-0.3216388
Omicron_BA2,H245L,-0.93529409
Omicron_BA2,H245N,-0.141221645
Omicron_BA2,H245P,-0.330725597
Omicron_BA2,H245Q,-0.0034625002
Omicron_BA2,H245R,0.002182178
Omicron_BA2,H245S,0.1334485
Omicron_BA2,H245T,0.10397589
Omicron_BA2,H245Y,0.034427518000000004
Omicron_BA2,H245-,-0.14254384999999997
Omicron_BA2,R246D,0.0
Omicron_BA2,R246E,-0.35251648
Omicron_BA2,R246G,-0.38662532
Omicron_BA2,R246I,-0.986042263
Omicron_BA2,R246K,-0.287802424
Omicron_BA2,R246M,-0.6946102999999999
Omicron_BA2,R246N,-0.20721214300000002
Omicron_BA2,R246Q,-0.060834013
Omicron_BA2,R246S,-0.308235158
Omicron_BA2,R246T,-0.47891309600000004
Omicron_BA2,R246V,-0.63810533
Omicron_BA2,R246W,-1.1474636599999999
Omicron_BA2,R246Y,-0.16111177
Omicron_BA2,R246-,-0.15464032
Omicron_BA2,S247C,-0.00866269
Omicron_BA2,S247F,0.05644799699999999
Omicron_BA2,S247G,-0.019722492
Omicron_BA2,S247H,0.090876676
Omicron_BA2,S247I,-0.12094816
Omicron_BA2,S247K,1.6260418
Omicron_BA2,S247N,0.061723015
Omicron_BA2,S247P,-0.080783196
Omicron_BA2,S247R,-0.5732012
Omicron_BA2,S247V,0.0
Omicron_BA2,S247Y,-0.037462715
Omicron_BA2,S247-,-0.0036287156
Omicron_BA2,Y248C,-0.11032893
Omicron_BA2,Y248D,0.24914083
Omicron_BA2,Y248F,-0.056413647
Omicron_BA2,Y248H,0.058759844000000006
Omicron_BA2,Y248I,-0.072695285
Omicron_BA2,Y248L,0.11157643
Omicron_BA2,Y248N,-0.23051028
Omicron_BA2,Y248Q,0.0
Omicron_BA2,Y248S,-0.050505545
Omicron_BA2,Y248V,-0.3551583
Omicron_BA2,Y248*,-1.9003181
Omicron_BA2,Y248-,-0.057998598
Omicron_BA2,L249F,-0.0390938486
Omicron_BA2,L249M,0.074393734
Omicron_BA2,L249P,-0.060102448
Omicron_BA2,L249Q,0.083425365
Omicron_BA2,L249R,-0.04617267
Omicron_BA2,L249S,0.031565960000000004
Omicron_BA2,L249V,0.029511710000000003
Omicron_BA2,L249W,-0.09157036
Omicron_BA2,L249-,0.029940136
Omicron_BA2,T250A,0.058770544
Omicron_BA2,T250D,0.20074062
Omicron_BA2,T250F,0.033276573
Omicron_BA2,T250I,-0.05071475
Omicron_BA2,T250K,0.1235724
Omicron_BA2,T250L,-0.118012115
Omicron_BA2,T250M,0.8034506
Omicron_BA2,T250N,0.07783199500000001
Omicron_BA2,T250P,0.024343124999999993
Omicron_BA2,T250Q,-0.10966785700000001
Omicron_BA2,T250R,0.3930164
Omicron_BA2,T250S,-0.107988134
Omicron_BA2,T250-,0.090718254
Omicron_BA2,P251A,-1.2023425
Omicron_BA2,P251H,-0.024219174
Omicron_BA2,P251L,0.02534214
Omicron_BA2,P251R,-0.31288302
Omicron_BA2,P251S,0.014979406
Omicron_BA2,P251T,-0.07327468
Omicron_BA2,P251V,-0.059724838
Omicron_BA2,P251Y,-0.07259764
Omicron_BA2,P251-,0.082440525
Omicron_BA2,G252A,0.0
Omicron_BA2,G252D,-0.059301156
Omicron_BA2,G252E,-0.033352163
Omicron_BA2,G252I,-0.11677528
Omicron_BA2,G252L,0.092722766
Omicron_BA2,G252R,-0.11081422899999999
Omicron_BA2,G252S,0.07849695
Omicron_BA2,G252V,-0.161729248
Omicron_BA2,G252*,-0.67139614
Omicron_BA2,G252-,-0.13927984
Omicron_BA2,D253A,-0.0985561723
Omicron_BA2,D253C,-0.462692857
Omicron_BA2,D253E,-0.10426294
Omicron_BA2,D253F,-0.110339123
Omicron_BA2,D253G,0.02849829999999999
Omicron_BA2,D253H,-0.027842381
Omicron_BA2,D253I,-0.1467725
Omicron_BA2,D253K,0.30062829
Omicron_BA2,D253L,-0.030555492
Omicron_BA2,D253M,-0.023076031
Omicron_BA2,D253N,0.08414982
Omicron_BA2,D253P,-0.1353197
Omicron_BA2,D253Q,-0.08169316
Omicron_BA2,D253R,-0.1468357434
Omicron_BA2,D253S,-0.16694275
Omicron_BA2,D253T,0.004861217000000001
Omicron_BA2,D253V,-0.119782656
Omicron_BA2,D253W,-0.08989139
Omicron_BA2,D253Y,-0.163126242
Omicron_BA2,D253*,-2.8552892
Omicron_BA2,D253-,-0.35750735
Omicron_BA2,S254A,0.11190193500000001
Omicron_BA2,S254C,-0.10218802
Omicron_BA2,S254D,0.04651094500000001
Omicron_BA2,S254E,0.00947217
Omicron_BA2,S254F,0.051999643
Omicron_BA2,S254G,-0.02253132000000002
Omicron_BA2,S254H,0.06407421
Omicron_BA2,S254I,-0.15422463
Omicron_BA2,S254K,-0.10624693
Omicron_BA2,S254L,-0.11664715999999997
Omicron_BA2,S254M,0.024569882
Omicron_BA2,S254N,0.1383515
Omicron_BA2,S254P,0.0012743830000000005
Omicron_BA2,S254Q,0.091843896
Omicron_BA2,S254R,-0.03834656
Omicron_BA2,S254T,0.024922451
Omicron_BA2,S254V,-0.030290311
Omicron_BA2,S254W,-0.025085442
Omicron_BA2,S254Y,0.019370397439011002
Omicron_BA2,S254*,-3.1856296
Omicron_BA2,S254-,-0.08414258
Omicron_BA2,S255A,0.02018884
Omicron_BA2,S255C,-0.111851808
Omicron_BA2,S255D,0.049022563
Omicron_BA2,S255E,0.046265993
Omicron_BA2,S255F,0.056294628
Omicron_BA2,S255G,0.020408263999999995
Omicron_BA2,S255H,-0.127635384
Omicron_BA2,S255I,0.053274
Omicron_BA2,S255K,-0.081300765
Omicron_BA2,S255L,-0.13636524
Omicron_BA2,S255M,-0.0612178
Omicron_BA2,S255N,0.033057936
Omicron_BA2,S255P,-0.10832782999999999
Omicron_BA2,S255Q,0.027520018
Omicron_BA2,S255R,-0.012682565
Omicron_BA2,S255T,0.025450094
Omicron_BA2,S255V,-0.09819258
Omicron_BA2,S255W,-0.06350651
Omicron_BA2,S255Y,-0.019626813
Omicron_BA2,S255*,-2.672281
Omicron_BA2,S256A,-0.0770166
Omicron_BA2,S256F,-0.14134318
Omicron_BA2,S256I,0.23860325
Omicron_BA2,S256L,-0.08152532800000001
Omicron_BA2,S256N,-0.5735798
Omicron_BA2,S256P,0.00469549
Omicron_BA2,S256T,-0.1721404
Omicron_BA2,S256Y,0.18972799
Omicron_BA2,S256-,-0.05643007
Omicron_BA2,G257A,-0.05297283
Omicron_BA2,G257C,-0.18846117
Omicron_BA2,G257D,0.0067123356
Omicron_BA2,G257E,0.029523171
Omicron_BA2,G257F,0.0012836499
Omicron_BA2,G257H,0.16956551
Omicron_BA2,G257I,-0.10971982
Omicron_BA2,G257K,-0.002828556
Omicron_BA2,G257L,-0.047520306
Omicron_BA2,G257M,-0.11451025999999999
Omicron_BA2,G257N,0.053148847
Omicron_BA2,G257P,-0.258899355
Omicron_BA2,G257Q,-0.35615742
Omicron_BA2,G257R,-0.2351807
Omicron_BA2,G257S,-0.123624625
Omicron_BA2,G257T,0.064133685
Omicron_BA2,G257V,-0.062843692
Omicron_BA2,G257W,-0.20353357600000002
Omicron_BA2,G257Y,-0.13696942
Omicron_BA2,G257*,-2.7840676
Omicron_BA2,G257-,0.118730374
Omicron_BA2,W258C,-0.31433679000000003
Omicron_BA2,W258F,-0.27767712
Omicron_BA2,W258G,0.161146973
Omicron_BA2,W258L,-0.5386170847
Omicron_BA2,W258R,-0.41848442799999996
Omicron_BA2,W258S,-0.13799113
Omicron_BA2,W258Y,0.7828162
Omicron_BA2,W258*,-2.7037628
Omicron_BA2,W258-,0.09637047
Omicron_BA2,T259A,0.0021491288
Omicron_BA2,T259D,-0.08328342
Omicron_BA2,T259I,0.0682878
Omicron_BA2,T259K,0.057054352
Omicron_BA2,T259P,-0.1449065603
Omicron_BA2,T259R,0.1768849
Omicron_BA2,T259S,0.164517704
Omicron_BA2,T259V,-0.15334313
Omicron_BA2,T259-,0.059380494
Omicron_BA2,A260C,-0.29199168
Omicron_BA2,A260D,0.128889585
Omicron_BA2,A260E,0.089808054
Omicron_BA2,A260F,-0.08957212
Omicron_BA2,A260G,0.21770935
Omicron_BA2,A260I,-0.1582267
Omicron_BA2,A260L,-0.20716079
Omicron_BA2,A260P,-0.16413136
Omicron_BA2,A260R,0.13527843
Omicron_BA2,A260S,-0.025909524
Omicron_BA2,A260T,0.08223085000000002
Omicron_BA2,A260V,-0.09150795
Omicron_BA2,A260-,-0.3273026
Omicron_BA2,G261A,0.016380124
Omicron_BA2,G261C,0.029618924999999997
Omicron_BA2,G261D,-0.08913667
Omicron_BA2,G261E,0.08085596
Omicron_BA2,G261F,-0.0055271047
Omicron_BA2,G261H,-0.16777196500000002
Omicron_BA2,G261I,-0.07094744
Omicron_BA2,G261K,-0.23026401
Omicron_BA2,G261L,-0.04544872
Omicron_BA2,G261M,-0.01622632
Omicron_BA2,G261N,0.110988052
Omicron_BA2,G261P,-0.030294811
Omicron_BA2,G261Q,0.115790926
Omicron_BA2,G261R,-0.08084061000000001
Omicron_BA2,G261S,-0.0155084766
Omicron_BA2,G261T,0.064325884
Omicron_BA2,G261V,0.056681215
Omicron_BA2,G261W,-0.751557048
Omicron_BA2,G261Y,-0.08399558
Omicron_BA2,G261*,-4.013167
Omicron_BA2,G261-,-0.650553312
Omicron_BA2,A262C,-0.38250174
Omicron_BA2,A262D,-0.0053331866
Omicron_BA2,A262E,0.015424140000000003
Omicron_BA2,A262F,0.024136111
Omicron_BA2,A262G,-0.0282839275
Omicron_BA2,A262H,-0.103650648
Omicron_BA2,A262I,-0.074029177
Omicron_BA2,A262K,0.048243027
Omicron_BA2,A262L,-0.22133037
Omicron_BA2,A262M,-0.06626834
Omicron_BA2,A262N,0.124045834
Omicron_BA2,A262P,-0.24519741
Omicron_BA2,A262Q,0.10062076259599999
Omicron_BA2,A262R,-0.070780253
Omicron_BA2,A262S,0.055952461
Omicron_BA2,A262T,-0.03414442
Omicron_BA2,A262V,-0.09504015499999999
Omicron_BA2,A262W,-0.16252609
Omicron_BA2,A262Y,-0.25490604
Omicron_BA2,A262*,-4.00763
Omicron_BA2,A262-,0.01595252
Omicron_BA2,A263C,-0.38880587
Omicron_BA2,A263E,-0.089641444
Omicron_BA2,A263G,-0.24539872
Omicron_BA2,A263I,-0.28606063
Omicron_BA2,A263L,0.045400303
Omicron_BA2,A263P,-0.37626067
Omicron_BA2,A263R,-0.25109032
Omicron_BA2,A263S,-0.17279652
Omicron_BA2,A263T,-0.069999416
Omicron_BA2,A263V,-0.108591505
Omicron_BA2,A264D,0.06448189
Omicron_BA2,A264G,0.2187042
Omicron_BA2,A264I,-0.15737183
Omicron_BA2,A264L,-0.38351506
Omicron_BA2,A264S,0.139445199
Omicron_BA2,A264T,0.0743664
Omicron_BA2,A264V,-0.138323312
Omicron_BA2,A264-,-0.18514869
Omicron_BA2,Y265C,-1.69741178
Omicron_BA2,Y265D,-0.32907906
Omicron_BA2,Y265F,-0.07981422
Omicron_BA2,Y265H,-0.9004204
Omicron_BA2,Y265L,-0.69289807
Omicron_BA2,Y265N,-0.0068573523
Omicron_BA2,Y265*,-3.6427534
Omicron_BA2,Y265-,-0.9376913
Omicron_BA2,Y266C,-0.11432703
Omicron_BA2,Y266F,0.06875185
Omicron_BA2,Y266H,-0.17464197
Omicron_BA2,Y266L,-0.021734992
Omicron_BA2,Y266N,-0.29411265
Omicron_BA2,Y266Q,-0.3211883
Omicron_BA2,Y266*,-1.9025881
Omicron_BA2,Y266-,-1.0321437
Omicron_BA2,V267A,-0.47523198
Omicron_BA2,V267C,-0.32963818
Omicron_BA2,V267E,-1.8330294
Omicron_BA2,V267I,-0.12913172
Omicron_BA2,V267L,-0.5045663300000001
Omicron_BA2,V267M,-0.60601335
Omicron_BA2,V267T,0.029998919
Omicron_BA2,V267-,-1.2539237
Omicron_BA2,G268A,0.0
Omicron_BA2,G268C,-2.141139
Omicron_BA2,G268D,-4.0386763
Omicron_BA2,G268E,-2.4298286
Omicron_BA2,G268N,-3.2558367
Omicron_BA2,G268S,-0.72270783
Omicron_BA2,G268-,0.0
Omicron_BA2,Y269C,-1.0878643000000001
Omicron_BA2,Y269F,-0.188278171
Omicron_BA2,Y269H,-0.063658661
Omicron_BA2,Y269I,-0.39328107
Omicron_BA2,Y269L,-0.73268014
Omicron_BA2,Y269N,-0.241323479
Omicron_BA2,Y269Q,-0.171938115
Omicron_BA2,Y269*,-2.4902
Omicron_BA2,Y269-,-1.5888127
Omicron_BA2,L270F,-4.4561877
Omicron_BA2,L270H,-1.8392025
Omicron_BA2,L270I,-0.30833102
Omicron_BA2,L270M,-0.557627
Omicron_BA2,L270P,-5.4719706
Omicron_BA2,L270R,0.0
Omicron_BA2,L270-,-2.4638093
Omicron_BA2,Q271A,-0.424157
Omicron_BA2,Q271E,-0.0967593
Omicron_BA2,Q271H,-0.10841615
Omicron_BA2,Q271K,0.079822406
Omicron_BA2,Q271L,-0.18236512
Omicron_BA2,Q271P,0.0
Omicron_BA2,Q271R,-0.10541795
Omicron_BA2,Q271S,-0.13260356
Omicron_BA2,Q271V,-0.030473765
Omicron_BA2,Q271*,-3.5785022
Omicron_BA2,Q271-,-1.6932256
Omicron_BA2,P272F,0.3560671
Omicron_BA2,P272H,-0.016281499999999997
Omicron_BA2,P272L,0.09319687
Omicron_BA2,P272M,-0.11795859
Omicron_BA2,P272Q,0.3605651
Omicron_BA2,P272S,-0.23570290000000002
Omicron_BA2,P272T,-0.1000482225
Omicron_BA2,R273E,-3.0975835
Omicron_BA2,R273G,-0.49840605
Omicron_BA2,R273I,0.0
Omicron_BA2,R273K,-0.38207483000000003
Omicron_BA2,R273L,-0.9222279
Omicron_BA2,R273M,-1.4685129
Omicron_BA2,R273Q,-1.1752437
Omicron_BA2,R273S,-0.59458208
Omicron_BA2,R273T,-0.699828278
Omicron_BA2,R273V,0.0
Omicron_BA2,R273-,-0.2841162
Omicron_BA2,T274A,-0.7426502
Omicron_BA2,T274D,-1.2280209
Omicron_BA2,T274I,-0.311117215
Omicron_BA2,T274L,-1.5921347
Omicron_BA2,T274N,-0.34361947
Omicron_BA2,T274P,-1.1786001
Omicron_BA2,T274S,-0.34757003
Omicron_BA2,T274-,0.0
Omicron_BA2,F275C,-2.6517727
Omicron_BA2,F275E,0.0
Omicron_BA2,F275I,-0.9903188599999999
Omicron_BA2,F275L,-0.094626405
Omicron_BA2,F275M,0.046094004
Omicron_BA2,F275S,-3.323692
Omicron_BA2,F275V,0.0
Omicron_BA2,F275Y,0.0
Omicron_BA2,F275-,0.0
Omicron_BA2,L276I,-1.4545691
Omicron_BA2,L276M,0.083658413
Omicron_BA2,L276P,-2.4982414
Omicron_BA2,L276Q,-1.65329
Omicron_BA2,L276R,0.0
Omicron_BA2,L276S,-2.2001185
Omicron_BA2,L276V,-1.4640799
Omicron_BA2,L276Y,-1.410902
Omicron_BA2,L276-,-1.0321376
Omicron_BA2,L277F,-0.15371414
Omicron_BA2,L277I,-0.14000012
Omicron_BA2,L277M,0.22910897
Omicron_BA2,L277P,-3.7880905
Omicron_BA2,L277R,0.0
Omicron_BA2,L277V,-1.0096768
Omicron_BA2,L277W,-2.6815403
Omicron_BA2,K278E,-0.14151932
Omicron_BA2,K278H,0.0
Omicron_BA2,K278I,-2.036691
Omicron_BA2,K278L,-0.1627119
Omicron_BA2,K278N,-0.16581844
Omicron_BA2,K278Q,-0.27550617
Omicron_BA2,K278R,-0.0010800849999999945
Omicron_BA2,K278S,-0.018338533
Omicron_BA2,K278V,-0.88915783
Omicron_BA2,K278-,-2.131906
Omicron_BA2,Y279C,-2.0045319
Omicron_BA2,Y279F,-0.0006095034
Omicron_BA2,Y279H,-0.8443719
Omicron_BA2,Y279I,-1.6196785
Omicron_BA2,Y279L,-1.2237865
Omicron_BA2,Y279N,-3.6668346
Omicron_BA2,Y279S,-0.54755646
Omicron_BA2,Y279W,-0.44200972
Omicron_BA2,Y279*,-1.2837634
Omicron_BA2,Y279-,-2.7272089
Omicron_BA2,N280D,0.06838015
Omicron_BA2,N280F,-2.6872857
Omicron_BA2,N280I,-0.47242278
Omicron_BA2,N280K,-1.0256763
Omicron_BA2,N280M,-2.1223295
Omicron_BA2,N280S,-0.04256636
Omicron_BA2,N280T,-1.0154321
Omicron_BA2,N280-,-0.5720608
Omicron_BA2,E281A,-0.13192339
Omicron_BA2,E281D,-0.10686633
Omicron_BA2,E281G,-0.06379913400000001
Omicron_BA2,E281H,0.02343527
Omicron_BA2,E281K,-0.18339221
Omicron_BA2,E281N,-0.17128752
Omicron_BA2,E281Q,-0.058172517
Omicron_BA2,E281V,-0.23508984
Omicron_BA2,E281*,-1.2003616
Omicron_BA2,E281-,-1.0306462
Omicron_BA2,N282D,0.01673332
Omicron_BA2,N282H,0.06692945
Omicron_BA2,N282I,-0.17249877
Omicron_BA2,N282K,-0.30753705
Omicron_BA2,N282L,-0.15714237
Omicron_BA2,N282S,-0.2896629
Omicron_BA2,N282T,-0.3842015
Omicron_BA2,N282Y,-0.3175409
Omicron_BA2,G283A,-0.098463416
Omicron_BA2,G283C,-2.9800332
Omicron_BA2,G283D,-4.732062
Omicron_BA2,G283E,-1.1202062
Omicron_BA2,G283L,-0.47576994
Omicron_BA2,G283R,-2.8341453
Omicron_BA2,G283S,-0.9919955500000001
Omicron_BA2,G283V,-2.8832858
Omicron_BA2,G283W,-2.9580674
Omicron_BA2,T284A,-0.07178253
Omicron_BA2,T284C,-0.54289615
Omicron_BA2,T284I,0.09026521277863389
Omicron_BA2,T284L,-0.35749647
Omicron_BA2,T284N,-0.9534425000000001
Omicron_BA2,T284S,-0.031876393
Omicron_BA2,I285F,-2.8857296
Omicron_BA2,I285H,-1.8425585
Omicron_BA2,I285L,-0.0030957076
Omicron_BA2,I285S,-1.9339724
Omicron_BA2,I285T,-3.2260387
Omicron_BA2,I285V,-0.4692026
Omicron_BA2,T286A,0.04550458
Omicron_BA2,T286I,-0.11372870484
Omicron_BA2,T286K,-0.42042178
Omicron_BA2,T286N,-0.09109422
Omicron_BA2,T286P,-2.127817
Omicron_BA2,T286Q,-0.08026591
Omicron_BA2,T286R,0.0
Omicron_BA2,T286S,0.17929824
Omicron_BA2,T286Y,-0.5262051
Omicron_BA2,D287A,-0.21880554
Omicron_BA2,D287E,-0.203532645
Omicron_BA2,D287G,-0.21651462
Omicron_BA2,D287H,-1.03274748
Omicron_BA2,D287K,0.0
Omicron_BA2,D287N,-0.19006133849999998
Omicron_BA2,D287Q,-0.14106144
Omicron_BA2,D287R,-0.4738622
Omicron_BA2,D287V,-3.4988964
Omicron_BA2,D287Y,-1.9900347
Omicron_BA2,A288C,-0.78654876
Omicron_BA2,A288D,-3.0821526
Omicron_BA2,A288K,-2.8108847
Omicron_BA2,A288L,-1.6967713
Omicron_BA2,A288P,0.0
Omicron_BA2,A288S,-0.95697195
Omicron_BA2,A288T,-1.3293490000000001
Omicron_BA2,A288V,-0.18432893
Omicron_BA2,A288Y,-3.0893433
Omicron_BA2,V289A,-1.1593385
Omicron_BA2,V289C,-0.6641024
Omicron_BA2,V289I,0.021167050000000007
Omicron_BA2,V289L,-0.53364822
Omicron_BA2,V289M,-4.551078
Omicron_BA2,V289Q,-3.3186111
Omicron_BA2,V289R,-3.2962635
Omicron_BA2,V289S,0.0
Omicron_BA2,V289T,-0.89296967
Omicron_BA2,D290C,-3.3047307
Omicron_BA2,D290E,-4.076268
Omicron_BA2,D290G,-1.4989927
Omicron_BA2,D290H,-3.6407375
Omicron_BA2,D290N,-2.4011805
Omicron_BA2,D290R,-0.4375209
Omicron_BA2,D290S,-2.4812474
Omicron_BA2,D290V,-3.0928059
Omicron_BA2,D290Y,-0.64611764
Omicron_BA2,C291A,-2.897246
Omicron_BA2,C291F,-3.3329358
Omicron_BA2,C291G,-1.9660571
Omicron_BA2,C291L,-4.163973
Omicron_BA2,C291M,-2.7747638
Omicron_BA2,C291R,-3.8279257
Omicron_BA2,C291S,-2.4484317
Omicron_BA2,C291V,-4.108499
Omicron_BA2,C291W,-3.8646593
Omicron_BA2,C291Y,-3.9668486
Omicron_BA2,A292C,-0.5244963
Omicron_BA2,A292D,-2.145591
Omicron_BA2,A292E,0.0
Omicron_BA2,A292G,0.038820640000000003
Omicron_BA2,A292K,-1.9017404
Omicron_BA2,A292P,0.0
Omicron_BA2,A292R,-2.0023406
Omicron_BA2,A292S,-0.06671480417
Omicron_BA2,A292T,-0.67650073
Omicron_BA2,A292V,-1.6535971
Omicron_BA2,L293F,-0.2301475
Omicron_BA2,L293I,-0.55325024
Omicron_BA2,L293M,-0.244626217
Omicron_BA2,L293P,-4.726192
Omicron_BA2,L293Q,0.045060035
Omicron_BA2,L293R,-1.0547371
Omicron_BA2,L293T,-0.4487733
Omicron_BA2,L293V,-0.49384338
Omicron_BA2,D294A,-2.7183113
Omicron_BA2,D294C,-0.3893456
Omicron_BA2,D294E,-1.9820428
Omicron_BA2,D294G,-0.79504645
Omicron_BA2,D294H,-2.825776
Omicron_BA2,D294N,-0.84454539
Omicron_BA2,D294P,-3.4975529
Omicron_BA2,D294T,-2.8542566
Omicron_BA2,D294V,0.0
Omicron_BA2,D294Y,-2.262355
Omicron_BA2,P295A,0.0
Omicron_BA2,P295L,-2.388711
Omicron_BA2,P295Q,-3.619588
Omicron_BA2,P295S,-2.5690641
Omicron_BA2,P295T,-2.5367305
Omicron_BA2,L296H,-3.4443183
Omicron_BA2,L296I,-0.1407676
Omicron_BA2,L296M,-1.2901372
Omicron_BA2,L296P,-2.0744312
Omicron_BA2,L296S,-2.4906685
Omicron_BA2,S297A,-0.2741332
Omicron_BA2,S297C,0.0
Omicron_BA2,S297F,-3.2831066
Omicron_BA2,S297L,-5.4867916
Omicron_BA2,S297P,-3.0594807
Omicron_BA2,S297Q,-2.0022712
Omicron_BA2,S297T,-2.1805537
Omicron_BA2,S297Y,-1.85914
Omicron_BA2,E298A,0.0
Omicron_BA2,E298D,-1.6713133
Omicron_BA2,E298G,-1.7675272
Omicron_BA2,E298K,-3.247543
Omicron_BA2,E298Q,-1.7195562
Omicron_BA2,E298R,-3.2767754
Omicron_BA2,E298V,-3.049648
Omicron_BA2,E298*,-2.3718064
Omicron_BA2,T299A,-0.14736665
Omicron_BA2,T299I,0.09228244099999999
Omicron_BA2,T299K,-3.5549934
Omicron_BA2,T299L,0.1656723
Omicron_BA2,T299N,-3.06452
Omicron_BA2,K300E,-2.925479
Omicron_BA2,K300M,-0.784755
Omicron_BA2,K300N,-2.1065452
Omicron_BA2,K300Q,-0.6106315
Omicron_BA2,K300R,-0.6729732
Omicron_BA2,K300S,-1.5286309
Omicron_BA2,K300T,0.0
Omicron_BA2,K300*,-1.8173649
Omicron_BA2,C301E,-3.097256
Omicron_BA2,C301F,-3.8063545
Omicron_BA2,C301R,-1.0868611
Omicron_BA2,C301S,-1.5203384
Omicron_BA2,C301V,-2.9920185
Omicron_BA2,C301Y,-3.8462577
Omicron_BA2,C301*,0.0
Omicron_BA2,T302A,-1.845843
Omicron_BA2,T302I,-2.34516694
Omicron_BA2,T302K,-1.3033084
Omicron_BA2,T302N,-1.8374931
Omicron_BA2,T302R,-2.309142
Omicron_BA2,T302S,-0.16283736
Omicron_BA2,T302V,-2.1022046
Omicron_BA2,T302Y,-2.4892745
Omicron_BA2,L303F,-0.9219161
Omicron_BA2,L303I,-0.09837088
Omicron_BA2,L303M,-0.36084294
Omicron_BA2,L303P,-4.3769026
Omicron_BA2,L303Q,-1.3099526
Omicron_BA2,L303R,-2.819409
Omicron_BA2,L303V,-0.35142803
Omicron_BA2,K304E,-0.6413986
Omicron_BA2,K304N,0.10141515
Omicron_BA2,K304Q,-0.40109143
Omicron_BA2,K304R,0.06160939
Omicron_BA2,S305A,-0.11152369
Omicron_BA2,S305F,-3.6465695
Omicron_BA2,S305I,-2.6056626
Omicron_BA2,S305L,-0.76381356
Omicron_BA2,S305N,-0.1969409
Omicron_BA2,S305P,-3.3151088
Omicron_BA2,S305T,-0.13449788
Omicron_BA2,S305Y,-3.538438
Omicron_BA2,F306I,-0.27859338
Omicron_BA2,F306L,0.07340378
Omicron_BA2,F306P,0.0
Omicron_BA2,F306S,-2.321857
Omicron_BA2,F306V,-0.7531495
Omicron_BA2,F306Y,-1.8734126
Omicron_BA2,T307A,-0.021792989999999984
Omicron_BA2,T307C,-1.2004617
Omicron_BA2,T307D,0.087496094
Omicron_BA2,T307E,-0.09549198
Omicron_BA2,T307F,-0.46849433
Omicron_BA2,T307G,-0.34233750999999996
Omicron_BA2,T307H,-0.07324922
Omicron_BA2,T307I,-0.14057392
Omicron_BA2,T307K,-0.543065
Omicron_BA2,T307L,-0.6119563
Omicron_BA2,T307M,-0.28912085
Omicron_BA2,T307N,-0.23792588000000003
Omicron_BA2,T307P,-4.95894
Omicron_BA2,T307Q,-0.19641174
Omicron_BA2,T307R,-0.38831237
Omicron_BA2,T307S,0.001840911
Omicron_BA2,T307V,-0.14624786
Omicron_BA2,T307W,-0.18409246
Omicron_BA2,T307Y,-0.20389175399999998
Omicron_BA2,T307*,-3.2571964
Omicron_BA2,V308A,-4.410211
Omicron_BA2,V308C,-1.749464
Omicron_BA2,V308E,0.0
Omicron_BA2,V308I,-0.12421877
Omicron_BA2,V308L,-0.42197932
Omicron_BA2,V308M,-2.6736927
Omicron_BA2,V308Q,0.0
Omicron_BA2,E309A,0.05282578
Omicron_BA2,E309D,-0.059482057
Omicron_BA2,E309G,-0.34345823480000004
Omicron_BA2,E309H,0.37453958
Omicron_BA2,E309K,-0.229397642
Omicron_BA2,E309Q,-0.16270145
Omicron_BA2,E309R,-0.40105247
Omicron_BA2,E309V,-0.054092824
Omicron_BA2,E309*,-2.4046144
Omicron_BA2,K310E,-2.8789833
Omicron_BA2,K310N,-2.8463078
Omicron_BA2,K310R,-0.6390566
Omicron_BA2,K310S,-2.4092479
Omicron_BA2,K310T,1.171136
Omicron_BA2,G311C,-2.7466931
Omicron_BA2,G311D,-3.715041
Omicron_BA2,G311E,-0.91622055
Omicron_BA2,G311F,-1.3453962
Omicron_BA2,G311N,-3.9304013
Omicron_BA2,G311R,-3.2671056
Omicron_BA2,G311S,-3.3671365
Omicron_BA2,G311V,-2.185207
Omicron_BA2,I312F,-1.3582017
Omicron_BA2,I312L,-0.41877598
Omicron_BA2,I312M,-0.3263657602
Omicron_BA2,I312N,-1.8309588
Omicron_BA2,I312Q,0.0
Omicron_BA2,I312S,-2.0957785
Omicron_BA2,I312T,-0.7034797
Omicron_BA2,I312V,-0.32810775999999997
Omicron_BA2,Y313C,-3.0651052
Omicron_BA2,Y313D,0.0
Omicron_BA2,Y313H,-1.4631944
Omicron_BA2,Y313I,-2.7596333
Omicron_BA2,Y313L,-2.3203769
Omicron_BA2,Y313N,-2.028946
Omicron_BA2,Y313Q,-2.507073
Omicron_BA2,Y313R,-2.5956829
Omicron_BA2,Y313S,-1.2463857
Omicron_BA2,Y313*,-1.2506133
Omicron_BA2,Y313-,-2.6613505
Omicron_BA2,Q314E,0.0
Omicron_BA2,Q314H,-0.23393587
Omicron_BA2,Q314K,-0.99465308
Omicron_BA2,Q314L,-1.1806568
Omicron_BA2,Q314N,-3.336138
Omicron_BA2,Q314P,-0.11542951
Omicron_BA2,Q314R,-0.16076066
Omicron_BA2,Q314T,-0.43675154
Omicron_BA2,Q314*,-3.020571
Omicron_BA2,Q314-,-1.5537068
Omicron_BA2,T315A,-1.1046714
Omicron_BA2,T315E,-2.0851176
Omicron_BA2,T315I,-0.24926716999999998
Omicron_BA2,T315L,-0.22516283
Omicron_BA2,T315N,-0.9228406
Omicron_BA2,T315S,-2.3406608
Omicron_BA2,T315-,-2.0650847
Omicron_BA2,S316A,-0.16315046
Omicron_BA2,S316C,-0.008052569
Omicron_BA2,S316F,-1.4639283
Omicron_BA2,S316G,-0.45375648
Omicron_BA2,S316I,-2.8052418
Omicron_BA2,S316L,-1.0014554
Omicron_BA2,S316N,-1.0121016
Omicron_BA2,S316P,-1.881587
Omicron_BA2,S316R,-1.0443581
Omicron_BA2,S316T,-0.74313838
Omicron_BA2,S316Y,-0.5023112
Omicron_BA2,S316-,-1.3121957
Omicron_BA2,N317D,-2.4454155
Omicron_BA2,N317G,0.0
Omicron_BA2,N317I,-0.5358027
Omicron_BA2,N317K,-1.3643981
Omicron_BA2,N317S,0.0337057
Omicron_BA2,N317T,-0.59890971
Omicron_BA2,N317-,-0.7244423
Omicron_BA2,F318C,-3.0824924
Omicron_BA2,F318I,-2.467631
Omicron_BA2,F318L,-1.8139839
Omicron_BA2,F318N,-1.5505009
Omicron_BA2,F318S,-4.2665734
Omicron_BA2,F318V,-3.2204826
Omicron_BA2,F318Y,-0.16075133
Omicron_BA2,F318-,-1.4206554
Omicron_BA2,R319E,-3.2105544
Omicron_BA2,R319G,-5.165398
Omicron_BA2,R319I,-1.0672504
Omicron_BA2,R319K,-1.7947971
Omicron_BA2,R319L,-3.4780948
Omicron_BA2,R319M,-1.9592886
Omicron_BA2,R319S,-3.030945
Omicron_BA2,R319T,-3.6327214
Omicron_BA2,R319W,-2.2193246
Omicron_BA2,R319-,-2.0330815
Omicron_BA2,V320A,-1.0294013
Omicron_BA2,V320D,-0.6180849
Omicron_BA2,V320F,-1.0121638
Omicron_BA2,V320G,-1.2154927
Omicron_BA2,V320I,-1.0353305
Omicron_BA2,V320L,-1.7733591
Omicron_BA2,V320S,-0.6861185
Omicron_BA2,V320T,-0.27370802
Omicron_BA2,V320-,-3.2300937
Omicron_BA2,Q321E,-0.10531
Omicron_BA2,Q321H,-0.39246157
Omicron_BA2,Q321K,-0.59408027
Omicron_BA2,Q321L,-0.07008629
Omicron_BA2,Q321N,-0.5673098999999999
Omicron_BA2,Q321P,-0.75686276
Omicron_BA2,Q321R,0.01112716
Omicron_BA2,Q321S,-0.59585667
Omicron_BA2,Q321T,0.0
Omicron_BA2,Q321*,-3.8438468
Omicron_BA2,P322A,-0.33048037
Omicron_BA2,P322L,-1.5330832
Omicron_BA2,P322N,-2.6881742
Omicron_BA2,P322Q,-4.463463
Omicron_BA2,P322R,-0.40506843
Omicron_BA2,P322S,-1.180012
Omicron_BA2,P322T,-1.5592815
Omicron_BA2,T323A,-0.20432527
Omicron_BA2,T323C,-0.79177886
Omicron_BA2,T323I,-0.40778306999999997
Omicron_BA2,T323K,-0.324954867
Omicron_BA2,T323M,-0.3697687
Omicron_BA2,T323P,-3.024962
Omicron_BA2,T323Q,-0.042218320000000004
Omicron_BA2,T323R,-0.3304367
Omicron_BA2,T323S,0.0547738
Omicron_BA2,T323-,1.0910966
Omicron_BA2,E324A,-0.05218257
Omicron_BA2,E324D,-0.008871477
Omicron_BA2,E324G,-0.12391408
Omicron_BA2,E324I,-1.096721
Omicron_BA2,E324K,-0.34159538
Omicron_BA2,E324N,-0.4207235
Omicron_BA2,E324Q,0.03969523
Omicron_BA2,E324T,-0.24291647000000005
Omicron_BA2,E324V,-0.12741417
Omicron_BA2,E324*,-2.3073926
Omicron_BA2,S325A,-0.26195586
Omicron_BA2,S325F,-0.49343570000000003
Omicron_BA2,S325G,-0.52909535
Omicron_BA2,S325I,-2.1754663
Omicron_BA2,S325K,-0.19812632
Omicron_BA2,S325L,-0.7162106
Omicron_BA2,S325N,-0.051072057
Omicron_BA2,S325Q,-0.60183483
Omicron_BA2,S325R,-0.5776326
Omicron_BA2,S325T,-0.04375838
Omicron_BA2,S325Y,-0.28002656000000004
Omicron_BA2,I326L,-0.11572901
Omicron_BA2,I326N,0.32266155
Omicron_BA2,I326T,-1.1872932
Omicron_BA2,I326V,0.008443570000000011
Omicron_BA2,V327A,-0.12280538
Omicron_BA2,V327C,-0.75444794
Omicron_BA2,V327E,-1.6714714
Omicron_BA2,V327F,-0.46149907
Omicron_BA2,V327G,0.0
Omicron_BA2,V327I,-0.09978743400000001
Omicron_BA2,V327L,-0.3008901
Omicron_BA2,V327M,-0.6108432
Omicron_BA2,V327Y,-0.7120463
Omicron_BA2,R328C,-3.6035602
Omicron_BA2,R328D,-2.6873786
Omicron_BA2,R328G,-2.0860052
Omicron_BA2,R328K,-4.9910016
Omicron_BA2,R328M,-2.9900632
Omicron_BA2,R328P,-2.1799557
Omicron_BA2,R328S,-2.4598296
Omicron_BA2,R328T,-1.6756338
Omicron_BA2,R328W,0.33916354
Omicron_BA2,F329C,0.0
Omicron_BA2,F329I,-1.2080832
Omicron_BA2,F329L,-0.6631034
Omicron_BA2,F329S,-2.0779085
Omicron_BA2,F329V,-2.015674
Omicron_BA2,F329Y,-0.5947499
Omicron_BA2,P330A,-0.50114715
Omicron_BA2,P330G,-1.6586303
Omicron_BA2,P330H,-2.2170897
Omicron_BA2,P330L,-1.7776078
Omicron_BA2,P330Q,-3.0238085
Omicron_BA2,P330S,-0.66418277
Omicron_BA2,P330T,-0.78746435
Omicron_BA2,N331D,-0.6270368
Omicron_BA2,N331E,-0.6908016
Omicron_BA2,N331H,-0.7315566
Omicron_BA2,N331I,-0.34636757
Omicron_BA2,N331K,0.14577912999999998
Omicron_BA2,N331S,-0.5262015
Omicron_BA2,N331T,-0.292176101
Omicron_BA2,N331Y,-1.1395181
Omicron_BA2,I332A,0.0
Omicron_BA2,I332L,0.36978975
Omicron_BA2,I332M,0.0
Omicron_BA2,I332N,-0.45794803
Omicron_BA2,I332P,-3.1854837
Omicron_BA2,I332T,-0.6136175
Omicron_BA2,I332V,-0.60584384
Omicron_BA2,I332Y,-0.27029783
Omicron_BA2,T333A,-0.5508454
Omicron_BA2,T333F,-0.3182247
Omicron_BA2,T333I,-0.9708086
Omicron_BA2,T333K,-0.54401696
Omicron_BA2,T333L,-0.7545559
Omicron_BA2,T333N,-0.5570331
Omicron_BA2,T333P,-0.9912654
Omicron_BA2,T333S,0.12927201
Omicron_BA2,T333Y,-1.1685425
Omicron_BA2,N334D,-0.40037566
Omicron_BA2,N334H,-0.19811766
Omicron_BA2,N334I,0.0
Omicron_BA2,N334K,-0.08032040000000001
Omicron_BA2,N334Q,0.18044217
Omicron_BA2,N334S,-0.032117464
Omicron_BA2,N334T,-0.11272381
Omicron_BA2,N334Y,-0.36546418
Omicron_BA2,L335A,-0.35726768
Omicron_BA2,L335F,-0.22859584
Omicron_BA2,L335M,-0.050588277
Omicron_BA2,L335P,-0.023740289999999997
Omicron_BA2,L335Q,-0.36039254
Omicron_BA2,L335R,0.1797709
Omicron_BA2,L335S,0.023665935
Omicron_BA2,L335T,-0.08757384
Omicron_BA2,L335V,0.019190717
Omicron_BA2,C336F,-1.2380428
Omicron_BA2,C336R,-0.15023857
Omicron_BA2,C336S,-1.5126936
Omicron_BA2,C336T,-2.4581418
Omicron_BA2,C336V,-2.843086
Omicron_BA2,C336Y,-2.5995913
Omicron_BA2,C336*,-2.9988298
Omicron_BA2,P337A,0.0
Omicron_BA2,P337H,-0.43811956
Omicron_BA2,P337L,-1.3651162
Omicron_BA2,P337Q,-0.03463975
Omicron_BA2,P337R,-0.08074421
Omicron_BA2,P337S,-0.10461913
Omicron_BA2,P337T,-0.913438583
Omicron_BA2,F338I,-0.95277274
Omicron_BA2,F338L,-0.195119963
Omicron_BA2,F338S,-3.1291826
Omicron_BA2,D339A,0.011281727999999998
Omicron_BA2,D339C,-2.235117
Omicron_BA2,D339E,0.11841980499999999
Omicron_BA2,D339F,-0.3076962492
Omicron_BA2,D339G,-0.03820443000000001
Omicron_BA2,D339H,0.03354614
Omicron_BA2,D339I,-0.06229066999999999
Omicron_BA2,D339K,-0.098559685
Omicron_BA2,D339L,-0.092313498
Omicron_BA2,D339M,-0.02539951999999998
Omicron_BA2,D339N,-0.04090219
Omicron_BA2,D339P,-0.33459868000000004
Omicron_BA2,D339Q,-0.050444987
Omicron_BA2,D339R,-0.52348845
Omicron_BA2,D339S,-0.194895602
Omicron_BA2,D339T,-0.28566201
Omicron_BA2,D339V,-0.12393948800000001
Omicron_BA2,D339W,-0.10711808499999999
Omicron_BA2,D339Y,-0.19299122900000001
Omicron_BA2,D339*,-3.8070374
Omicron_BA2,E340A,-0.24754253399999998
Omicron_BA2,E340D,-0.222554204
Omicron_BA2,E340G,-1.1106932
Omicron_BA2,E340K,-0.29226682
Omicron_BA2,E340Q,-0.2929318
Omicron_BA2,E340S,-0.254445878
Omicron_BA2,E340V,-0.6109973
Omicron_BA2,E340*,-3.1890275
Omicron_BA2,V341A,-0.51804703
Omicron_BA2,V341E,-1.36948
Omicron_BA2,V341F,-1.06510704
Omicron_BA2,V341G,0.0
Omicron_BA2,V341I,0.04863071999999999
Omicron_BA2,V341L,-0.12874047
Omicron_BA2,V341M,-0.83900385
Omicron_BA2,V341S,-2.5463395
Omicron_BA2,F342I,-0.55371004
Omicron_BA2,F342L,-0.61697227
Omicron_BA2,F342S,-3.1105013
Omicron_BA2,F342Y,-3.4714766
Omicron_BA2,F342-,-3.062912
Omicron_BA2,N343D,-0.858177894
Omicron_BA2,N343K,-1.2067622
Omicron_BA2,N343S,-0.5658177
Omicron_BA2,N343T,0.0
Omicron_BA2,N343Y,-0.41860992
Omicron_BA2,A344D,-0.7653933
Omicron_BA2,A344F,-0.98526865
Omicron_BA2,A344R,-0.33755347
Omicron_BA2,A344S,-0.2226122
Omicron_BA2,A344T,-0.68214116
Omicron_BA2,A344V,-0.9957271
Omicron_BA2,A344-,-0.07698874
Omicron_BA2,T345A,0.0
Omicron_BA2,T345H,-0.7350915
Omicron_BA2,T345I,-2.714518
Omicron_BA2,T345N,-0.9505796
Omicron_BA2,T345S,-0.098628439
Omicron_BA2,T345-,-0.2532377
Omicron_BA2,R346G,-0.56933956
Omicron_BA2,R346I,-0.02744301
Omicron_BA2,R346K,0.089405646
Omicron_BA2,R346M,-0.114643686
Omicron_BA2,R346Q,0.05681305600000001
Omicron_BA2,R346S,0.0024804196
Omicron_BA2,R346T,0.009119585
Omicron_BA2,R346W,-0.68418705
Omicron_BA2,R346-,0.050754495
Omicron_BA2,F347C,-2.3200717
Omicron_BA2,F347I,-2.223222
Omicron_BA2,F347L,-1.8217624
Omicron_BA2,F347R,-1.763421
Omicron_BA2,F347S,-2.169689
Omicron_BA2,F347V,0.0
Omicron_BA2,F347Y,-1.8847167
Omicron_BA2,F347-,0.0
Omicron_BA2,A348C,-1.7874517
Omicron_BA2,A348D,-3.080525
Omicron_BA2,A348E,-0.76619934
Omicron_BA2,A348G,-0.65970635
Omicron_BA2,A348L,-1.8802067
Omicron_BA2,A348P,0.182352275
Omicron_BA2,A348S,-0.11399103
Omicron_BA2,A348T,-0.6245400999999999
Omicron_BA2,A348V,-2.0717843
Omicron_BA2,A348-,0.0
Omicron_BA2,S349A,-1.5326157779999998
Omicron_BA2,S349F,-2.7378564
Omicron_BA2,S349I,-2.8315933
Omicron_BA2,S349L,-2.6750755
Omicron_BA2,S349P,-0.39654651
Omicron_BA2,S349Q,-0.28505743
Omicron_BA2,S349T,-1.4194386
Omicron_BA2,S349Y,-3.2087262
Omicron_BA2,S349-,0.0
Omicron_BA2,V350A,-2.0075977
Omicron_BA2,V350C,-3.2950647
Omicron_BA2,V350D,0.0775305
Omicron_BA2,V350F,-3.6483812
Omicron_BA2,V350G,0.0
Omicron_BA2,V350I,-2.2435632
Omicron_BA2,V350L,-3.190833
Omicron_BA2,V350-,0.0
Omicron_BA2,Y351C,-1.8266894
Omicron_BA2,Y351F,-0.07346109
Omicron_BA2,Y351H,-0.27077927
Omicron_BA2,Y351L,-2.2595203
Omicron_BA2,Y351M,-2.212332
Omicron_BA2,Y351N,-0.22266772
Omicron_BA2,Y351*,-2.589396
Omicron_BA2,Y351-,0.0
Omicron_BA2,A352C,-1.1536855
Omicron_BA2,A352D,-0.9403699000000001
Omicron_BA2,A352G,0.06716513
Omicron_BA2,A352L,0.0
Omicron_BA2,A352M,-0.13190036
Omicron_BA2,A352N,0.058970276
Omicron_BA2,A352S,-0.34661156
Omicron_BA2,A352T,-1.0815389400000002
Omicron_BA2,A352V,-2.4237375
Omicron_BA2,W353C,-2.9329429
Omicron_BA2,W353F,-0.9926812
Omicron_BA2,W353G,-2.3776057
Omicron_BA2,W353L,-2.2891324
Omicron_BA2,W353R,-4.518847
Omicron_BA2,W353*,-6.948935
Omicron_BA2,N354D,-0.09040626
Omicron_BA2,N354H,0.039519689999999996
Omicron_BA2,N354I,-0.028113578
Omicron_BA2,N354K,0.023646792
Omicron_BA2,N354S,0.02431068
Omicron_BA2,N354T,-0.046770923
Omicron_BA2,N354Y,-0.7139863399999999
Omicron_BA2,R355G,-2.9722598
Omicron_BA2,R355K,-3.437952
Omicron_BA2,R355M,-2.9374642
Omicron_BA2,R355Q,-0.79761004
Omicron_BA2,R355S,-2.984066
Omicron_BA2,R355T,-2.541054
Omicron_BA2,R355W,-1.4495682
Omicron_BA2,K356E,-0.69416255
Omicron_BA2,K356G,-1.3709358
Omicron_BA2,K356M,0.023384733
Omicron_BA2,K356N,-0.7712532
Omicron_BA2,K356Q,0.029217726
Omicron_BA2,K356R,0.026846757
Omicron_BA2,K356T,-0.21983604
Omicron_BA2,K356W,-1.399682
Omicron_BA2,K356Y,-0.24078909
Omicron_BA2,R357E,-0.33645657
Omicron_BA2,R357G,-1.9535636
Omicron_BA2,R357I,0.18031839
Omicron_BA2,R357K,0.06796668
Omicron_BA2,R357M,0.01407432
Omicron_BA2,R357S,-0.076576576
Omicron_BA2,R357T,0.08114177
Omicron_BA2,R357W,-0.16337803
Omicron_BA2,R357-,0.0
Omicron_BA2,I358E,-0.789262
Omicron_BA2,I358F,-1.464024
Omicron_BA2,I358L,-0.002644853
Omicron_BA2,I358N,-2.857667
Omicron_BA2,I358S,-2.362114
Omicron_BA2,I358T,-0.7619772
Omicron_BA2,I358V,-0.6660419499999999
Omicron_BA2,S359A,0.40121686
Omicron_BA2,S359C,-0.3407091
Omicron_BA2,S359F,0.2962175
Omicron_BA2,S359G,-0.73797593
Omicron_BA2,S359I,-0.7590655
Omicron_BA2,S359L,-3.0270898
Omicron_BA2,S359N,-0.11674478400000002
Omicron_BA2,S359R,-0.51222144
Omicron_BA2,S359T,-0.1307093
Omicron_BA2,N360A,-2.262238
Omicron_BA2,N360D,-0.09852669
Omicron_BA2,N360F,-0.6920075
Omicron_BA2,N360I,0.18176079
Omicron_BA2,N360K,-1.1755042
Omicron_BA2,N360L,-1.3545076
Omicron_BA2,N360S,-0.5144988
Omicron_BA2,N360T,-1.11004756
Omicron_BA2,N360Y,-0.624356
Omicron_BA2,C361F,-1.7899765
Omicron_BA2,C361G,-1.9368979
Omicron_BA2,C361I,-2.0207765
Omicron_BA2,C361N,-3.3148503
Omicron_BA2,C361R,-4.5954547
Omicron_BA2,C361S,0.0
Omicron_BA2,C361T,-2.9829926
Omicron_BA2,C361V,-2.6329823
Omicron_BA2,C361Y,-2.0012152
Omicron_BA2,C361*,-1.735684
Omicron_BA2,V362A,-0.6777287
Omicron_BA2,V362E,-1.6123012
Omicron_BA2,V362F,-1.6970261
Omicron_BA2,V362G,-1.1710165
Omicron_BA2,V362I,-0.039784824999999996
Omicron_BA2,V362L,-0.59128436
Omicron_BA2,V362M,-0.4832603
Omicron_BA2,A363D,-2.9775846
Omicron_BA2,A363L,-0.1527416
Omicron_BA2,A363P,0.0
Omicron_BA2,A363S,-0.2656856
Omicron_BA2,A363T,-0.7554646
Omicron_BA2,A363V,-0.20575494
Omicron_BA2,D364E,-1.0023173
Omicron_BA2,D364G,-2.827283
Omicron_BA2,D364N,-0.5340133499999999
Omicron_BA2,D364S,-3.2493463
Omicron_BA2,D364Y,-0.7631001
Omicron_BA2,D364-,-2.9338198
Omicron_BA2,Y365A,0.0
Omicron_BA2,Y365C,-1.6023494
Omicron_BA2,Y365D,-2.4163241
Omicron_BA2,Y365E,-2.3162155
Omicron_BA2,Y365F,0.3766072345
Omicron_BA2,Y365H,-1.3022394
Omicron_BA2,Y365N,0.0
Omicron_BA2,Y365S,-2.76193
Omicron_BA2,Y365*,-1.8787969
Omicron_BA2,Y365-,-2.0592117
Omicron_BA2,S366A,-0.37686325000000004
Omicron_BA2,S366F,-2.2530022
Omicron_BA2,S366I,-2.2426248
Omicron_BA2,S366L,-0.59526604
Omicron_BA2,S366P,-1.1571646
Omicron_BA2,S366T,0.09056213
Omicron_BA2,S366Y,-1.5129689
Omicron_BA2,V367A,0.012817960000000003
Omicron_BA2,V367E,-0.1413494
Omicron_BA2,V367F,-0.564163
Omicron_BA2,V367G,-0.17903519
Omicron_BA2,V367I,-0.082013525
Omicron_BA2,V367L,0.36342813
Omicron_BA2,V367M,-0.046819903
Omicron_BA2,L368F,-0.7064928
Omicron_BA2,L368H,0.0
Omicron_BA2,L368I,-0.02066801
Omicron_BA2,L368P,-2.21709
Omicron_BA2,L368Q,-0.70752525
Omicron_BA2,L368S,-2.671776
Omicron_BA2,Y369C,-2.327173
Omicron_BA2,Y369D,0.0
Omicron_BA2,Y369F,-0.66487423
Omicron_BA2,Y369H,-0.122125596
Omicron_BA2,Y369N,-0.841735
Omicron_BA2,Y369Q,0.39707926
Omicron_BA2,Y369*,-1.8876932
Omicron_BA2,N370D,0.03941457500000001
Omicron_BA2,N370H,-0.10065233556
Omicron_BA2,N370I,0.0
Omicron_BA2,N370K,-0.190313275
Omicron_BA2,N370S,-0.208469194
Omicron_BA2,N370-,-0.4642214
Omicron_BA2,A372D,-0.26953736
Omicron_BA2,A372E,-0.15830989
Omicron_BA2,A372G,0.0
Omicron_BA2,A372L,-0.09654082
Omicron_BA2,A372P,-0.32692614
Omicron_BA2,A372R,-1.0487814
Omicron_BA2,A372S,-0.3357205
Omicron_BA2,A372T,-0.71013317
Omicron_BA2,A372V,-0.36554542
Omicron_BA2,A372-,-0.6726853
Omicron_BA2,P373A,-0.7852437800000001
Omicron_BA2,P373C,-3.577803
Omicron_BA2,P373D,0.09010426999999999
Omicron_BA2,P373E,-0.24073523
Omicron_BA2,P373F,-1.21979123
Omicron_BA2,P373G,-0.82747541
Omicron_BA2,P373H,-0.5418292459999999
Omicron_BA2,P373I,-1.9699342
Omicron_BA2,P373K,-1.1968722
Omicron_BA2,P373L,-1.7974245400000002
Omicron_BA2,P373M,-1.311113465
Omicron_BA2,P373N,-0.51306043
Omicron_BA2,P373Q,-0.7623578
Omicron_BA2,P373R,-1.4825054
Omicron_BA2,P373S,-0.67517896
Omicron_BA2,P373T,-0.928104645
Omicron_BA2,P373V,-1.8230882
Omicron_BA2,P373W,-1.9154652
Omicron_BA2,P373Y,-1.29175793
Omicron_BA2,P373*,-4.055633
Omicron_BA2,P373-,-0.21465051
Omicron_BA2,F374C,0.0
Omicron_BA2,F374I,-0.332830525
Omicron_BA2,F374L,-0.42112991
Omicron_BA2,F374R,0.0
Omicron_BA2,F374S,-0.5309153400000001
Omicron_BA2,F374V,-0.066868834
Omicron_BA2,F374Y,-0.11707675000000001
Omicron_BA2,F375A,-0.45819748
Omicron_BA2,F375C,-0.9921327
Omicron_BA2,F375D,0.22324309999999997
Omicron_BA2,F375E,0.20425126999999998
Omicron_BA2,F375G,-0.44685094500000005
Omicron_BA2,F375H,-0.08851556
Omicron_BA2,F375I,-0.14412947
Omicron_BA2,F375K,-1.18899255
Omicron_BA2,F375L,0.140934875
Omicron_BA2,F375M,0.177300756
Omicron_BA2,F375N,-0.36149048000000006
Omicron_BA2,F375P,-0.30549845999999997
Omicron_BA2,F375Q,-0.13736484000000004
Omicron_BA2,F375R,-1.2362778
Omicron_BA2,F375S,-0.34043159999999995
Omicron_BA2,F375T,-0.04199857000000001
Omicron_BA2,F375V,-0.09009911
Omicron_BA2,F375W,-0.18069808
Omicron_BA2,F375Y,-0.24918522
Omicron_BA2,F375*,-3.9377313
Omicron_BA2,F375-,-0.21766168
Omicron_BA2,T376A,0.023006699999999936
Omicron_BA2,T376C,-3.7556374
Omicron_BA2,T376D,0.15437607999999997
Omicron_BA2,T376E,0.096958616
Omicron_BA2,T376F,-0.30236104
Omicron_BA2,T376G,-0.17075853000000002
Omicron_BA2,T376H,-0.06774756600000001
Omicron_BA2,T376I,-0.028747402
Omicron_BA2,T376K,-0.19220072
Omicron_BA2,T376L,-0.17822096999999998
Omicron_BA2,T376M,-0.22394437
Omicron_BA2,T376N,0.028102600000000005
Omicron_BA2,T376P,-1.4339851
Omicron_BA2,T376Q,0.22948427
Omicron_BA2,T376R,-0.12823977
Omicron_BA2,T376S,-0.014867656000000007
Omicron_BA2,T376V,-0.1315723036
Omicron_BA2,T376W,-0.31714365
Omicron_BA2,T376Y,0.0030086634
Omicron_BA2,T376*,-3.2172947
Omicron_BA2,T376-,0.1489827
Omicron_BA2,F377I,-0.4252492
Omicron_BA2,F377K,0.0
Omicron_BA2,F377L,-0.34884462
Omicron_BA2,F377M,-1.1870986
Omicron_BA2,F377S,-0.9698541
Omicron_BA2,F377V,-0.3234796
Omicron_BA2,F377Y,0.0
Omicron_BA2,K378E,-0.32317898
Omicron_BA2,K378M,-0.8100178
Omicron_BA2,K378N,-0.322240721
Omicron_BA2,K378Q,-0.034012042
Omicron_BA2,K378R,-0.13243217
Omicron_BA2,C379F,-3.2047143
Omicron_BA2,C379G,0.0
Omicron_BA2,C379N,0.0
Omicron_BA2,C379R,-2.6906216
Omicron_BA2,C379S,1.2480714
Omicron_BA2,C379W,-2.118603
Omicron_BA2,C379Y,-3.8629658
Omicron_BA2,C379*,-2.487108
Omicron_BA2,Y380C,-2.650144
Omicron_BA2,Y380E,-0.6142218
Omicron_BA2,Y380F,-0.30707382
Omicron_BA2,Y380H,-0.78353983
Omicron_BA2,Y380L,-3.6775053
Omicron_BA2,Y380N,-1.8550385
Omicron_BA2,Y380W,0.05772627
Omicron_BA2,Y380*,0.8408328
Omicron_BA2,G381A,0.20329551
Omicron_BA2,G381E,-1.6194742
Omicron_BA2,G381L,-1.5113035
Omicron_BA2,G381R,-0.059651375
Omicron_BA2,G381S,-0.700506
Omicron_BA2,G381V,-3.197597
Omicron_BA2,G381*,-3.401435
Omicron_BA2,V382A,-0.6638721
Omicron_BA2,V382E,-1.6982888
Omicron_BA2,V382G,0.0
Omicron_BA2,V382L,-0.26972836
Omicron_BA2,V382M,-0.83359112
Omicron_BA2,S383A,-0.8639301
Omicron_BA2,S383C,-2.6584966
Omicron_BA2,S383F,-3.187108
Omicron_BA2,S383G,-0.7638466500000001
Omicron_BA2,S383I,-2.8556218
Omicron_BA2,S383N,-2.605116
Omicron_BA2,S383P,0.0
Omicron_BA2,S383R,-1.6435198
Omicron_BA2,S383Y,0.0
Omicron_BA2,S383-,-0.4723519
Omicron_BA2,P384A,0.05921019000000001
Omicron_BA2,P384C,-1.1698376
Omicron_BA2,P384D,-0.6116163
Omicron_BA2,P384E,-0.13889116
Omicron_BA2,P384F,-0.039841054
Omicron_BA2,P384G,-0.6132779
Omicron_BA2,P384H,-0.071984862
Omicron_BA2,P384I,-0.13934481
Omicron_BA2,P384K,-0.5075741
Omicron_BA2,P384L,-0.66769798
Omicron_BA2,P384M,-0.16289642
Omicron_BA2,P384N,-0.41970965
Omicron_BA2,P384Q,-0.30205595
Omicron_BA2,P384R,-0.5618722199999999
Omicron_BA2,P384S,-0.13716678
Omicron_BA2,P384T,-0.565452084
Omicron_BA2,P384V,-0.21659346
Omicron_BA2,P384W,-0.22695478
Omicron_BA2,P384Y,0.05114966
Omicron_BA2,P384*,-1.8823005
Omicron_BA2,T385A,0.03465919
Omicron_BA2,T385I,-0.24714437199999997
Omicron_BA2,T385K,0.059952457
Omicron_BA2,T385M,-0.51765645
Omicron_BA2,T385N,0.052365538
Omicron_BA2,T385S,-0.045377452
Omicron_BA2,T385-,-1.6961615
Omicron_BA2,K386I,-3.036542
Omicron_BA2,K386L,-2.05441
Omicron_BA2,K386N,1.0019981
Omicron_BA2,K386R,-0.5659588
Omicron_BA2,K386T,0.0
Omicron_BA2,K386-,-2.4790902
Omicron_BA2,L387M,-0.93450195
Omicron_BA2,L387P,-3.1273954
Omicron_BA2,L387R,0.0
Omicron_BA2,L387S,-1.5633277
Omicron_BA2,N388A,-0.45365986
Omicron_BA2,N388D,-0.5959059
Omicron_BA2,N388K,-0.31107935
Omicron_BA2,N388S,-0.43335757
Omicron_BA2,N388Y,0.36677697
Omicron_BA2,D389A,-1.3631833
Omicron_BA2,D389E,-0.2303829
Omicron_BA2,D389G,-0.43511847
Omicron_BA2,D389H,-0.45911447000000005
Omicron_BA2,D389L,-1.526955
Omicron_BA2,D389N,-0.30613903
Omicron_BA2,D389T,-0.8450679
Omicron_BA2,D389Y,-1.7793489
Omicron_BA2,D389-,-2.8382258
Omicron_BA2,L390F,-2.3625765
Omicron_BA2,L390I,-0.19577156
Omicron_BA2,L390M,-0.626223855
Omicron_BA2,L390P,-5.4065266
Omicron_BA2,L390Q,-0.4389508
Omicron_BA2,L390R,-1.7940884
Omicron_BA2,L390V,-0.68738663
Omicron_BA2,C391F,-1.029472
Omicron_BA2,C391I,-1.7670537
Omicron_BA2,C391M,-3.2476134
Omicron_BA2,C391R,-2.172552
Omicron_BA2,C391S,0.0
Omicron_BA2,C391W,0.0
Omicron_BA2,C391Y,-2.8638086
Omicron_BA2,C391*,0.0
Omicron_BA2,F392I,0.0
Omicron_BA2,F392L,-1.5187141
Omicron_BA2,F392S,-0.68940645
Omicron_BA2,F392V,-1.3998711
Omicron_BA2,F392Y,1.4135978
Omicron_BA2,F392-,-0.5403543
Omicron_BA2,T393A,0.1150482
Omicron_BA2,T393D,0.0
Omicron_BA2,T393I,-2.2596827
Omicron_BA2,T393M,-2.8755014
Omicron_BA2,T393N,-0.45933253
Omicron_BA2,T393S,0.09969668
Omicron_BA2,T393-,-0.496622
Omicron_BA2,N394D,-0.055292457
Omicron_BA2,N394H,-0.63884205
Omicron_BA2,N394I,-1.1708206
Omicron_BA2,N394K,-0.35960862
Omicron_BA2,N394Q,-0.84541774
Omicron_BA2,N394R,0.0
Omicron_BA2,N394S,-0.0841759
Omicron_BA2,N394T,-0.3039065
Omicron_BA2,N394Y,-0.827785551
Omicron_BA2,N394-,-2.1140661
Omicron_BA2,V395A,-1.1136916
Omicron_BA2,V395D,0.0
Omicron_BA2,V395F,-0.7637167
Omicron_BA2,V395G,0.0
Omicron_BA2,V395I,-0.4867784
Omicron_BA2,V395L,-0.056285117
Omicron_BA2,Y396C,0.0
Omicron_BA2,Y396D,-1.034141
Omicron_BA2,Y396F,-0.2142945
Omicron_BA2,Y396H,-0.89653554236
Omicron_BA2,Y396N,-0.0074651415
Omicron_BA2,Y396*,-1.2824714
Omicron_BA2,A397D,-2.447298
Omicron_BA2,A397L,-0.52521912
Omicron_BA2,A397S,-1.4292046
Omicron_BA2,A397T,-2.0182612
Omicron_BA2,A397V,-0.454352288
Omicron_BA2,D398E,-2.559721
Omicron_BA2,D398H,0.0
Omicron_BA2,D398N,-3.7945726
Omicron_BA2,D398Y,-2.1667538
Omicron_BA2,D398-,0.4722995
Omicron_BA2,S399F,-1.3982413
Omicron_BA2,S399L,-2.485243
Omicron_BA2,S399P,-2.1354058
Omicron_BA2,S399Y,-0.5819373
Omicron_BA2,S399-,1.458807
Omicron_BA2,F400A,-1.51219112
Omicron_BA2,F400E,-2.7221441
Omicron_BA2,F400I,-0.6230882
Omicron_BA2,F400L,-4.407531
Omicron_BA2,F400M,-0.46980512
Omicron_BA2,F400S,-0.305047
Omicron_BA2,F400V,0.0
Omicron_BA2,F400Y,1.4733934
Omicron_BA2,F400-,0.0
Omicron_BA2,V401A,-0.60578245
Omicron_BA2,V401E,-1.8888108
Omicron_BA2,V401I,-1.4416674
Omicron_BA2,V401L,-2.3783262
Omicron_BA2,V401M,-3.4536204
Omicron_BA2,V401-,0.0
Omicron_BA2,I402F,0.0
Omicron_BA2,I402L,-0.40097353
Omicron_BA2,I402M,-2.693415
Omicron_BA2,I402N,-2.6286235
Omicron_BA2,I402T,-1.9144251
Omicron_BA2,I402V,-0.17382717
Omicron_BA2,I402-,0.0
Omicron_BA2,R403G,-1.079348
Omicron_BA2,R403I,-1.9755955
Omicron_BA2,R403K,-0.28916962
Omicron_BA2,R403M,-0.15242698999999998
Omicron_BA2,R403S,-0.61966187
Omicron_BA2,R403T,-0.9904594
Omicron_BA2,R403W,-2.2806718
Omicron_BA2,R403-,0.0
Omicron_BA2,G404A,-0.7874086
Omicron_BA2,G404C,-2.5366442
Omicron_BA2,G404D,0.11649005
Omicron_BA2,G404E,-1.1677716
Omicron_BA2,G404H,0.0
Omicron_BA2,G404R,-1.6502788
Omicron_BA2,G404S,-2.431129
Omicron_BA2,G404V,-3.7761834
Omicron_BA2,G404*,-2.7629452
Omicron_BA2,G404-,0.0
Omicron_BA2,D405A,-0.32282635
Omicron_BA2,D405C,-1.7594205
Omicron_BA2,D405E,-0.18486837
Omicron_BA2,D405F,-0.4053642
Omicron_BA2,D405G,-0.300967885
Omicron_BA2,D405H,-0.43985293000000003
Omicron_BA2,D405I,-0.409976
Omicron_BA2,D405K,-3.418275
Omicron_BA2,D405L,-0.32194411000000006
Omicron_BA2,D405M,-0.31351018
Omicron_BA2,D405N,-0.018853669999999934
Omicron_BA2,D405P,-4.0834794
Omicron_BA2,D405Q,-0.23417687
Omicron_BA2,D405R,-1.4707868
Omicron_BA2,D405S,-0.19234204000000002
Omicron_BA2,D405T,-0.49299118
Omicron_BA2,D405V,-0.45684804
Omicron_BA2,D405W,-2.1019807
Omicron_BA2,D405Y,-0.27869067999999997
Omicron_BA2,D405*,-3.2783515
Omicron_BA2,D405-,0.0
Omicron_BA2,E406D,-0.7431399000000001
Omicron_BA2,E406G,-4.092975
Omicron_BA2,E406K,-4.6701555
Omicron_BA2,E406Q,-0.67620826
Omicron_BA2,E406V,-0.37706897
Omicron_BA2,E406*,-1.930849
Omicron_BA2,E406-,0.0
Omicron_BA2,V407A,-2.2365344
Omicron_BA2,V407E,0.0
Omicron_BA2,V407I,-0.0034078809999999946
Omicron_BA2,V407L,-0.04580742
Omicron_BA2,V407M,-1.2011462
Omicron_BA2,V407S,-3.5924156
Omicron_BA2,V407-,0.0
Omicron_BA2,R408A,-0.04736661
Omicron_BA2,R408C,-3.5387416
Omicron_BA2,R408D,-0.09326103999999996
Omicron_BA2,R408E,-0.3040938
Omicron_BA2,R408F,-0.7270562
Omicron_BA2,R408G,-0.22643238999999998
Omicron_BA2,R408H,-0.24202251
Omicron_BA2,R408I,-0.622731464
Omicron_BA2,R408K,-0.75525885
Omicron_BA2,R408L,-1.214056843
Omicron_BA2,R408M,-0.59136343
Omicron_BA2,R408N,-0.16181816999999998
Omicron_BA2,R408P,-0.10976718000000002
Omicron_BA2,R408Q,-0.07198509669999999
Omicron_BA2,R408S,-0.00487348999999998
Omicron_BA2,R408T,-0.0869007
Omicron_BA2,R408V,-0.276977254
Omicron_BA2,R408W,-0.42766932
Omicron_BA2,R408Y,-0.42801963
Omicron_BA2,R408*,-4.1785917
Omicron_BA2,R408-,0.0
Omicron_BA2,Q409E,-1.1044122
Omicron_BA2,Q409H,-1.9240323
Omicron_BA2,Q409K,-2.1775563
Omicron_BA2,Q409L,-2.2169251
Omicron_BA2,Q409R,-2.2448566
Omicron_BA2,Q409*,-3.5950494
Omicron_BA2,Q409-,0.0
Omicron_BA2,I410L,-0.5366441
Omicron_BA2,I410N,-2.4746654
Omicron_BA2,I410S,-1.7603209
Omicron_BA2,I410T,-2.980513
Omicron_BA2,I410V,-0.39421526
Omicron_BA2,I410-,0.0
Omicron_BA2,A411C,-3.6178074
Omicron_BA2,A411D,-1.7632208
Omicron_BA2,A411G,-0.0008320317
Omicron_BA2,A411L,-0.84558344
Omicron_BA2,A411P,-1.7790351
Omicron_BA2,A411S,-0.8590777
Omicron_BA2,A411T,-2.0353596
Omicron_BA2,A411V,-2.3237493
Omicron_BA2,A411-,0.0
Omicron_BA2,P412H,-3.2042093
Omicron_BA2,P412L,-3.2151287
Omicron_BA2,P412N,-0.6787155
Omicron_BA2,P412Q,-2.1909688
Omicron_BA2,P412S,-1.0267572
Omicron_BA2,P412T,-2.6278806
Omicron_BA2,P412-,1.1321892
Omicron_BA2,G413A,-0.6686326
Omicron_BA2,G413C,-0.3175127
Omicron_BA2,G413E,-1.6086493
Omicron_BA2,G413R,-0.30256546
Omicron_BA2,G413S,-0.42492273
Omicron_BA2,G413V,-2.1710403
Omicron_BA2,G413W,-2.1424344
Omicron_BA2,G413*,-3.5652838
Omicron_BA2,G413-,-1.620945
Omicron_BA2,Q414H,-1.4692366
Omicron_BA2,Q414K,-0.22408051499999998
Omicron_BA2,Q414L,-1.5329204
Omicron_BA2,Q414P,0.0
Omicron_BA2,Q414R,-0.2254879
Omicron_BA2,Q414*,-2.6925735
Omicron_BA2,Q414-,0.19828711
Omicron_BA2,T415A,-0.24209851
Omicron_BA2,T415I,-0.49040237
Omicron_BA2,T415K,0.06010965
Omicron_BA2,T415L,-1.3971888
Omicron_BA2,T415N,-0.27168933
Omicron_BA2,T415P,-0.20996065
Omicron_BA2,T415R,0.2804773
Omicron_BA2,T415S,-0.08718491
Omicron_BA2,T415-,-0.065029316
Omicron_BA2,G416C,0.0
Omicron_BA2,G416D,-5.358312
Omicron_BA2,G416E,-2.9152014
Omicron_BA2,G416N,-3.0000393
Omicron_BA2,G416R,-1.1638898
Omicron_BA2,G416S,-2.6359646
Omicron_BA2,G416V,-2.7632716
Omicron_BA2,G416W,-2.4568436
Omicron_BA2,G416-,-0.73612565
Omicron_BA2,N417A,0.0005043100000000078
Omicron_BA2,N417C,-0.7031335400000001
Omicron_BA2,N417D,-0.62810953
Omicron_BA2,N417E,-0.29904264
Omicron_BA2,N417F,-0.071762994
Omicron_BA2,N417G,-0.5905146299999999
Omicron_BA2,N417H,-0.021305663000000002
Omicron_BA2,N417I,0.119222154
Omicron_BA2,N417K,-0.21840269
Omicron_BA2,N417L,-0.061936000000000005
Omicron_BA2,N417M,-0.11994741299999999
Omicron_BA2,N417P,-0.28696990099999997
Omicron_BA2,N417Q,-0.37616178
Omicron_BA2,N417R,-0.018514677999999993
Omicron_BA2,N417S,-0.18333629
Omicron_BA2,N417T,0.052987784
Omicron_BA2,N417V,-0.03244359
Omicron_BA2,N417W,-0.14829499
Omicron_BA2,N417Y,-0.15984511999999998
Omicron_BA2,N417*,-2.9480658
Omicron_BA2,N417-,0.0
Omicron_BA2,I418L,-2.300225
Omicron_BA2,I418N,0.0
Omicron_BA2,I418S,0.0
Omicron_BA2,I418T,0.1932973
Omicron_BA2,I418V,-0.6024279
Omicron_BA2,I418-,0.0
Omicron_BA2,A419D,-1.7957369
Omicron_BA2,A419I,-2.4015758
Omicron_BA2,A419S,-2.4573946
Omicron_BA2,A419T,-2.70502226
Omicron_BA2,A419V,-2.4390614
Omicron_BA2,A419-,0.0
Omicron_BA2,D420A,0.17280151
Omicron_BA2,D420E,-0.81686366
Omicron_BA2,D420G,-3.338653
Omicron_BA2,D420H,0.0
Omicron_BA2,D420I,-2.685287
Omicron_BA2,D420N,0.0120937168
Omicron_BA2,D420R,-0.687252
Omicron_BA2,D420Y,-1.6913384
Omicron_BA2,Y421A,-2.731354
Omicron_BA2,Y421F,-0.2728115
Omicron_BA2,Y421H,-0.7536784
Omicron_BA2,Y421I,-1.7987809
Omicron_BA2,Y421N,0.0029440299999999864
Omicron_BA2,Y421*,-1.8514833
Omicron_BA2,Y423F,0.0
Omicron_BA2,Y423H,-2.21891
Omicron_BA2,Y423N,-3.023133
Omicron_BA2,Y423W,-1.4294534
Omicron_BA2,Y423*,-1.7232267
Omicron_BA2,K424E,-2.4754834
Omicron_BA2,K424G,-1.3845294
Omicron_BA2,K424N,-1.6824812
Omicron_BA2,K424Q,-2.5835311
Omicron_BA2,K424R,-0.28200313
Omicron_BA2,L425I,0.17132421
Omicron_BA2,L425M,-0.5347401
Omicron_BA2,L425P,-1.7168791
Omicron_BA2,L425R,0.0
Omicron_BA2,L425V,-0.20992443
Omicron_BA2,P426H,-2.4927084
Omicron_BA2,P426L,-2.2771177
Omicron_BA2,P426S,-0.6785216000000001
Omicron_BA2,P426T,-1.827835
Omicron_BA2,D427A,-0.5747975
Omicron_BA2,D427E,-0.15411095
Omicron_BA2,D427G,-0.38672423
Omicron_BA2,D427H,-0.33786976894000004
Omicron_BA2,D427N,-0.14166002
Omicron_BA2,D427R,-0.28796867
Omicron_BA2,D427S,0.0
Omicron_BA2,D427V,-0.565284
Omicron_BA2,D427Y,-0.29100582
Omicron_BA2,D427-,-2.2848494
Omicron_BA2,D428A,-0.35881492
Omicron_BA2,D428E,-0.006116308
Omicron_BA2,D428G,-0.657790383
Omicron_BA2,D428H,-0.12295599
Omicron_BA2,D428N,-2.8516788
Omicron_BA2,D428V,-0.39229852
Omicron_BA2,D428Y,-0.898996662
Omicron_BA2,F429I,-1.7156106
Omicron_BA2,F429L,-1.7176853
Omicron_BA2,F429S,-3.1398745
Omicron_BA2,F429V,-0.2594878
Omicron_BA2,F429Y,-0.9606007
Omicron_BA2,T430A,-0.96824986
Omicron_BA2,T430I,-0.055353105
Omicron_BA2,T430K,-1.7837224
Omicron_BA2,T430M,-0.07695697
Omicron_BA2,T430R,0.0
Omicron_BA2,T430S,-0.6267527
Omicron_BA2,G431C,-3.2740629
Omicron_BA2,G431D,-2.5448325
Omicron_BA2,G431R,-0.85756856
Omicron_BA2,G431S,-2.5488627
Omicron_BA2,G431V,-2.9229522
Omicron_BA2,C432F,-1.4188619
Omicron_BA2,C432G,-2.406102
Omicron_BA2,C432R,-2.0279303
Omicron_BA2,C432S,-1.9440385
Omicron_BA2,C432W,-1.631071
Omicron_BA2,C432Y,-2.9532878
Omicron_BA2,C432*,0.0
Omicron_BA2,V433A,-2.4767995
Omicron_BA2,V433E,-0.560253
Omicron_BA2,V433F,0.0
Omicron_BA2,V433G,0.0
Omicron_BA2,V433I,-0.2849050132
Omicron_BA2,V433L,-2.8307493
Omicron_BA2,V433M,-1.312503
Omicron_BA2,I434F,-0.027342878
Omicron_BA2,I434L,-0.69661695
Omicron_BA2,I434M,-0.30752605
Omicron_BA2,I434T,-1.1378173
Omicron_BA2,I434V,-0.3122619
Omicron_BA2,A435G,0.0
Omicron_BA2,A435P,0.0
Omicron_BA2,A435S,-0.05049071499999999
Omicron_BA2,A435T,-0.09172033999999996
Omicron_BA2,A435V,-0.68594539
Omicron_BA2,W436C,-1.9149756
Omicron_BA2,W436G,-2.4639444
Omicron_BA2,W436L,-1.8316085
Omicron_BA2,W436R,-2.127627
Omicron_BA2,W436*,-3.6677625
Omicron_BA2,N437D,0.0
Omicron_BA2,N437K,-1.109447
Omicron_BA2,N437S,-0.9527755
Omicron_BA2,S438A,-0.2183047
Omicron_BA2,S438G,-1.6348782
Omicron_BA2,S438I,-3.1823905
Omicron_BA2,S438N,-2.0980527
Omicron_BA2,S438R,-3.3920493
Omicron_BA2,S438T,-0.8370662
Omicron_BA2,S438Y,-3.0093775
Omicron_BA2,N439A,-0.06996005
Omicron_BA2,N439C,-2.1721282
Omicron_BA2,N439D,-0.7458452
Omicron_BA2,N439E,-0.5273664
Omicron_BA2,N439F,-0.31305325
Omicron_BA2,N439G,-1.0004486
Omicron_BA2,N439H,-0.11404148
Omicron_BA2,N439I,-1.7546781
Omicron_BA2,N439K,-0.5675538
Omicron_BA2,N439L,-0.68859184
Omicron_BA2,N439M,-0.38988248
Omicron_BA2,N439P,-3.9660704
Omicron_BA2,N439Q,-0.69456834
Omicron_BA2,N439R,-1.2035189
Omicron_BA2,N439S,-0.875934446
Omicron_BA2,N439T,-0.9814811585
Omicron_BA2,N439V,-0.34122932
Omicron_BA2,N439W,-0.46227163
Omicron_BA2,N439Y,-1.14971161
Omicron_BA2,N439*,-2.544556
Omicron_BA2,N439-,-0.4512837
Omicron_BA2,K440A,-0.081782356
Omicron_BA2,K440C,-3.2610142
Omicron_BA2,K440D,-0.10233946
Omicron_BA2,K440E,0.09006666
Omicron_BA2,K440F,-1.00622523
Omicron_BA2,K440G,-0.17438213800000002
Omicron_BA2,K440H,-0.04491435
Omicron_BA2,K440I,-0.53866726
Omicron_BA2,K440L,-0.50217306709
Omicron_BA2,K440M,-0.210553383
Omicron_BA2,K440N,0.188612464
Omicron_BA2,K440P,-0.63197047
Omicron_BA2,K440Q,-0.1056963247
Omicron_BA2,K440R,-0.19877664
Omicron_BA2,K440S,-0.045762175
Omicron_BA2,K440T,-0.095895395
Omicron_BA2,K440V,-0.5204010299999999
Omicron_BA2,K440W,-1.7789485
Omicron_BA2,K440Y,-0.68481685
Omicron_BA2,K440*,-2.09801
Omicron_BA2,K440-,0.17653415
Omicron_BA2,L441F,-0.48187313
Omicron_BA2,L441H,-3.1248755
Omicron_BA2,L441I,-0.127814522
Omicron_BA2,L441K,-0.055878412
Omicron_BA2,L441M,-0.19325474
Omicron_BA2,L441P,-1.5325068
Omicron_BA2,L441Q,0.083923556
Omicron_BA2,L441R,-0.3375842
Omicron_BA2,L441S,-1.0083468
Omicron_BA2,L441V,0.1740792
Omicron_BA2,L441Y,-0.34501797
Omicron_BA2,L441-,-0.95978093
Omicron_BA2,D442E,-0.38477284
Omicron_BA2,D442F,-2.4281604
Omicron_BA2,D442G,-3.1211407
Omicron_BA2,D442I,-0.35446665
Omicron_BA2,D442N,-2.2341015
Omicron_BA2,D442V,-3.4553978
Omicron_BA2,D442Y,-2.453412
Omicron_BA2,D442-,-0.89620894
Omicron_BA2,S443A,-0.15309052
Omicron_BA2,S443C,-0.6413356
Omicron_BA2,S443D,0.0
Omicron_BA2,S443E,-2.5179064
Omicron_BA2,S443F,-2.0559044
Omicron_BA2,S443G,-1.0838203
Omicron_BA2,S443I,0.6084935
Omicron_BA2,S443L,0.16982049
Omicron_BA2,S443N,-0.9874718
Omicron_BA2,S443R,-1.170642
Omicron_BA2,S443T,-0.49529803
Omicron_BA2,S443Y,-0.94376355
Omicron_BA2,S443-,0.0
Omicron_BA2,K444E,-0.073443268
Omicron_BA2,K444F,0.06301831
Omicron_BA2,K444G,0.0
Omicron_BA2,K444I,-0.35263532
Omicron_BA2,K444L,-0.45803868000000003
Omicron_BA2,K444M,-0.052386455
Omicron_BA2,K444N,0.02831302999999999
Omicron_BA2,K444R,-0.105961058
Omicron_BA2,K444T,-0.07622858
Omicron_BA2,K444Y,0.07747565
Omicron_BA2,K444-,-1.3627774
Omicron_BA2,V445A,-0.063070446
Omicron_BA2,V445D,0.17869757
Omicron_BA2,V445E,-0.20323722
Omicron_BA2,V445F,-0.29556295
Omicron_BA2,V445G,-0.0658957
Omicron_BA2,V445I,-0.10212602
Omicron_BA2,V445L,-0.043296795
Omicron_BA2,V445M,-0.13618557
Omicron_BA2,V445T,0.020910583
Omicron_BA2,V445-,-0.44495016
Omicron_BA2,S446A,-0.223124293
Omicron_BA2,S446C,-3.497259
Omicron_BA2,S446D,0.019385264
Omicron_BA2,S446E,0.14800713
Omicron_BA2,S446F,-0.7997584799999999
Omicron_BA2,S446G,0.07218477941186
Omicron_BA2,S446H,-0.029541887
Omicron_BA2,S446I,-0.634171987
Omicron_BA2,S446K,-0.4955283
Omicron_BA2,S446L,-0.33645014
Omicron_BA2,S446M,-0.31250548
Omicron_BA2,S446N,-0.04461355374
Omicron_BA2,S446P,-0.29825383
Omicron_BA2,S446Q,-0.13243107
Omicron_BA2,S446R,-0.6209524
Omicron_BA2,S446T,-0.024359069999999997
Omicron_BA2,S446V,-0.48531308
Omicron_BA2,S446W,-1.1208305
Omicron_BA2,S446Y,-0.29737702
Omicron_BA2,S446*,-4.3376555
Omicron_BA2,S446-,-0.06646346
Omicron_BA2,G447C,-2.971184
Omicron_BA2,G447D,-0.51603601
Omicron_BA2,G447F,-0.17420258
Omicron_BA2,G447S,-0.6401407100000001
Omicron_BA2,G447V,-1.0181315917729798
Omicron_BA2,G447-,0.036780052
Omicron_BA2,N448D,-0.2671928
Omicron_BA2,N448G,-0.2605994
Omicron_BA2,N448I,0.0
Omicron_BA2,N448K,-1.0996151
Omicron_BA2,N448S,-0.15454614
Omicron_BA2,N448T,-0.42661914
Omicron_BA2,N448Y,-1.1821133
Omicron_BA2,N448-,-0.2092324
Omicron_BA2,Y449D,0.248282253
Omicron_BA2,Y449F,0.005401221
Omicron_BA2,Y449G,0.1543054
Omicron_BA2,Y449H,0.089732585
Omicron_BA2,Y449N,0.17139855
Omicron_BA2,Y449S,0.17514473
Omicron_BA2,Y449V,-0.015545942
Omicron_BA2,Y449*,-1.2361153
Omicron_BA2,Y449-,-0.8160782
Omicron_BA2,N450D,0.027569268000000008
Omicron_BA2,N450G,0.16879912
Omicron_BA2,N450H,-0.19110021
Omicron_BA2,N450K,-0.17923328
Omicron_BA2,N450Q,0.020133706
Omicron_BA2,N450S,-0.45454907
Omicron_BA2,N450T,-0.7267465900000001
Omicron_BA2,N450Y,-0.21628559
Omicron_BA2,N450-,0.0
Omicron_BA2,Y451D,-2.2450552
Omicron_BA2,Y451F,1.281034
Omicron_BA2,Y451H,-0.543957895
Omicron_BA2,Y451L,-0.4532335
Omicron_BA2,Y451N,-1.3438777
Omicron_BA2,Y451*,-2.501554
Omicron_BA2,L452A,0.11424863
Omicron_BA2,L452C,-1.8319138
Omicron_BA2,L452D,-1.095957825
Omicron_BA2,L452E,-0.047718134
Omicron_BA2,L452F,-0.055785682
Omicron_BA2,L452G,-0.53566588
Omicron_BA2,L452H,-0.060988661
Omicron_BA2,L452I,-0.40872145
Omicron_BA2,L452K,-0.043786977000000005
Omicron_BA2,L452M,0.155766715
Omicron_BA2,L452N,-0.21073960000000003
Omicron_BA2,L452P,-4.836885
Omicron_BA2,L452Q,0.14307105
Omicron_BA2,L452R,0.077866092
Omicron_BA2,L452S,-0.184740417
Omicron_BA2,L452T,-0.40767577
Omicron_BA2,L452V,-0.221585352
Omicron_BA2,L452W,-0.451552005
Omicron_BA2,L452Y,-0.052933289999999994
Omicron_BA2,L452*,-4.8815384
Omicron_BA2,Y453C,-1.5856981
Omicron_BA2,Y453F,-0.24543808
Omicron_BA2,Y453H,-0.52313286
Omicron_BA2,Y453N,0.0
Omicron_BA2,Y453R,-0.15839756000000005
Omicron_BA2,Y453S,-0.51500934
Omicron_BA2,Y453*,-0.5663001
Omicron_BA2,R454E,-1.2320489
Omicron_BA2,R454G,-2.1008542
Omicron_BA2,R454I,-3.9253135
Omicron_BA2,R454K,-3.607903
Omicron_BA2,R454*,-0.7241315
Omicron_BA2,L455F,-0.11976726399999998
Omicron_BA2,L455I,0.12957036
Omicron_BA2,L455M,-0.010498383
Omicron_BA2,L455P,-0.28360543
Omicron_BA2,L455Q,0.40061212
Omicron_BA2,L455R,0.0
Omicron_BA2,L455S,-0.051040206
Omicron_BA2,L455V,-0.19475691
Omicron_BA2,F456I,-0.7460186
Omicron_BA2,F456L,-0.6105457
Omicron_BA2,F456M,0.0
Omicron_BA2,F456S,-1.5408128
Omicron_BA2,F456V,-0.13549367
Omicron_BA2,F456Y,-0.054590855
Omicron_BA2,R457G,-2.545448
Omicron_BA2,R457K,-2.0852544
Omicron_BA2,R457M,-3.27097
Omicron_BA2,R457Q,-2.7352417
Omicron_BA2,R457S,-2.0766032
Omicron_BA2,R457T,-1.0012909
Omicron_BA2,R457W,-0.35600415
Omicron_BA2,R457-,0.0
Omicron_BA2,K458E,0.05588815
Omicron_BA2,K458L,-0.5391624
Omicron_BA2,K458M,-0.60368496
Omicron_BA2,K458N,-0.05320653
Omicron_BA2,K458Q,-0.17338443
Omicron_BA2,K458R,-0.048659425
Omicron_BA2,K458S,0.000644323
Omicron_BA2,K458T,0.1141822
Omicron_BA2,S459A,0.33421642
Omicron_BA2,S459C,-0.13446358
Omicron_BA2,S459F,-0.757838
Omicron_BA2,S459G,-0.06985084999999999
Omicron_BA2,S459I,-0.27674457
Omicron_BA2,S459K,-0.6310108
Omicron_BA2,S459N,0.02678498
Omicron_BA2,S459P,-0.20730849
Omicron_BA2,S459R,-0.40473902
Omicron_BA2,S459Y,-0.38548568
Omicron_BA2,N460D,-0.65797675
Omicron_BA2,N460H,0.0
Omicron_BA2,N460I,-0.12446671
Omicron_BA2,N460K,-0.014851841
Omicron_BA2,N460S,-0.037483530000000015
Omicron_BA2,N460T,-0.18223828
Omicron_BA2,N460Y,-0.29097217
Omicron_BA2,L461F,-1.6645184
Omicron_BA2,L461I,0.12772192
Omicron_BA2,L461M,-0.6165234
Omicron_BA2,L461P,-2.54363
Omicron_BA2,L461Q,-2.040093
Omicron_BA2,L461R,0.0
Omicron_BA2,L461V,0.0
Omicron_BA2,L461-,-2.279994
Omicron_BA2,K462E,-0.27890572
Omicron_BA2,K462G,0.6895502
Omicron_BA2,K462I,-0.646017
Omicron_BA2,K462L,-0.20708059
Omicron_BA2,K462N,-0.1350628787
Omicron_BA2,K462Q,0.12856923
Omicron_BA2,K462R,0.15571725
Omicron_BA2,K462T,-0.39402035
Omicron_BA2,K462-,0.0
Omicron_BA2,P463A,-0.012651294
Omicron_BA2,P463H,-0.7028645
Omicron_BA2,P463L,-4.1602273
Omicron_BA2,P463Q,-1.8947315
Omicron_BA2,P463R,-1.8459444
Omicron_BA2,P463S,-1.8023366
Omicron_BA2,P463T,-1.4024805
Omicron_BA2,P463-,0.0
Omicron_BA2,F464I,-0.88160163
Omicron_BA2,F464L,-1.2909711867
Omicron_BA2,F464S,-1.2229197
Omicron_BA2,F464V,-2.2088668
Omicron_BA2,F464Y,-0.31468797
Omicron_BA2,F464-,-1.3559188
Omicron_BA2,E465A,-1.2924407
Omicron_BA2,E465D,-0.6581086
Omicron_BA2,E465G,-0.51277402
Omicron_BA2,E465K,-1.8814901
Omicron_BA2,E465Q,-0.7571256
Omicron_BA2,E465*,-2.8599522
Omicron_BA2,E465-,-0.7693463
Omicron_BA2,R466G,-4.9124093
Omicron_BA2,R466I,-1.2736111
Omicron_BA2,R466K,-0.7349977
Omicron_BA2,R466M,-0.8824627
Omicron_BA2,R466S,-1.5976142
Omicron_BA2,R466W,-0.8050463
Omicron_BA2,R466-,-2.263842
Omicron_BA2,D467E,-2.994605
Omicron_BA2,D467G,-3.0634842
Omicron_BA2,D467L,-1.8640854
Omicron_BA2,D467N,-2.816963
Omicron_BA2,D467Y,-2.7175167
Omicron_BA2,I468F,-0.94685328
Omicron_BA2,I468L,-0.20289582
Omicron_BA2,I468M,-0.31909853
Omicron_BA2,I468N,-1.0848043
Omicron_BA2,I468S,-0.59744275
Omicron_BA2,I468T,-0.0005701899999999982
Omicron_BA2,I468V,-0.13215802999999998
Omicron_BA2,S469A,-0.4917267
Omicron_BA2,S469C,0.0
Omicron_BA2,S469G,-0.41700792
Omicron_BA2,S469I,-1.6497926
Omicron_BA2,S469L,-1.929508
Omicron_BA2,S469N,-0.32008939999999997
Omicron_BA2,S469Q,-0.09842433
Omicron_BA2,S469R,-0.27829087
Omicron_BA2,S469T,-0.011862809
Omicron_BA2,T470A,-0.25329983
Omicron_BA2,T470I,-0.5082185
Omicron_BA2,T470K,-0.28095832
Omicron_BA2,T470N,-0.0070117475
Omicron_BA2,T470R,0.18759121
Omicron_BA2,T470S,-0.3169405
Omicron_BA2,E471A,-0.26413515
Omicron_BA2,E471D,-0.00397750999999999
Omicron_BA2,E471G,-0.3678511998096314
Omicron_BA2,E471K,-0.79636765
Omicron_BA2,E471Q,-0.17003274
Omicron_BA2,E471V,-0.67723584
Omicron_BA2,E471*,-2.3036666
Omicron_BA2,I472F,-0.209916894
Omicron_BA2,I472L,-0.28406641000000005
Omicron_BA2,I472N,-2.4736154
Omicron_BA2,I472S,0.0
Omicron_BA2,I472T,-0.58003245
Omicron_BA2,I472V,-0.69461775
Omicron_BA2,Y473C,-3.4688504
Omicron_BA2,Y473F,-0.015837356
Omicron_BA2,Y473H,-0.31453705
Omicron_BA2,Y473N,-1.0132478
Omicron_BA2,Y473*,-2.3974178
Omicron_BA2,Q474E,-0.16471507
Omicron_BA2,Q474G,0.0
Omicron_BA2,Q474H,-0.8814
Omicron_BA2,Q474K,-0.85538054
Omicron_BA2,Q474L,-0.46894905
Omicron_BA2,Q474P,-0.79414284
Omicron_BA2,Q474R,-0.3701863999999999
Omicron_BA2,Q474*,-2.9172456
Omicron_BA2,A475D,-0.7669332200000001
Omicron_BA2,A475L,-0.76833546
Omicron_BA2,A475P,0.0
Omicron_BA2,A475S,-0.12265826500000002
Omicron_BA2,A475T,-0.31740458000000005
Omicron_BA2,A475V,-0.20706978
Omicron_BA2,G476A,-0.10996026
Omicron_BA2,G476C,-2.761102
Omicron_BA2,G476D,-0.38909295
Omicron_BA2,G476K,-1.7404239
Omicron_BA2,G476S,-0.102072865
Omicron_BA2,G476V,-1.2446983
Omicron_BA2,N477A,-0.27353826
Omicron_BA2,N477C,-1.650713
Omicron_BA2,N477D,0.03996222000000001
Omicron_BA2,N477E,-0.09339241
Omicron_BA2,N477F,-0.159474418
Omicron_BA2,N477G,-0.013985320000000023
Omicron_BA2,N477H,0.18502815
Omicron_BA2,N477I,-0.28851303
Omicron_BA2,N477K,-0.28676373
Omicron_BA2,N477L,-0.04164949000000001
Omicron_BA2,N477M,-0.09344365
Omicron_BA2,N477P,-0.06805965
Omicron_BA2,N477Q,-0.0010752092
Omicron_BA2,N477R,-0.15160853999999999
Omicron_BA2,N477S,-0.033876000700000006
Omicron_BA2,N477T,-0.046436453
Omicron_BA2,N477V,-0.058409236
Omicron_BA2,N477W,-0.8022393
Omicron_BA2,N477Y,-0.48266374
Omicron_BA2,N477*,-2.0159786
Omicron_BA2,K478A,0.013964754
Omicron_BA2,K478C,-2.5662723
Omicron_BA2,K478D,0.03345022
Omicron_BA2,K478E,0.114574775
Omicron_BA2,K478F,-0.54763806
Omicron_BA2,K478G,-0.24522471999999995
Omicron_BA2,K478H,-0.21009704
Omicron_BA2,K478I,-0.208587319
Omicron_BA2,K478L,-0.12592759999999997
Omicron_BA2,K478M,-0.08093292
Omicron_BA2,K478N,-0.107388236
Omicron_BA2,K478P,-0.7511950199999999
Omicron_BA2,K478Q,-0.193730721
Omicron_BA2,K478R,-0.025934892499999997
Omicron_BA2,K478S,-0.04180744
Omicron_BA2,K478T,0.13509374
Omicron_BA2,K478V,0.106982176
Omicron_BA2,K478W,-0.5702789399999999
Omicron_BA2,K478Y,-0.09291107
Omicron_BA2,K478*,-3.5535648
Omicron_BA2,P479A,-0.27705705
Omicron_BA2,P479D,0.0
Omicron_BA2,P479H,-0.15477749999999996
Omicron_BA2,P479L,-0.6407492
Omicron_BA2,P479N,0.0
Omicron_BA2,P479Q,-0.0155536765
Omicron_BA2,P479R,-0.54349136
Omicron_BA2,P479S,0.0020928379999999996
Omicron_BA2,P479T,-0.003010965
Omicron_BA2,P479Y,0.0
Omicron_BA2,C480F,-2.8048654
Omicron_BA2,C480L,-1.6239765
Omicron_BA2,C480N,0.0
Omicron_BA2,C480R,-3.2661579
Omicron_BA2,C480S,-1.1021415
Omicron_BA2,C480V,-1.4044423
Omicron_BA2,C480Y,-3.1417735
Omicron_BA2,C480*,-1.4830649
Omicron_BA2,C480-,-2.9553342
Omicron_BA2,N481D,-0.14061959999999998
Omicron_BA2,N481E,0.0
Omicron_BA2,N481G,0.0
Omicron_BA2,N481H,-0.09913545
Omicron_BA2,N481I,-1.1921852
Omicron_BA2,N481K,-0.10993296
Omicron_BA2,N481S,-0.2024338
Omicron_BA2,N481T,-1.8386809
Omicron_BA2,N481Y,-0.3123561
Omicron_BA2,G482D,-0.06357002
Omicron_BA2,G482E,-0.42566743
Omicron_BA2,G482P,-0.522321
Omicron_BA2,G482R,-0.6048522
Omicron_BA2,G482S,-0.57220954
Omicron_BA2,G482V,-1.518891575
Omicron_BA2,G482*,-2.6601467
Omicron_BA2,G482-,0.46698067
Omicron_BA2,V483A,-0.02941046
Omicron_BA2,V483E,-0.0368703
Omicron_BA2,V483F,-0.3874071
Omicron_BA2,V483G,-0.013298316
Omicron_BA2,V483I,-0.059653049999999985
Omicron_BA2,V483L,-0.17160068
Omicron_BA2,V483M,-0.087770045
Omicron_BA2,V483Q,0.0
Omicron_BA2,V483S,-0.061199225
Omicron_BA2,V483-,0.17610706
Omicron_BA2,A484C,-1.2440655
Omicron_BA2,A484D,-0.6131387
Omicron_BA2,A484E,-0.0026130899999999985
Omicron_BA2,A484F,-0.9177889
Omicron_BA2,A484G,-0.23886030999999996
Omicron_BA2,A484H,-0.23669705
Omicron_BA2,A484I,-0.28063294
Omicron_BA2,A484K,0.05125496
Omicron_BA2,A484L,-0.20500844000000001
Omicron_BA2,A484M,-0.06549695900000001
Omicron_BA2,A484N,-0.3027473
Omicron_BA2,A484P,-0.16259871
Omicron_BA2,A484Q,-0.068469907
Omicron_BA2,A484R,-0.06589443000000003
Omicron_BA2,A484S,-0.07210347880000001
Omicron_BA2,A484T,0.054762998
Omicron_BA2,A484V,-0.08354345
Omicron_BA2,A484W,-1.7729754
Omicron_BA2,A484Y,-0.9727022
Omicron_BA2,A484*,-2.7384868
Omicron_BA2,G485A,-0.26990692
Omicron_BA2,G485C,-2.7848387
Omicron_BA2,G485D,-0.33970432
Omicron_BA2,G485R,-0.56010534
Omicron_BA2,G485S,-0.22485493
Omicron_BA2,G485T,-0.31145474
Omicron_BA2,G485V,-1.2807727
Omicron_BA2,F486C,0.0
Omicron_BA2,F486I,0.07781632
Omicron_BA2,F486L,0.14129466000000002
Omicron_BA2,F486P,0.11143083
Omicron_BA2,F486S,0.07378734
Omicron_BA2,F486V,-0.119456016
Omicron_BA2,F486Y,-0.10376951
Omicron_BA2,F486-,-0.17925778
Omicron_BA2,N487D,-0.23160952
Omicron_BA2,N487G,0.0
Omicron_BA2,N487I,-2.5034866
Omicron_BA2,N487K,-0.11102453
Omicron_BA2,N487S,0.041984856
Omicron_BA2,N487T,-0.04028163
Omicron_BA2,C488F,-3.5454178
Omicron_BA2,C488L,-2.1359522
Omicron_BA2,C488R,-3.7166831
Omicron_BA2,C488S,0.0
Omicron_BA2,C488V,-2.8600924
Omicron_BA2,C488W,-3.3215864
Omicron_BA2,C488Y,-4.840055
Omicron_BA2,C488*,-1.9346994
Omicron_BA2,Y489C,-2.9881287
Omicron_BA2,Y489F,-0.02712466
Omicron_BA2,Y489H,-0.31773437
Omicron_BA2,Y489L,-0.507801995
Omicron_BA2,Y489N,0.0
Omicron_BA2,Y489W,-0.10577965
Omicron_BA2,Y489*,-2.075294
Omicron_BA2,F490I,-0.33787188
Omicron_BA2,F490L,-0.24018513
Omicron_BA2,F490R,-0.23907909
Omicron_BA2,F490S,-0.04886153
Omicron_BA2,F490V,-0.28675893
Omicron_BA2,F490Y,-0.002509919999999999
Omicron_BA2,P491A,0.0
Omicron_BA2,P491H,-1.9319106
Omicron_BA2,P491L,-3.9398565
Omicron_BA2,P491Q,-0.9010828
Omicron_BA2,P491S,-2.297835
Omicron_BA2,P491T,-2.3274212
Omicron_BA2,L492F,-1.4528548
Omicron_BA2,L492H,-1.1360823
Omicron_BA2,L492I,-0.67498
Omicron_BA2,L492P,-1.8617101
Omicron_BA2,L492S,-2.16337
Omicron_BA2,L492T,-3.1412742
Omicron_BA2,L492V,-2.754315
Omicron_BA2,R493A,-0.3803317
Omicron_BA2,R493C,-4.588224
Omicron_BA2,R493D,-0.6852177599999999
Omicron_BA2,R493E,-0.19023033999999997
Omicron_BA2,R493F,-1.989399
Omicron_BA2,R493G,-0.41450280000000006
Omicron_BA2,R493H,-0.3909009
Omicron_BA2,R493I,-0.8631324300000001
Omicron_BA2,R493K,-0.012870754999999998
Omicron_BA2,R493L,-1.1087335
Omicron_BA2,R493M,-0.73477656
Omicron_BA2,R493N,-0.6497319
Omicron_BA2,R493P,-2.3617773
Omicron_BA2,R493Q,-0.24282356800000002
Omicron_BA2,R493S,-0.47425745
Omicron_BA2,R493T,-0.48003306999999995
Omicron_BA2,R493V,-0.34893865999999996
Omicron_BA2,R493W,-2.620794
Omicron_BA2,R493Y,-1.3239410058
Omicron_BA2,R493*,-2.9987867
Omicron_BA2,R493-,-0.47726712
Omicron_BA2,S494A,0.02677245
Omicron_BA2,S494F,-0.93527263
Omicron_BA2,S494K,-0.5590435
Omicron_BA2,S494L,-1.1435547
Omicron_BA2,S494P,0.111599134
Omicron_BA2,S494T,-0.004986477
Omicron_BA2,S494Y,-0.72793835
Omicron_BA2,S494-,-0.67680967
Omicron_BA2,Y495C,-1.0153483
Omicron_BA2,Y495D,-2.7412438
Omicron_BA2,Y495F,-1.1849973
Omicron_BA2,Y495H,-2.1564343
Omicron_BA2,Y495N,-2.28625
Omicron_BA2,Y495S,-1.3767188
Omicron_BA2,Y495W,-2.8239427
Omicron_BA2,Y495-,-0.9854462
Omicron_BA2,S496A,-0.03643969
Omicron_BA2,S496C,-1.8206699
Omicron_BA2,S496D,0.09990429
Omicron_BA2,S496E,-0.09234274
Omicron_BA2,S496F,-0.67532516
Omicron_BA2,S496G,0.041798699999999994
Omicron_BA2,S496H,-0.114204004
Omicron_BA2,S496I,-0.06597397
Omicron_BA2,S496K,-0.42059737
Omicron_BA2,S496L,-0.76210946
Omicron_BA2,S496M,-0.14796513
Omicron_BA2,S496N,0.021950606000000004
Omicron_BA2,S496P,-2.5898468
Omicron_BA2,S496Q,0.14230056
Omicron_BA2,S496R,-0.45539706999999996
Omicron_BA2,S496T,-0.004037600000000002
Omicron_BA2,S496V,0.066913985
Omicron_BA2,S496W,-2.4108028
Omicron_BA2,S496Y,-0.72548543
Omicron_BA2,S496*,-3.007248
Omicron_BA2,S496-,0.4325169
Omicron_BA2,F497H,-2.515812
Omicron_BA2,F497I,0.0
Omicron_BA2,F497L,-2.877475
Omicron_BA2,F497S,-2.5839577
Omicron_BA2,F497V,0.0
Omicron_BA2,F497W,-2.8819044
Omicron_BA2,F497-,-0.41970995
Omicron_BA2,R498A,-0.036466755
Omicron_BA2,R498C,-2.1934032
Omicron_BA2,R498D,-3.039022
Omicron_BA2,R498E,-0.23821266
Omicron_BA2,R498F,-0.341503356
Omicron_BA2,R498G,-0.94899735
Omicron_BA2,R498H,-0.047501475
Omicron_BA2,R498I,-0.64994043
Omicron_BA2,R498K,0.040539729999999996
Omicron_BA2,R498L,-0.7947717599999999
Omicron_BA2,R498M,-0.06313854
Omicron_BA2,R498N,-0.25739336
Omicron_BA2,R498P,-3.1929288
Omicron_BA2,R498Q,-0.056227949
Omicron_BA2,R498S,0.010979656
Omicron_BA2,R498T,-0.5016889499999999
Omicron_BA2,R498V,-0.13656267
Omicron_BA2,R498W,-0.3323682
Omicron_BA2,R498Y,-0.52445242
Omicron_BA2,R498*,-2.7085605
Omicron_BA2,R498-,-1.1703181
Omicron_BA2,P499H,-0.50546443
Omicron_BA2,P499L,-2.1781
Omicron_BA2,P499Q,-0.72418046
Omicron_BA2,P499R,-0.876645
Omicron_BA2,P499S,-0.26653042
Omicron_BA2,P499T,-0.36521456
Omicron_BA2,P499V,-0.5067336
Omicron_BA2,T500A,-0.1951417814
Omicron_BA2,T500I,-0.55120426
Omicron_BA2,T500N,0.18733491
Omicron_BA2,T500P,0.018470101
Omicron_BA2,T500S,0.11097882
Omicron_BA2,Y501A,0.00815782000000001
Omicron_BA2,Y501C,-4.1316357
Omicron_BA2,Y501D,0.176499875
Omicron_BA2,Y501E,0.070040815
Omicron_BA2,Y501F,0.06243722
Omicron_BA2,Y501G,-0.18003781600000002
Omicron_BA2,Y501H,-0.086226925
Omicron_BA2,Y501I,-0.468057462
Omicron_BA2,Y501K,-2.1685472
Omicron_BA2,Y501L,0.013716636999999997
Omicron_BA2,Y501M,0.012854677
Omicron_BA2,Y501N,-0.1111087338
Omicron_BA2,Y501P,-1.6501596
Omicron_BA2,Y501Q,0.04091017
Omicron_BA2,Y501R,-2.3420303
Omicron_BA2,Y501S,0.008474621
Omicron_BA2,Y501T,-0.023239143299999997
Omicron_BA2,Y501V,-0.13477583
Omicron_BA2,Y501W,-0.41187736
Omicron_BA2,Y501*,-3.4363906
Omicron_BA2,Y501-,-2.3734994
Omicron_BA2,G502E,-0.2921442000000001
Omicron_BA2,G502R,-3.3626025
Omicron_BA2,G502S,-0.48279945
Omicron_BA2,G502V,-1.8583637
Omicron_BA2,G502*,-3.4749112
Omicron_BA2,G502-,0.0
Omicron_BA2,V503A,-0.075521224
Omicron_BA2,V503E,0.24151901732
Omicron_BA2,V503F,-0.123172276
Omicron_BA2,V503G,-0.5976168
Omicron_BA2,V503I,0.19836552899999998
Omicron_BA2,V503L,0.18412495
Omicron_BA2,V503M,0.03859546
Omicron_BA2,V503Q,0.11610133
Omicron_BA2,V503-,-2.4637454
Omicron_BA2,G504C,-1.8002754
Omicron_BA2,G504D,-0.09021872
Omicron_BA2,G504N,-0.17525329
Omicron_BA2,G504S,-0.45171495
Omicron_BA2,G504V,-0.6365378
Omicron_BA2,G504-,0.0
Omicron_BA2,H505A,-0.2726202487
Omicron_BA2,H505C,-3.2007241
Omicron_BA2,H505D,0.07146846
Omicron_BA2,H505E,0.147668753
Omicron_BA2,H505F,-0.3045025
Omicron_BA2,H505G,-0.3778736
Omicron_BA2,H505I,-2.4243186
Omicron_BA2,H505K,-1.4906503
Omicron_BA2,H505L,-0.39324764
Omicron_BA2,H505M,-0.184532523
Omicron_BA2,H505N,-0.07566344
Omicron_BA2,H505P,-4.6873083
Omicron_BA2,H505Q,-0.24250742999999997
Omicron_BA2,H505R,-1.71367563
Omicron_BA2,H505S,-0.19442493
Omicron_BA2,H505T,-0.71850824
Omicron_BA2,H505V,-1.7054161
Omicron_BA2,H505W,-0.18447591
Omicron_BA2,H505Y,-0.079579644
Omicron_BA2,H505*,-1.9520595
Omicron_BA2,H505-,-1.8818353
Omicron_BA2,Q506H,0.0
Omicron_BA2,Q506K,-2.6889923
Omicron_BA2,Q506R,-3.061518
Omicron_BA2,Q506*,-3.3052332
Omicron_BA2,Q506-,-2.6158817
Omicron_BA2,P507A,-0.32304308
Omicron_BA2,P507L,-3.1571918
Omicron_BA2,P507Q,-3.0341256
Omicron_BA2,P507S,-1.7411449
Omicron_BA2,P507T,0.6021885
Omicron_BA2,P507-,0.0
Omicron_BA2,Y508C,-1.014497
Omicron_BA2,Y508F,-0.1580985
Omicron_BA2,Y508H,-0.0344336887
Omicron_BA2,Y508N,0.0161825534
Omicron_BA2,Y508*,-2.9511135
Omicron_BA2,Y508-,-1.2402381
Omicron_BA2,R509G,-5.2174573
Omicron_BA2,R509K,-1.3521163
Omicron_BA2,R509M,-4.407257
Omicron_BA2,R509S,-3.6553595
Omicron_BA2,R509T,0.5373261
Omicron_BA2,R509W,-1.3087733
Omicron_BA2,R509-,-3.1713076
Omicron_BA2,V510A,0.0
Omicron_BA2,V510E,-3.1347883
Omicron_BA2,V510I,-0.47483402
Omicron_BA2,V510L,-2.1422126
Omicron_BA2,V510M,-1.8050679
Omicron_BA2,V510-,-0.77194506
Omicron_BA2,V511A,-0.39192462
Omicron_BA2,V511E,-2.092523
Omicron_BA2,V511I,-2.3906255
Omicron_BA2,V511L,-1.8112733
Omicron_BA2,V511M,-1.2017688
Omicron_BA2,V511-,0.0
Omicron_BA2,V512A,-1.5968263
Omicron_BA2,V512E,0.0
Omicron_BA2,V512F,-3.1097584
Omicron_BA2,V512I,-1.5620954
Omicron_BA2,V512L,-3.7872863
Omicron_BA2,V512M,-3.900307
Omicron_BA2,V512-,0.0
Omicron_BA2,L513F,-0.3935914
Omicron_BA2,L513I,-0.557627015
Omicron_BA2,L513M,-0.5206666640000001
Omicron_BA2,L513P,-2.8066945
Omicron_BA2,L513Q,-3.0104952
Omicron_BA2,L513R,0.17463699
Omicron_BA2,L513T,-0.08539388
Omicron_BA2,L513V,-2.1563025
Omicron_BA2,L513-,0.0
Omicron_BA2,S514A,-0.2591272
Omicron_BA2,S514F,-0.6422925999999999
Omicron_BA2,S514N,0.007086343
Omicron_BA2,S514P,-2.6318593
Omicron_BA2,S514T,-0.050596144
Omicron_BA2,S514Y,-0.54212454
Omicron_BA2,S514-,0.0
Omicron_BA2,F515C,-1.6402045
Omicron_BA2,F515I,0.43099234
Omicron_BA2,F515L,-0.4362838
Omicron_BA2,F515S,-3.6417043
Omicron_BA2,F515V,-1.4579661
Omicron_BA2,F515Y,-0.58140445
Omicron_BA2,F515-,0.0
Omicron_BA2,E516A,-0.8636666
Omicron_BA2,E516D,0.22284624
Omicron_BA2,E516G,-1.1234846
Omicron_BA2,E516K,-0.7028736499999999
Omicron_BA2,E516Q,-0.20314031
Omicron_BA2,E516S,-0.22039692
Omicron_BA2,E516V,-0.9950012
Omicron_BA2,E516*,-3.402897
Omicron_BA2,L517F,-0.08921241999999999
Omicron_BA2,L517H,-0.65730584
Omicron_BA2,L517I,-0.020445849999999988
Omicron_BA2,L517M,0.21334192
Omicron_BA2,L517P,-0.91669166
Omicron_BA2,L517Q,0.31292874
Omicron_BA2,L517R,-2.892928
Omicron_BA2,L517T,-0.7821518
Omicron_BA2,L517V,-0.282585111
Omicron_BA2,L517Y,-0.99314785
Omicron_BA2,L518F,-0.15769497
Omicron_BA2,L518H,-0.52762395
Omicron_BA2,L518I,0.12742242
Omicron_BA2,L518M,-0.13540682
Omicron_BA2,L518P,-0.506634
Omicron_BA2,L518Q,-0.017856989
Omicron_BA2,L518V,-0.08377307860000001
Omicron_BA2,H519A,-1.0098039
Omicron_BA2,H519D,-0.077336006
Omicron_BA2,H519L,-0.38284856999999994
Omicron_BA2,H519N,-0.50275874
Omicron_BA2,H519P,-0.15177974
Omicron_BA2,H519Q,0.11388367700000002
Omicron_BA2,H519R,-0.8268220700000001
Omicron_BA2,H519Y,-0.34243661000000003
Omicron_BA2,A520D,-0.73403686
Omicron_BA2,A520E,-0.6674930950000001
Omicron_BA2,A520G,0.38042322
Omicron_BA2,A520L,0.097767726
Omicron_BA2,A520P,-1.3545943
Omicron_BA2,A520S,0.0062701325
Omicron_BA2,A520T,-0.73197271
Omicron_BA2,A520V,-1.4768432
Omicron_BA2,P521A,-1.1229842
Omicron_BA2,P521H,-0.1278721
Omicron_BA2,P521L,-0.9963731509999999
Omicron_BA2,P521Q,0.0344328575
Omicron_BA2,P521R,-0.028181139999999993
Omicron_BA2,P521S,-0.23636855
Omicron_BA2,P521T,-0.19326088
Omicron_BA2,A522C,-0.29228044
Omicron_BA2,A522D,-1.2042891
Omicron_BA2,A522E,-1.6790597
Omicron_BA2,A522F,-0.411411035
Omicron_BA2,A522G,-0.52145602
Omicron_BA2,A522H,-1.3489201
Omicron_BA2,A522I,-0.99968314
Omicron_BA2,A522K,-2.1338363
Omicron_BA2,A522L,-1.8685857
Omicron_BA2,A522M,-0.123098806
Omicron_BA2,A522N,-1.7905267
Omicron_BA2,A522P,0.16193835
Omicron_BA2,A522Q,-2.6628091
Omicron_BA2,A522R,-1.9520248
Omicron_BA2,A522S,-0.1914922
Omicron_BA2,A522T,-1.2133639
Omicron_BA2,A522V,-0.20952938299999999
Omicron_BA2,A522W,-1.0944114
Omicron_BA2,A522Y,-0.023594539999999997
Omicron_BA2,A522*,-3.8802555
Omicron_BA2,A522-,-0.3864122
Omicron_BA2,T523A,-0.5675801
Omicron_BA2,T523I,-1.460106
Omicron_BA2,T523K,-1.0898855
Omicron_BA2,T523N,-0.5967279
Omicron_BA2,T523P,-0.30084005
Omicron_BA2,T523R,0.0
Omicron_BA2,T523S,-0.21052624
Omicron_BA2,V524A,-2.5062864
Omicron_BA2,V524C,-1.0451419
Omicron_BA2,V524E,-1.2920989
Omicron_BA2,V524I,0.0
Omicron_BA2,V524L,-2.0130339
Omicron_BA2,V524M,-2.2768831
Omicron_BA2,C525F,-1.9078177
Omicron_BA2,C525R,0.0
Omicron_BA2,C525S,-2.6082563
Omicron_BA2,C525W,-3.2592442
Omicron_BA2,C525Y,-3.7430127
Omicron_BA2,C525*,-1.7589406
Omicron_BA2,G526E,-3.4116628
Omicron_BA2,G526P,-0.44324866
Omicron_BA2,G526R,-4.724111
Omicron_BA2,G526V,-2.7458584
Omicron_BA2,G526*,-1.6685208
Omicron_BA2,P527A,0.0
Omicron_BA2,P527K,-1.6540524
Omicron_BA2,P527L,-2.2679927
Omicron_BA2,P527Q,-2.395589
Omicron_BA2,P527S,-1.8793595
Omicron_BA2,P527T,-1.0808667
Omicron_BA2,P527-,-2.1743271
Omicron_BA2,K528E,-0.79241109
Omicron_BA2,K528I,-0.123937055
Omicron_BA2,K528M,0.0
Omicron_BA2,K528N,-1.1458108
Omicron_BA2,K528P,-1.9139376
Omicron_BA2,K528Q,0.061008327
Omicron_BA2,K528R,-0.20458698
Omicron_BA2,K528T,0.14126551
Omicron_BA2,K528W,-0.46951565
Omicron_BA2,K529E,-0.2079576
Omicron_BA2,K529G,-0.72693914
Omicron_BA2,K529L,-0.5433175
Omicron_BA2,K529M,-0.42097798
Omicron_BA2,K529N,-0.5686154
Omicron_BA2,K529Q,-0.0696253
Omicron_BA2,K529R,-0.09550709000000002
Omicron_BA2,K529T,-0.12160075
Omicron_BA2,S530C,-1.7679694
Omicron_BA2,S530F,-1.1473709
Omicron_BA2,S530G,-1.2996292
Omicron_BA2,S530I,-0.31810024
Omicron_BA2,S530N,-1.1740804
Omicron_BA2,S530P,-0.6216543
Omicron_BA2,S530R,-2.4690726
Omicron_BA2,S530T,0.24419913
Omicron_BA2,S530V,-0.6965873
Omicron_BA2,S530W,-2.1466806
Omicron_BA2,T531A,-0.25506848
Omicron_BA2,T531G,-0.514735
Omicron_BA2,T531I,-3.0498095
Omicron_BA2,T531L,-2.3333435
Omicron_BA2,T531N,-1.2353354
Omicron_BA2,T531S,-0.37499952
Omicron_BA2,T531-,-1.4222983
Omicron_BA2,N532D,-0.044816736
Omicron_BA2,N532E,2.3360329
Omicron_BA2,N532H,0.13798168
Omicron_BA2,N532I,0.003511168
Omicron_BA2,N532K,-0.08646121
Omicron_BA2,N532P,0.21640167
Omicron_BA2,N532S,-0.013253643
Omicron_BA2,N532T,-0.013720823
Omicron_BA2,N532V,-0.47920936
Omicron_BA2,N532Y,-0.17429768
Omicron_BA2,L533F,-1.2131491
Omicron_BA2,L533K,-1.8609334
Omicron_BA2,L533M,-0.68059427
Omicron_BA2,L533P,-3.5009367
Omicron_BA2,L533Q,-2.7053528
Omicron_BA2,L533R,-0.7079075
Omicron_BA2,L533T,0.0
Omicron_BA2,L533V,-1.271995
Omicron_BA2,V534A,-1.204463
Omicron_BA2,V534F,-3.9668415
Omicron_BA2,V534G,-0.41795558
Omicron_BA2,V534I,-0.07588245
Omicron_BA2,V534L,-0.5966032
Omicron_BA2,V534M,-0.93959033
Omicron_BA2,V534P,-2.000875
Omicron_BA2,V534-,0.0
Omicron_BA2,K535E,-2.6313984
Omicron_BA2,K535M,0.24705189000000002
Omicron_BA2,K535N,-3.0787847
Omicron_BA2,K535R,-0.54260063
Omicron_BA2,K535T,-0.25647923
Omicron_BA2,K535V,-0.67877614
Omicron_BA2,K535Y,0.07594421
Omicron_BA2,K535-,0.0
Omicron_BA2,N536D,-0.39547026
Omicron_BA2,N536H,-0.060736552
Omicron_BA2,N536K,-0.2158798
Omicron_BA2,N536P,-2.6878984
Omicron_BA2,N536Q,-0.40954456
Omicron_BA2,N536S,-0.60716146
Omicron_BA2,N536T,-2.0272582
Omicron_BA2,N536W,-1.1955112
Omicron_BA2,N536Y,0.37720588
Omicron_BA2,N536-,0.0
Omicron_BA2,K537E,-0.5796566
Omicron_BA2,K537G,-0.9903358
Omicron_BA2,K537M,-0.73213625
Omicron_BA2,K537N,-3.447749
Omicron_BA2,K537Q,0.02660816
Omicron_BA2,K537R,-0.3149328
Omicron_BA2,K537T,0.021582456
Omicron_BA2,K537*,0.0
Omicron_BA2,K537-,0.0
Omicron_BA2,C538F,-2.527486
Omicron_BA2,C538M,-3.299
Omicron_BA2,C538S,-2.761773
Omicron_BA2,C538W,-2.4345062
Omicron_BA2,C538Y,-2.3124664
Omicron_BA2,C538-,0.0
Omicron_BA2,V539A,-2.1360195
Omicron_BA2,V539C,-0.8942356
Omicron_BA2,V539F,-1.026641
Omicron_BA2,V539G,-1.3117491
Omicron_BA2,V539I,-0.26653913
Omicron_BA2,V539L,-1.6357232
Omicron_BA2,V539M,-1.8323373
Omicron_BA2,V539-,0.0
Omicron_BA2,N540D,-0.04344609999999999
Omicron_BA2,N540H,0.04165609
Omicron_BA2,N540I,-1.8569725
Omicron_BA2,N540K,-0.14650068
Omicron_BA2,N540Q,-2.0830345
Omicron_BA2,N540S,-0.10706117000000001
Omicron_BA2,N540T,-0.32442635
Omicron_BA2,N540Y,-0.7372247
Omicron_BA2,N540-,0.0
Omicron_BA2,F541I,-2.9905086
Omicron_BA2,F541L,-4.7255864
Omicron_BA2,F541P,0.0
Omicron_BA2,F541S,-3.0309615
Omicron_BA2,F541Y,0.11388316
Omicron_BA2,F541-,0.0
Omicron_BA2,N542D,-0.5232462
Omicron_BA2,N542H,-2.8803601
Omicron_BA2,N542K,-1.5081966
Omicron_BA2,N542Q,-1.9638944
Omicron_BA2,N542S,-0.7752714
Omicron_BA2,F543I,0.21434122
Omicron_BA2,F543L,-1.06283127
Omicron_BA2,F543S,-3.0547209
Omicron_BA2,F543T,-1.6666034
Omicron_BA2,F543V,-0.32656255
Omicron_BA2,F543W,-2.8532135
Omicron_BA2,F543Y,-1.4372481
Omicron_BA2,F543-,0.3499868
Omicron_BA2,N544D,-3.0574994
Omicron_BA2,N544G,-0.081119604
Omicron_BA2,N544I,0.0
Omicron_BA2,N544K,-0.9644137
Omicron_BA2,N544M,-0.012081546
Omicron_BA2,N544S,-0.14203894999999997
Omicron_BA2,N544Y,-0.261925
Omicron_BA2,N544-,-0.7345621
Omicron_BA2,G545A,-1.1419823
Omicron_BA2,G545E,-3.5197964
Omicron_BA2,G545R,-2.9586036
Omicron_BA2,G545V,-2.8464608
Omicron_BA2,G545*,-2.8226726
Omicron_BA2,L546F,0.19141942468999998
Omicron_BA2,L546I,1.2042577
Omicron_BA2,L546M,-0.08605671
Omicron_BA2,L546P,-3.0423017
Omicron_BA2,L546Q,-0.038907188100000004
Omicron_BA2,L546V,-0.17671584
Omicron_BA2,K547A,-0.45888798
Omicron_BA2,K547C,-0.63368416
Omicron_BA2,K547D,-2.6520746
Omicron_BA2,K547E,-1.6477933
Omicron_BA2,K547F,-1.2654542
Omicron_BA2,K547G,-1.0580238
Omicron_BA2,K547H,-0.41774482
Omicron_BA2,K547I,-0.18535595
Omicron_BA2,K547L,-0.89789206
Omicron_BA2,K547M,-0.35110997600000005
Omicron_BA2,K547N,-2.4443798
Omicron_BA2,K547P,-3.5801697
Omicron_BA2,K547Q,-0.47997814000000005
Omicron_BA2,K547R,-0.10861363
Omicron_BA2,K547S,-0.20893157
Omicron_BA2,K547T,-0.226861197
Omicron_BA2,K547V,-0.03424953
Omicron_BA2,K547W,-3.115682
Omicron_BA2,K547Y,-1.20229162
Omicron_BA2,K547*,-3.4639664
Omicron_BA2,G548A,-2.114067
Omicron_BA2,G548C,-2.618346
Omicron_BA2,G548D,-5.335204
Omicron_BA2,G548P,-1.741905
Omicron_BA2,G548S,-4.601959
Omicron_BA2,G548T,0.0
Omicron_BA2,G548V,-2.928298
Omicron_BA2,T549A,-0.3267187741
Omicron_BA2,T549I,0.00014190299999999878
Omicron_BA2,T549K,-0.08209449999999999
Omicron_BA2,T549P,-2.641665
Omicron_BA2,T549Q,-0.25322957999999995
Omicron_BA2,T549R,0.0
Omicron_BA2,T549S,-0.21454875
Omicron_BA2,G550A,-1.1199737
Omicron_BA2,G550C,0.0
Omicron_BA2,G550E,-2.5625563
Omicron_BA2,G550K,-0.26255857400000004
Omicron_BA2,G550R,-2.492166
Omicron_BA2,G550V,-2.2833292
Omicron_BA2,G550W,1.1015542
Omicron_BA2,G550*,-4.062316
Omicron_BA2,V551A,-2.6764815
Omicron_BA2,V551E,-1.3009634
Omicron_BA2,V551F,-1.0098307
Omicron_BA2,V551G,-2.3581688
Omicron_BA2,V551I,-0.04438109
Omicron_BA2,V551K,-2.5776417
Omicron_BA2,V551L,-0.83352983
Omicron_BA2,V551M,-0.62996745
Omicron_BA2,V551W,-1.899371
Omicron_BA2,L552F,-2.0402853
Omicron_BA2,L552I,-0.07454242
Omicron_BA2,L552M,-1.4289678
Omicron_BA2,L552P,-3.1150403
Omicron_BA2,L552Q,-1.0737628
Omicron_BA2,L552R,-1.2619319
Omicron_BA2,L552V,-0.4359111
Omicron_BA2,L552W,-3.2809625
Omicron_BA2,T553A,-0.93452096
Omicron_BA2,T553G,-1.257971
Omicron_BA2,T553I,-1.13956272
Omicron_BA2,T553K,-0.49178717
Omicron_BA2,T553L,-0.6621261
Omicron_BA2,T553N,-2.1509156
Omicron_BA2,T553R,0.0
Omicron_BA2,T553S,-0.16853614
Omicron_BA2,T553V,-2.0160017
Omicron_BA2,E554A,0.108471066
Omicron_BA2,E554D,0.0065406803
Omicron_BA2,E554G,-0.34087232
Omicron_BA2,E554K,0.02470771000000005
Omicron_BA2,E554L,-0.9393568
Omicron_BA2,E554P,-0.9109084
Omicron_BA2,E554Q,0.01319135
Omicron_BA2,E554R,-0.095974006
Omicron_BA2,E554S,-0.056297116
Omicron_BA2,E554V,-0.28486586
Omicron_BA2,E554W,-2.227299
Omicron_BA2,E554*,-2.4836965
Omicron_BA2,S555C,0.0
Omicron_BA2,S555F,-2.5258577
Omicron_BA2,S555G,-3.9050577
Omicron_BA2,S555I,0.0
Omicron_BA2,S555L,-1.3254673
Omicron_BA2,S555N,-5.2719593
Omicron_BA2,S555P,-3.5608582
Omicron_BA2,S555R,-2.6785786
Omicron_BA2,S555T,-2.814582
Omicron_BA2,N556D,-0.14988540000000006
Omicron_BA2,N556I,-0.04977163999999999
Omicron_BA2,N556K,0.17873208999999998
Omicron_BA2,N556P,-0.14455691999999998
Omicron_BA2,N556S,-0.0107762677
Omicron_BA2,N556T,-0.20124187
Omicron_BA2,N556V,-0.10820213000000001
Omicron_BA2,N556Y,-0.29859775
Omicron_BA2,K557E,-2.0040598
Omicron_BA2,K557L,-3.4008095
Omicron_BA2,K557N,-0.89573455
Omicron_BA2,K557P,-2.6192195
Omicron_BA2,K557Q,-3.5413604
Omicron_BA2,K557R,-0.3554083
Omicron_BA2,K557T,-1.9083894
Omicron_BA2,K558E,-0.5151086
Omicron_BA2,K558M,-0.385748787
Omicron_BA2,K558N,-0.2799495
Omicron_BA2,K558P,0.02951051
Omicron_BA2,K558Q,0.11113661
Omicron_BA2,K558R,0.019517045000000004
Omicron_BA2,K558S,-0.37748393
Omicron_BA2,K558T,-0.9981461
Omicron_BA2,K558W,-1.269062
Omicron_BA2,F559G,-1.5805559
Omicron_BA2,F559I,-3.8268604
Omicron_BA2,F559L,-2.463882
Omicron_BA2,F559S,-2.4554343
Omicron_BA2,F559T,-2.2996771
Omicron_BA2,F559V,-1.9266833
Omicron_BA2,F559W,-2.5313373
Omicron_BA2,L560C,-0.6974363
Omicron_BA2,L560G,0.24151394
Omicron_BA2,L560M,-0.010368657
Omicron_BA2,L560P,-4.4076777
Omicron_BA2,L560Q,-0.1154987674
Omicron_BA2,L560R,0.51851577
Omicron_BA2,L560S,-1.1945164
Omicron_BA2,L560V,0.0
Omicron_BA2,L560W,-0.98075473
Omicron_BA2,P561A,-0.47191477
Omicron_BA2,P561G,-0.36145985
Omicron_BA2,P561H,-0.3779805
Omicron_BA2,P561L,-1.6204239
Omicron_BA2,P561Q,-0.2940286
Omicron_BA2,P561S,-0.21303001
Omicron_BA2,P561T,-0.44530803
Omicron_BA2,F562L,-1.5409167
Omicron_BA2,F562S,-1.09079227
Omicron_BA2,F562V,-1.9103931
Omicron_BA2,F562W,0.905567
Omicron_BA2,F562Y,0.28263456
Omicron_BA2,Q563K,-3.182557
Omicron_BA2,Q563L,0.0
Omicron_BA2,Q563R,-2.5666282
Omicron_BA2,Q563*,-2.7365916
Omicron_BA2,Q563-,0.0
Omicron_BA2,Q564E,-1.2291569
Omicron_BA2,Q564H,0.031796537
Omicron_BA2,Q564K,-1.773249
Omicron_BA2,Q564L,-0.51918495
Omicron_BA2,Q564R,-2.2986991
Omicron_BA2,Q564T,0.0
Omicron_BA2,Q564*,-2.237272
Omicron_BA2,F565C,-1.2140846
Omicron_BA2,F565I,0.15525514
Omicron_BA2,F565L,-0.41276923
Omicron_BA2,F565S,-1.2813966
Omicron_BA2,F565V,-0.0067217504
Omicron_BA2,F565Y,0.11763223
Omicron_BA2,G566A,-1.8405131
Omicron_BA2,G566C,-2.9884782
Omicron_BA2,G566D,-3.034882
Omicron_BA2,G566S,-0.2247792
Omicron_BA2,G566V,-2.5162556
Omicron_BA2,G566-,-1.6300867
Omicron_BA2,R567G,-5.6424217
Omicron_BA2,R567I,-0.10863036
Omicron_BA2,R567K,0.16481689
Omicron_BA2,R567M,-0.3675805
Omicron_BA2,R567N,-1.8112049
Omicron_BA2,R567S,-1.38834115
Omicron_BA2,R567T,-0.53922033
Omicron_BA2,R567W,-1.8089757
Omicron_BA2,D568E,-1.9495914
Omicron_BA2,D568G,-0.94630855
Omicron_BA2,D568H,0.0
Omicron_BA2,D568K,0.0
Omicron_BA2,D568N,0.029738000000000042
Omicron_BA2,D568V,0.0
Omicron_BA2,D568Y,-2.3616104
Omicron_BA2,I569F,-0.47187614
Omicron_BA2,I569L,-0.035283297
Omicron_BA2,I569M,-0.21886328
Omicron_BA2,I569N,-0.4343826
Omicron_BA2,I569S,-0.70929743
Omicron_BA2,I569T,-0.3874464
Omicron_BA2,I569V,0.002531416
Omicron_BA2,A570C,-4.5562716
Omicron_BA2,A570D,-0.9378034
Omicron_BA2,A570E,-2.2041883
Omicron_BA2,A570F,-1.1417330399999999
Omicron_BA2,A570G,-0.6183768000000001
Omicron_BA2,A570H,-1.748619517
Omicron_BA2,A570I,-0.6401924799999998
Omicron_BA2,A570K,-0.7906926000000001
Omicron_BA2,A570L,-0.6693327
Omicron_BA2,A570M,-1.0495503
Omicron_BA2,A570N,-3.0157216
Omicron_BA2,A570P,-3.1669784
Omicron_BA2,A570Q,-1.8571504
Omicron_BA2,A570R,-0.49257479999999987
Omicron_BA2,A570S,0.08107757499999999
Omicron_BA2,A570T,0.243966224
Omicron_BA2,A570V,-0.16910420000000004
Omicron_BA2,A570W,-2.219038
Omicron_BA2,A570Y,-1.2182693
Omicron_BA2,A570*,-4.027386
Omicron_BA2,D571A,0.0
Omicron_BA2,D571E,-0.199787396
Omicron_BA2,D571G,0.2759582
Omicron_BA2,D571H,0.0
Omicron_BA2,D571N,-3.213169
Omicron_BA2,D571V,0.0
Omicron_BA2,D571Y,-1.2787209
Omicron_BA2,D571-,0.0
Omicron_BA2,T572A,0.04384506
Omicron_BA2,T572C,-1.1715063
Omicron_BA2,T572D,-0.5004341999999999
Omicron_BA2,T572E,-0.35627349999999997
Omicron_BA2,T572F,0.152818278
Omicron_BA2,T572G,-0.45423294000000003
Omicron_BA2,T572H,0.31074733
Omicron_BA2,T572I,-0.025571299999999964
Omicron_BA2,T572K,0.4242143
Omicron_BA2,T572L,-0.36151730000000004
Omicron_BA2,T572M,0.07144632000000001
Omicron_BA2,T572N,-0.1928202
Omicron_BA2,T572P,-5.207558
Omicron_BA2,T572Q,0.1799563
Omicron_BA2,T572R,0.21362829
Omicron_BA2,T572S,0.048180897
Omicron_BA2,T572V,0.0208469
Omicron_BA2,T572W,-0.29022688
Omicron_BA2,T572Y,-0.05128819999999998
Omicron_BA2,T572*,-4.555845
Omicron_BA2,T572-,0.0
Omicron_BA2,T573A,-0.5130684
Omicron_BA2,T573I,0.26342876000000004
Omicron_BA2,T573K,-0.087152936
Omicron_BA2,T573L,0.34975338
Omicron_BA2,T573N,-1.6328253
Omicron_BA2,T573P,-0.3334994
Omicron_BA2,T573R,-3.0317264
Omicron_BA2,T573S,-0.15781605
Omicron_BA2,T573V,0.42757666
Omicron_BA2,T573-,0.0
Omicron_BA2,D574E,-2.1723046
Omicron_BA2,D574G,0.0
Omicron_BA2,D574H,-1.5288391
Omicron_BA2,D574N,0.32564354
Omicron_BA2,D574V,0.29199954
Omicron_BA2,D574Y,-1.6020799
Omicron_BA2,D574-,0.0
Omicron_BA2,A575D,-3.4878695
Omicron_BA2,A575G,-1.521687
Omicron_BA2,A575S,0.15345156
Omicron_BA2,A575T,-1.8897
Omicron_BA2,A575V,-2.2338967
Omicron_BA2,V576A,-0.8908058
Omicron_BA2,V576F,-2.8019674
Omicron_BA2,V576I,-0.275169923
Omicron_BA2,V576L,-0.55316925
Omicron_BA2,V576M,-2.1396587
Omicron_BA2,R577C,-3.4841332
Omicron_BA2,R577G,-3.610788
Omicron_BA2,R577K,-0.09956677
Omicron_BA2,R577L,-3.0934372
Omicron_BA2,R577M,-1.8291734
Omicron_BA2,R577S,-2.2869048
Omicron_BA2,R577W,-1.6699198
Omicron_BA2,D578E,-2.4127436
Omicron_BA2,D578G,-3.1528625
Omicron_BA2,D578H,-0.80097985
Omicron_BA2,D578N,-4.1601067
Omicron_BA2,D578Y,-2.0182753
Omicron_BA2,P579A,0.0
Omicron_BA2,P579L,-1.1772778
Omicron_BA2,P579Q,-2.555665
Omicron_BA2,P579S,-2.1867757
Omicron_BA2,P579T,-2.811189
Omicron_BA2,Q580E,-0.45595846999999995
Omicron_BA2,Q580H,-0.5402018099999999
Omicron_BA2,Q580I,0.0
Omicron_BA2,Q580K,0.0012683988
Omicron_BA2,Q580L,-0.072747537
Omicron_BA2,Q580M,0.31998628
Omicron_BA2,Q580P,-2.4385395
Omicron_BA2,Q580R,-0.32297157499999996
Omicron_BA2,Q580*,-2.5223937
Omicron_BA2,T581I,-2.7102804
Omicron_BA2,T581K,-2.3641543
Omicron_BA2,T581N,-1.7548025
Omicron_BA2,T581S,-0.45712173
Omicron_BA2,L582F,-0.08835946400000001
Omicron_BA2,L582H,-0.43578607
Omicron_BA2,L582M,0.055316348
Omicron_BA2,L582N,1.7282602
Omicron_BA2,L582R,-0.04243637
Omicron_BA2,L582S,-0.05612098999999998
Omicron_BA2,L582V,-1.0760605
Omicron_BA2,L582W,0.0
Omicron_BA2,E583A,-0.4166195
Omicron_BA2,E583D,-0.73282975
Omicron_BA2,E583G,-1.8225869
Omicron_BA2,E583K,-0.7439531500000001
Omicron_BA2,E583L,-1.0078386
Omicron_BA2,E583Q,-0.36211525000000006
Omicron_BA2,E583V,-1.150828
Omicron_BA2,E583*,-2.4971483
Omicron_BA2,E583-,0.34931582
Omicron_BA2,I584F,-1.6348732
Omicron_BA2,I584L,-0.36349022
Omicron_BA2,I584M,-3.5252771
Omicron_BA2,I584N,-0.6568965
Omicron_BA2,I584P,-2.227789
Omicron_BA2,I584T,-1.9221324
Omicron_BA2,I584V,0.052112412999999996
Omicron_BA2,I584-,-1.6006602
Omicron_BA2,L585F,-0.88801119430202
Omicron_BA2,L585I,-0.21201283999999998
Omicron_BA2,L585K,-2.4603126
Omicron_BA2,L585M,-0.68266225
Omicron_BA2,L585P,-3.3009326
Omicron_BA2,L585V,-0.13684201
Omicron_BA2,D586A,-0.29726732
Omicron_BA2,D586E,-1.4572192
Omicron_BA2,D586G,-0.91876584
Omicron_BA2,D586H,-0.2752393
Omicron_BA2,D586N,-0.13117936
Omicron_BA2,D586S,-0.39393967
Omicron_BA2,D586T,-1.4519503
Omicron_BA2,D586W,-2.1473024
Omicron_BA2,D586Y,-3.1857445
Omicron_BA2,I587G,-3.6819248
Omicron_BA2,I587L,-0.98197365
Omicron_BA2,I587N,-2.1440105
Omicron_BA2,I587T,-3.5045857
Omicron_BA2,I587V,-0.91702863
Omicron_BA2,T588A,-0.14248982
Omicron_BA2,T588I,-0.5250582
Omicron_BA2,T588K,-0.36746991
Omicron_BA2,T588R,-0.032797094
Omicron_BA2,T588S,-0.3313592
Omicron_BA2,T588V,-0.13927779
Omicron_BA2,P589A,-0.5756117
Omicron_BA2,P589H,-2.2048376
Omicron_BA2,P589L,-2.2962751
Omicron_BA2,P589Q,-0.66006304
Omicron_BA2,P589R,0.0
Omicron_BA2,P589S,-1.8409135
Omicron_BA2,P589T,-1.7565483
Omicron_BA2,C590F,-1.2144054
Omicron_BA2,C590L,-0.4869501
Omicron_BA2,C590R,-4.0579476
Omicron_BA2,C590V,0.0
Omicron_BA2,C590W,0.0
Omicron_BA2,C590Y,-2.7457063
Omicron_BA2,C590*,0.0
Omicron_BA2,S591A,-0.20881373
Omicron_BA2,S591F,-1.6260271
Omicron_BA2,S591H,-0.207270656
Omicron_BA2,S591P,-0.5902254
Omicron_BA2,S591T,-0.21170819
Omicron_BA2,S591Y,-0.14527063
Omicron_BA2,F592I,-0.5545791
Omicron_BA2,F592L,-1.1621919
Omicron_BA2,F592P,-3.8061008
Omicron_BA2,F592S,-0.14651319640000002
Omicron_BA2,F592V,-0.044466972
Omicron_BA2,F592Y,-0.10624120000000001
Omicron_BA2,G593C,-1.1047214
Omicron_BA2,G593E,-4.0263524
Omicron_BA2,G593R,-5.15492
Omicron_BA2,G593S,-1.0302907
Omicron_BA2,G593V,-0.7296677
Omicron_BA2,G593*,-2.649565
Omicron_BA2,G594C,-0.6034655
Omicron_BA2,G594D,-1.2024744
Omicron_BA2,G594E,-0.38369208800000004
Omicron_BA2,G594F,-0.28762234999999997
Omicron_BA2,G594R,-0.5769397
Omicron_BA2,G594S,0.07679013
Omicron_BA2,G594V,-0.90784585
Omicron_BA2,G594W,-0.30067191400000004
Omicron_BA2,G594*,-2.571767
Omicron_BA2,V595A,-2.506397
Omicron_BA2,V595G,-3.2371588
Omicron_BA2,V595I,0.018483669
Omicron_BA2,V595L,-0.6775092
Omicron_BA2,V595M,-1.1359416
Omicron_BA2,S596A,-0.010444601
Omicron_BA2,S596C,-0.12715451
Omicron_BA2,S596F,-0.31003392
Omicron_BA2,S596I,-2.6515362
Omicron_BA2,S596N,-0.35514313
Omicron_BA2,S596P,-2.3014219
Omicron_BA2,S596R,-0.70606214
Omicron_BA2,S596T,-1.9150928
Omicron_BA2,S596Y,-0.7467566
Omicron_BA2,V597G,0.0
Omicron_BA2,V597I,-0.94289774
Omicron_BA2,V597L,-3.5363815
Omicron_BA2,V597M,-1.6130847
Omicron_BA2,V597-,-0.39414950579999997
Omicron_BA2,I598L,-1.3125273
Omicron_BA2,I598N,-1.936717
Omicron_BA2,I598T,-1.5333012
Omicron_BA2,I598V,-0.61293998
Omicron_BA2,I598-,1.4721499142
Omicron_BA2,T599A,-4.0576386
Omicron_BA2,T599H,-3.577927
Omicron_BA2,T599I,-2.3040788
Omicron_BA2,T599K,-2.6276748
Omicron_BA2,T599R,0.0
Omicron_BA2,T599-,0.6098390142
Omicron_BA2,P600A,-0.21818866
Omicron_BA2,P600H,-3.86985
Omicron_BA2,P600L,-1.8837101
Omicron_BA2,P600R,-1.4283274
Omicron_BA2,P600S,-3.6845567
Omicron_BA2,P600T,-2.4682539
Omicron_BA2,P600-,0.9944075142
Omicron_BA2,G601C,0.13933802
Omicron_BA2,G601D,-4.5684733
Omicron_BA2,G601H,-2.5727108
Omicron_BA2,G601S,-3.4367838
Omicron_BA2,G601V,-2.293844
Omicron_BA2,T602A,-2.6650367
Omicron_BA2,T602H,0.0
Omicron_BA2,T602I,-1.5789803
Omicron_BA2,T602L,-2.8531203
Omicron_BA2,T602N,-2.960999
Omicron_BA2,T602S,0.11472452
Omicron_BA2,T602-,0.0
Omicron_BA2,N603D,0.23235939700000002
Omicron_BA2,N603H,-0.08072432
Omicron_BA2,N603I,-0.541121666
Omicron_BA2,N603K,0.09508243
Omicron_BA2,N603R,-0.5000937
Omicron_BA2,N603S,-0.09250106500000001
Omicron_BA2,N603T,-0.305072719
Omicron_BA2,N603Y,-0.31031984
Omicron_BA2,N603-,-1.7580414
Omicron_BA2,T604A,-0.17448342
Omicron_BA2,T604I,0.109002675
Omicron_BA2,T604L,-0.3808272
Omicron_BA2,T604N,-0.42613024
Omicron_BA2,T604S,-0.29681063
Omicron_BA2,T604V,-0.15654832
Omicron_BA2,T604Y,-1.0002284
Omicron_BA2,T604-,0.035703108
Omicron_BA2,S605A,-1.9379122
Omicron_BA2,S605C,-0.41265595
Omicron_BA2,S605F,-2.5693786
Omicron_BA2,S605G,-1.1911559
Omicron_BA2,S605I,-2.463286
Omicron_BA2,S605L,-2.8939154
Omicron_BA2,S605N,-4.210886
Omicron_BA2,S605R,-2.849402
Omicron_BA2,S605T,-0.21125135
Omicron_BA2,S605-,-0.35288092
Omicron_BA2,N606D,-0.013334093
Omicron_BA2,N606G,-0.49463424
Omicron_BA2,N606H,0.0
Omicron_BA2,N606K,-0.5911625
Omicron_BA2,N606L,-0.82091576
Omicron_BA2,N606S,-0.07865747
Omicron_BA2,N606T,0.094549686
Omicron_BA2,N606Y,-0.9240967
Omicron_BA2,Q607E,0.09707554
Omicron_BA2,Q607H,-0.29776925
Omicron_BA2,Q607K,-0.037854712
Omicron_BA2,Q607L,-0.038380044
Omicron_BA2,Q607R,-0.2840776
Omicron_BA2,Q607V,-0.41594818
Omicron_BA2,Q607*,-2.0365324
Omicron_BA2,V608A,-2.199985
Omicron_BA2,V608D,-2.9009707
Omicron_BA2,V608E,0.0
Omicron_BA2,V608F,-0.033599526
Omicron_BA2,V608I,-0.20517363
Omicron_BA2,V608L,-2.3079123
Omicron_BA2,V608M,-3.1498008
Omicron_BA2,A609D,-2.338272
Omicron_BA2,A609L,-1.037567
Omicron_BA2,A609S,-3.265524
Omicron_BA2,A609T,-3.3571188
Omicron_BA2,A609V,-4.430852
Omicron_BA2,V610A,-2.8002276
Omicron_BA2,V610E,-1.5381285
Omicron_BA2,V610F,-2.0802424
Omicron_BA2,V610G,0.0
Omicron_BA2,V610I,-0.7793168
Omicron_BA2,V610L,-0.59011686
Omicron_BA2,V610M,-2.6834717
Omicron_BA2,L611F,-0.24448126000000003
Omicron_BA2,L611I,-1.5218389
Omicron_BA2,L611P,-2.5809147
Omicron_BA2,L611R,-2.4204276
Omicron_BA2,L611V,-2.1491523
Omicron_BA2,Y612C,-3.2210171
Omicron_BA2,Y612F,-0.2447920444
Omicron_BA2,Y612H,-1.9250083
Omicron_BA2,Y612N,-1.9396908
Omicron_BA2,Y612Q,0.0
Omicron_BA2,Y612*,-2.3481355
Omicron_BA2,Y612-,0.0
Omicron_BA2,Q613E,-0.18297727000000003
Omicron_BA2,Q613H,-0.11349338
Omicron_BA2,Q613K,-1.0168203
Omicron_BA2,Q613L,-0.93645465
Omicron_BA2,Q613P,-1.6388084
Omicron_BA2,Q613R,0.027029619
Omicron_BA2,Q613*,-2.6050203
Omicron_BA2,Q613-,0.0
Omicron_BA2,G614A,-0.38820984000000003
Omicron_BA2,G614C,-2.1123147
Omicron_BA2,G614D,-0.31149355
Omicron_BA2,G614E,-1.2984613
Omicron_BA2,G614F,-2.5326204
Omicron_BA2,G614H,-0.62255657
Omicron_BA2,G614I,-4.5882287
Omicron_BA2,G614K,-1.1525537
Omicron_BA2,G614L,-0.98861015
Omicron_BA2,G614M,-0.45830292
Omicron_BA2,G614N,0.07024948
Omicron_BA2,G614P,-1.8928937
Omicron_BA2,G614Q,-0.02143565000000003
Omicron_BA2,G614R,-1.5275834
Omicron_BA2,G614S,-0.5485206
Omicron_BA2,G614T,-1.4545324
Omicron_BA2,G614V,-2.5835154
Omicron_BA2,G614W,-2.6150076
Omicron_BA2,G614Y,0.0
Omicron_BA2,G614*,-2.9915628
Omicron_BA2,G614-,0.0
Omicron_BA2,V615A,-0.37953573
Omicron_BA2,V615E,-2.9172928
Omicron_BA2,V615F,-1.0971979
Omicron_BA2,V615G,0.0
Omicron_BA2,V615I,0.055996601
Omicron_BA2,V615L,-0.27421865
Omicron_BA2,V615M,0.016870316
Omicron_BA2,V615-,0.0
Omicron_BA2,N616D,-0.42601375999999996
Omicron_BA2,N616I,-0.6780846
Omicron_BA2,N616K,-0.1341514846
Omicron_BA2,N616L,0.17598389
Omicron_BA2,N616R,0.0
Omicron_BA2,N616S,0.094983466
Omicron_BA2,N616T,-0.20161109
Omicron_BA2,N616-,0.0
Omicron_BA2,C617F,-2.0764704
Omicron_BA2,C617L,-3.6293015
Omicron_BA2,C617R,-2.9443092
Omicron_BA2,C617S,-3.0970254
Omicron_BA2,C617Y,-4.9250355
Omicron_BA2,C617*,-2.1709468
Omicron_BA2,T618A,-0.10386060999999999
Omicron_BA2,T618I,-0.3663056
Omicron_BA2,T618K,-0.1995524
Omicron_BA2,T618N,-0.0043787747
Omicron_BA2,T618P,0.0
Omicron_BA2,T618R,-0.13588074
Omicron_BA2,T618S,-0.0295068
Omicron_BA2,E619A,-0.42106447
Omicron_BA2,E619D,-0.06306664999999997
Omicron_BA2,E619G,-1.098982
Omicron_BA2,E619K,-0.58636254
Omicron_BA2,E619Q,-0.071919656
Omicron_BA2,E619R,-0.21593603
Omicron_BA2,E619V,-0.9860638
Omicron_BA2,E619*,-2.3569229
Omicron_BA2,E619-,-1.7495693
Omicron_BA2,V620A,-1.8778142
Omicron_BA2,V620F,-4.2173824
Omicron_BA2,V620I,-1.5561124
Omicron_BA2,V620L,-1.2922167
Omicron_BA2,V620M,-1.3278181500000001
Omicron_BA2,V620-,-1.3570733
Omicron_BA2,P621A,-0.016524719
Omicron_BA2,P621G,0.24070293
Omicron_BA2,P621H,-0.250555783
Omicron_BA2,P621L,-1.8836747
Omicron_BA2,P621Q,0.0
Omicron_BA2,P621R,-0.22578852
Omicron_BA2,P621S,-0.12251874
Omicron_BA2,P621T,-0.3523088
Omicron_BA2,P621-,-0.23582858
Omicron_BA2,V622A,-0.129431299
Omicron_BA2,V622C,-0.5399755
Omicron_BA2,V622D,0.016406184
Omicron_BA2,V622E,0.03791297
Omicron_BA2,V622F,0.10436384
Omicron_BA2,V622G,0.04536796999999998
Omicron_BA2,V622H,0.10994278999999998
Omicron_BA2,V622I,0.054257385
Omicron_BA2,V622K,-0.21715492
Omicron_BA2,V622L,0.04358443
Omicron_BA2,V622M,0.05240452300000001
Omicron_BA2,V622N,0.24928449000000003
Omicron_BA2,V622P,-0.18848686599999998
Omicron_BA2,V622Q,-0.11988639
Omicron_BA2,V622R,-0.14998941200000002
Omicron_BA2,V622S,0.11430669
Omicron_BA2,V622T,-0.028302608
Omicron_BA2,V622W,-0.042372856
Omicron_BA2,V622Y,0.06233284
Omicron_BA2,V622*,-4.337532
Omicron_BA2,V622-,0.05986954
Omicron_BA2,A623D,-1.0683122
Omicron_BA2,A623I,-0.224572
Omicron_BA2,A623L,0.019815195
Omicron_BA2,A623S,-0.08019838
Omicron_BA2,A623T,-0.09817437999999999
Omicron_BA2,A623V,-0.13837884
Omicron_BA2,A623-,-0.28888366
Omicron_BA2,I624K,0.0
Omicron_BA2,I624L,0.055614464
Omicron_BA2,I624M,0.10846185
Omicron_BA2,I624N,-1.342356
Omicron_BA2,I624T,-1.2648109
Omicron_BA2,I624V,-0.16404629
Omicron_BA2,H625L,-0.28746435
Omicron_BA2,H625N,0.16247496
Omicron_BA2,H625P,0.0
Omicron_BA2,H625Q,-0.032324713
Omicron_BA2,H625R,0.11355209
Omicron_BA2,H625S,0.5674117
Omicron_BA2,H625Y,-0.83514315
Omicron_BA2,H625-,-1.630605
Omicron_BA2,A626D,-0.5360385
Omicron_BA2,A626E,-0.53531057
Omicron_BA2,A626G,0.0
Omicron_BA2,A626L,-1.6091604
Omicron_BA2,A626Q,-0.41766584
Omicron_BA2,A626R,-1.9138279
Omicron_BA2,A626S,-0.043325204
Omicron_BA2,A626T,-0.3791572
Omicron_BA2,A626V,-0.243887143
Omicron_BA2,A626-,-0.6256176
Omicron_BA2,D627A,-0.10516152
Omicron_BA2,D627E,0.0505656
Omicron_BA2,D627G,-0.46403896699999997
Omicron_BA2,D627H,-0.06887297
Omicron_BA2,D627N,-0.133705279
Omicron_BA2,D627P,0.0
Omicron_BA2,D627S,0.24083348
Omicron_BA2,D627T,-1.3283272
Omicron_BA2,D627V,-0.546604
Omicron_BA2,D627Y,-1.0386034800000001
Omicron_BA2,D627-,-0.49519634
Omicron_BA2,Q628D,-0.23139738
Omicron_BA2,Q628E,0.050505146
Omicron_BA2,Q628H,-0.62431073
Omicron_BA2,Q628K,-0.018870149999999974
Omicron_BA2,Q628L,-0.6249358
Omicron_BA2,Q628P,-2.108812
Omicron_BA2,Q628R,0.10212473
Omicron_BA2,Q628*,-3.1359525
Omicron_BA2,Q628-,-1.1052188
Omicron_BA2,L629C,-0.36297548
Omicron_BA2,L629F,-2.349686
Omicron_BA2,L629H,-1.3050137
Omicron_BA2,L629I,-0.2067283
Omicron_BA2,L629P,-1.2930815
Omicron_BA2,L629V,-0.07831204
Omicron_BA2,L629Y,-1.0498904
Omicron_BA2,L629-,-0.3779049
Omicron_BA2,T630A,-0.315736
Omicron_BA2,T630C,-2.624993
Omicron_BA2,T630I,-1.5837498
Omicron_BA2,T630K,-1.5334271
Omicron_BA2,T630L,-3.4295323
Omicron_BA2,T630N,-1.1865778
Omicron_BA2,T630S,-0.3534495
Omicron_BA2,T630-,-0.5009785
Omicron_BA2,P631H,-0.2985171
Omicron_BA2,P631L,-0.6737885499999999
Omicron_BA2,P631Q,-0.46600112
Omicron_BA2,P631S,-0.357303898
Omicron_BA2,P631T,-0.37006953
Omicron_BA2,P631V,0.0
Omicron_BA2,P631Y,-0.35702300000000003
Omicron_BA2,P631-,-2.2803824
Omicron_BA2,T632A,-0.1295732
Omicron_BA2,T632G,0.028993625
Omicron_BA2,T632I,-0.24575399999999997
Omicron_BA2,T632N,-0.16588564
Omicron_BA2,T632P,-0.14733444
Omicron_BA2,T632S,-0.034824826
Omicron_BA2,T632-,0.0
Omicron_BA2,W633C,-2.8524456
Omicron_BA2,W633R,-3.5262957
Omicron_BA2,W633*,-2.9633784
Omicron_BA2,W633-,-1.2264818
Omicron_BA2,R634G,-1.0387549
Omicron_BA2,R634H,-0.20381534
Omicron_BA2,R634K,0.043684237
Omicron_BA2,R634L,-0.3613169
Omicron_BA2,R634M,-0.13643683
Omicron_BA2,R634Q,0.0
Omicron_BA2,R634S,-0.8352026
Omicron_BA2,R634W,-0.47691404000000004
Omicron_BA2,R634-,-1.9267108
Omicron_BA2,V635A,-0.20014359
Omicron_BA2,V635F,0.049915122000000006
Omicron_BA2,V635G,-0.08771975
Omicron_BA2,V635I,0.018752968999999998
Omicron_BA2,V635L,-0.08469808
Omicron_BA2,V635-,-0.87397677
Omicron_BA2,Y636C,-0.2642894
Omicron_BA2,Y636F,-0.011906368
Omicron_BA2,Y636H,-0.5406272
Omicron_BA2,Y636L,-1.3665369
Omicron_BA2,Y636N,-3.0308726
Omicron_BA2,Y636*,-3.133784
Omicron_BA2,Y636-,-0.64494693
Omicron_BA2,S637A,0.06572857
Omicron_BA2,S637C,-0.1338444
Omicron_BA2,S637F,-0.98224264
Omicron_BA2,S637G,-1.089318
Omicron_BA2,S637I,-0.32106036
Omicron_BA2,S637N,-2.4190352
Omicron_BA2,S637R,-0.60354877
Omicron_BA2,S637T,0.061571863
Omicron_BA2,S637Y,-0.59718037
Omicron_BA2,S637-,-0.41296056
Omicron_BA2,T638A,-0.3678432
Omicron_BA2,T638I,-0.08268604000000002
Omicron_BA2,T638K,0.200697504
Omicron_BA2,T638R,-0.09494149
Omicron_BA2,T638S,0.027821913
Omicron_BA2,T638-,-1.2517858
Omicron_BA2,G639A,-1.0546398
Omicron_BA2,G639C,-2.3641307
Omicron_BA2,G639D,-0.4054648599999999
Omicron_BA2,G639R,-1.6443216
Omicron_BA2,G639S,-0.34347688
Omicron_BA2,G639V,-2.1609657
Omicron_BA2,G639Y,-3.3752737
Omicron_BA2,G639-,0.20100167
Omicron_BA2,S640A,0.04077152399999999
Omicron_BA2,S640C,-0.7477179
Omicron_BA2,S640D,-0.018100126
Omicron_BA2,S640E,-0.093379505
Omicron_BA2,S640F,-0.27122663
Omicron_BA2,S640G,-0.115876021
Omicron_BA2,S640H,0.0192303747
Omicron_BA2,S640I,-0.16895984
Omicron_BA2,S640K,-0.13465121
Omicron_BA2,S640L,-0.37424248
Omicron_BA2,S640M,0.238148335
Omicron_BA2,S640N,-0.0410503564
Omicron_BA2,S640P,-0.50245659
Omicron_BA2,S640Q,-0.098907507
Omicron_BA2,S640R,-0.02554634
Omicron_BA2,S640T,-0.03783003898
Omicron_BA2,S640V,0.010726539
Omicron_BA2,S640Y,-0.22366647
Omicron_BA2,S640*,-3.7011065
Omicron_BA2,S640-,0.13049383
Omicron_BA2,N641D,-0.34489167
Omicron_BA2,N641G,-1.7621576
Omicron_BA2,N641H,0.03623459
Omicron_BA2,N641I,-0.054649983
Omicron_BA2,N641K,-0.11269464
Omicron_BA2,N641R,-0.004958501
Omicron_BA2,N641S,-0.16155571
Omicron_BA2,N641T,-0.28988254
Omicron_BA2,N641Y,-0.14609363599999997
Omicron_BA2,N641-,-0.32250106
Omicron_BA2,V642A,-0.27651748
Omicron_BA2,V642E,-1.5587894
Omicron_BA2,V642F,-0.38545366000000003
Omicron_BA2,V642G,-0.19044413
Omicron_BA2,V642I,-0.10142654129999999
Omicron_BA2,V642L,-0.32102332
Omicron_BA2,V642M,0.1606932
Omicron_BA2,V642R,-1.0563637
Omicron_BA2,V642S,0.0
Omicron_BA2,V642T,-0.8373829
Omicron_BA2,V642-,-0.48538575
Omicron_BA2,F643H,0.0
Omicron_BA2,F643I,-0.20119448
Omicron_BA2,F643L,0.03358174
Omicron_BA2,F643S,-2.2696476
Omicron_BA2,F643V,0.26729074
Omicron_BA2,F643Y,-0.16913588
Omicron_BA2,F643-,-0.9110541
Omicron_BA2,Q644E,0.0
Omicron_BA2,Q644H,-0.16271207
Omicron_BA2,Q644K,-3.610797
Omicron_BA2,Q644L,-0.71419495
Omicron_BA2,Q644N,0.0
Omicron_BA2,Q644P,0.0
Omicron_BA2,Q644R,-4.2628493
Omicron_BA2,Q644S,-0.20751484
Omicron_BA2,Q644T,-0.10188771
Omicron_BA2,Q644*,-3.347246
Omicron_BA2,T645A,-1.7879128
Omicron_BA2,T645H,-2.7694287
Omicron_BA2,T645I,-1.3081496
Omicron_BA2,T645N,-2.1307354
Omicron_BA2,R646G,-0.22267696000000003
Omicron_BA2,R646H,-0.153690905
Omicron_BA2,R646K,0.15288769
Omicron_BA2,R646L,0.07729153
Omicron_BA2,R646M,0.105214566
Omicron_BA2,R646P,0.042592086
Omicron_BA2,R646Q,-0.28529453
Omicron_BA2,R646S,-0.20972487
Omicron_BA2,R646T,-0.07486937
Omicron_BA2,R646W,-1.4251263
Omicron_BA2,A647C,-1.7484138
Omicron_BA2,A647D,-1.7755395
Omicron_BA2,A647E,-0.7475382
Omicron_BA2,A647F,-0.20029667
Omicron_BA2,A647P,-0.945669
Omicron_BA2,A647S,-0.5841448029999999
Omicron_BA2,A647T,-0.52491
Omicron_BA2,A647V,-0.24631303
Omicron_BA2,G648C,-2.8306463
Omicron_BA2,G648D,-5.6323805
Omicron_BA2,G648P,0.0
Omicron_BA2,G648S,-2.2368262
Omicron_BA2,G648V,-2.5119686
Omicron_BA2,G648-,0.0
Omicron_BA2,C649F,-1.8152536
Omicron_BA2,C649G,-4.6347713
Omicron_BA2,C649H,0.0
Omicron_BA2,C649L,-2.8350403
Omicron_BA2,C649R,-3.2735004
Omicron_BA2,C649S,2.2031438
Omicron_BA2,C649Y,-4.1961355
Omicron_BA2,C649*,-1.8123763
Omicron_BA2,C649-,0.0
Omicron_BA2,L650C,-2.996317
Omicron_BA2,L650F,-3.9597564
Omicron_BA2,L650I,-0.84954673
Omicron_BA2,L650M,-1.5460248
Omicron_BA2,L650N,-2.6464968
Omicron_BA2,L650P,-1.9885253
Omicron_BA2,L650Q,-1.8157233
Omicron_BA2,L650R,0.0
Omicron_BA2,L650S,-2.6648808
Omicron_BA2,L650-,0.0
Omicron_BA2,I651F,-0.56876725
Omicron_BA2,I651M,-2.4120102
Omicron_BA2,I651N,0.0
Omicron_BA2,I651S,0.0
Omicron_BA2,I651T,-1.5274411
Omicron_BA2,I651V,-0.09307166
Omicron_BA2,I651Y,-1.9889566
Omicron_BA2,I651-,-2.7242484
Omicron_BA2,G652A,-4.1676636
Omicron_BA2,G652E,-3.0786853
Omicron_BA2,G652F,0.0
Omicron_BA2,G652L,-0.7762578
Omicron_BA2,G652R,-2.3412013
Omicron_BA2,G652S,-3.6094751
Omicron_BA2,G652V,-3.346108
Omicron_BA2,G652*,-3.1000972
Omicron_BA2,A653C,-1.4121099
Omicron_BA2,A653D,-4.494845
Omicron_BA2,A653E,-4.2572203
Omicron_BA2,A653F,-3.6551342
Omicron_BA2,A653G,-3.4003358
Omicron_BA2,A653H,-2.9883955
Omicron_BA2,A653I,-1.937669
Omicron_BA2,A653K,-3.6364996
Omicron_BA2,A653L,-6.209114
Omicron_BA2,A653M,-3.7136438
Omicron_BA2,A653N,-4.2327895
Omicron_BA2,A653P,-5.321561
Omicron_BA2,A653Q,-3.9264805
Omicron_BA2,A653R,-4.662969
Omicron_BA2,A653S,-6.574297
Omicron_BA2,A653T,-2.5226295
Omicron_BA2,A653V,-0.36167362000000003
Omicron_BA2,A653W,-3.2971501
Omicron_BA2,A653Y,-3.173642
Omicron_BA2,A653*,-3.8668377
Omicron_BA2,E654A,-0.25299066
Omicron_BA2,E654D,-0.3940140000000001
Omicron_BA2,E654G,-1.3473642
Omicron_BA2,E654K,-0.01798082
Omicron_BA2,E654Q,0.07310628
Omicron_BA2,E654R,0.068535805
Omicron_BA2,E654T,0.16637999
Omicron_BA2,E654V,-0.050302025400000006
Omicron_BA2,E654*,-2.3055189
Omicron_BA2,E654-,-0.4362673
Omicron_BA2,Y655A,-1.934132
Omicron_BA2,Y655C,-2.4459631
Omicron_BA2,Y655D,-3.6685476
Omicron_BA2,Y655E,-3.0183065
Omicron_BA2,Y655F,-0.18180515
Omicron_BA2,Y655G,-2.7119076
Omicron_BA2,Y655H,-0.79143806
Omicron_BA2,Y655I,-1.4233544
Omicron_BA2,Y655K,-0.75773841
Omicron_BA2,Y655L,-0.77983916
Omicron_BA2,Y655M,-0.5674673
Omicron_BA2,Y655N,-2.0967407
Omicron_BA2,Y655P,-1.7450436
Omicron_BA2,Y655Q,-1.809377
Omicron_BA2,Y655R,-0.9420957299999999
Omicron_BA2,Y655S,-2.5607836
Omicron_BA2,Y655T,-2.1518545
Omicron_BA2,Y655V,-0.92467259
Omicron_BA2,Y655W,0.035493549999999985
Omicron_BA2,Y655*,-3.9276419
Omicron_BA2,Y655-,-0.6448843
Omicron_BA2,V656A,-1.2549801
Omicron_BA2,V656E,-1.0552968
Omicron_BA2,V656I,-0.5187303050000001
Omicron_BA2,V656L,-0.95620847
Omicron_BA2,V656M,-0.805887
Omicron_BA2,V656Q,-2.0423872
Omicron_BA2,V656T,-0.18900928
Omicron_BA2,N657D,-0.217837735
Omicron_BA2,N657H,-0.18273023
Omicron_BA2,N657I,-0.86832684
Omicron_BA2,N657K,-0.2426906
Omicron_BA2,N657S,-0.26789668
Omicron_BA2,N657T,-0.23352198
Omicron_BA2,N657Y,-0.45369202
Omicron_BA2,N657-,-1.6954942
Omicron_BA2,N658D,0.036872670000000024
Omicron_BA2,N658G,1.2055869
Omicron_BA2,N658H,-0.0063078413
Omicron_BA2,N658I,-0.028046127
Omicron_BA2,N658K,0.211089738
Omicron_BA2,N658S,-0.32217796
Omicron_BA2,N658T,0.061257295
Omicron_BA2,N658V,0.27258924
Omicron_BA2,N658Y,-0.062463608725
Omicron_BA2,S659A,-0.16938847
Omicron_BA2,S659F,-0.99625003
Omicron_BA2,S659L,-0.5160478
Omicron_BA2,S659P,-0.83979684
Omicron_BA2,S659T,0.044352856
Omicron_BA2,S659Y,-0.5223836
Omicron_BA2,S659-,-0.7967376
Omicron_BA2,Y660C,-2.264954
Omicron_BA2,Y660D,-1.7796904
Omicron_BA2,Y660F,-0.1273944
Omicron_BA2,Y660H,-0.35856808
Omicron_BA2,Y660K,-0.41848606
Omicron_BA2,Y660L,0.054440144
Omicron_BA2,Y660N,-1.7456051
Omicron_BA2,Y660*,-1.4440631
Omicron_BA2,Y660-,-2.2254207
Omicron_BA2,E661A,0.11116504999999999
Omicron_BA2,E661D,-0.07772390500000001
Omicron_BA2,E661G,-0.7999348
Omicron_BA2,E661K,-0.21050797
Omicron_BA2,E661Q,-0.1012438
Omicron_BA2,E661V,-0.06655044999999998
Omicron_BA2,E661*,-3.764451
Omicron_BA2,E661-,-0.9343724
Omicron_BA2,C662F,-2.2279892
Omicron_BA2,C662G,-2.381458
Omicron_BA2,C662R,-2.237506
Omicron_BA2,C662S,1.712495
Omicron_BA2,C662W,0.0
Omicron_BA2,C662Y,-3.6674244
Omicron_BA2,C662*,-0.6357619
Omicron_BA2,C662-,-2.7952752
Omicron_BA2,D663A,0.0
Omicron_BA2,D663E,-2.7940004
Omicron_BA2,D663G,-4.800295
Omicron_BA2,D663H,0.0
Omicron_BA2,D663N,-3.6844814
Omicron_BA2,D663R,-2.4612474
Omicron_BA2,D663Y,-2.6348197
Omicron_BA2,D663-,-1.4198377
Omicron_BA2,I664F,-3.167688
Omicron_BA2,I664K,-2.7453418
Omicron_BA2,I664L,-3.418027
Omicron_BA2,I664N,0.0
Omicron_BA2,I664T,-3.2265103
Omicron_BA2,I664V,-1.3997678
Omicron_BA2,I664-,-3.0725472
Omicron_BA2,P665H,-1.577256
Omicron_BA2,P665Q,-4.3038707
Omicron_BA2,P665S,-4.008485
Omicron_BA2,P665T,-3.7654302
Omicron_BA2,P665-,-1.7208984
Omicron_BA2,I666C,-1.3263222
Omicron_BA2,I666L,-1.0498444
Omicron_BA2,I666N,-4.5608454
Omicron_BA2,I666S,-3.0710108
Omicron_BA2,I666T,0.0
Omicron_BA2,I666V,-0.25374377
Omicron_BA2,I666-,1.1807239
Omicron_BA2,G667A,-1.0123981
Omicron_BA2,G667C,-0.08413228
Omicron_BA2,G667E,-3.0647845
Omicron_BA2,G667F,-2.8713224
Omicron_BA2,G667R,-3.667837
Omicron_BA2,G667S,-1.1332545
Omicron_BA2,G667V,-3.292866
Omicron_BA2,G667*,-1.6370146
Omicron_BA2,G667-,-2.2937682
Omicron_BA2,A668E,-0.72045135
Omicron_BA2,A668G,-0.10800668
Omicron_BA2,A668R,0.0
Omicron_BA2,A668S,-0.25613508
Omicron_BA2,A668T,-1.5000141
Omicron_BA2,A668V,-0.7843017
Omicron_BA2,A668-,-1.2597111
Omicron_BA2,G669A,-1.9980212
Omicron_BA2,G669C,-3.2783427
Omicron_BA2,G669D,-4.097181
Omicron_BA2,G669N,-3.2966783
Omicron_BA2,G669R,-2.5068421
Omicron_BA2,G669S,-4.1629543
Omicron_BA2,G669V,-2.1614132
Omicron_BA2,G669-,-1.9060078
Omicron_BA2,I670L,0.18063508
Omicron_BA2,I670M,-0.5967929
Omicron_BA2,I670N,-0.93908197
Omicron_BA2,I670R,0.0
Omicron_BA2,I670T,-1.5947235
Omicron_BA2,I670V,-0.1493138
Omicron_BA2,C671F,0.80777496
Omicron_BA2,C671G,-1.2238635
Omicron_BA2,C671R,-6.4985805
Omicron_BA2,C671S,-3.0204823
Omicron_BA2,C671Y,-3.7796288
Omicron_BA2,C671*,-1.2157786
Omicron_BA2,A672D,-3.2453794
Omicron_BA2,A672R,-2.221605
Omicron_BA2,A672S,-1.7008494
Omicron_BA2,A672T,-1.0870111599999999
Omicron_BA2,A672V,-0.050191825
Omicron_BA2,A672-,-0.3130881
Omicron_BA2,S673A,-1.7397199
Omicron_BA2,S673F,-2.7578475
Omicron_BA2,S673G,-0.7530059
Omicron_BA2,S673I,-3.307913
Omicron_BA2,S673L,-2.8101919
Omicron_BA2,S673P,-4.41801
Omicron_BA2,S673R,0.163924
Omicron_BA2,S673T,0.14121127
Omicron_BA2,S673Y,-2.9862192
Omicron_BA2,Y674C,-2.298095
Omicron_BA2,Y674D,0.0
Omicron_BA2,Y674F,0.0012906799999999885
Omicron_BA2,Y674H,-0.8867802
Omicron_BA2,Y674*,-1.8317783
Omicron_BA2,Y674-,0.0
Omicron_BA2,Q675E,0.0
Omicron_BA2,Q675H,-0.118885979
Omicron_BA2,Q675K,-0.016480299
Omicron_BA2,Q675L,0.04174729
Omicron_BA2,Q675N,-0.23555522
Omicron_BA2,Q675P,-0.5049802
Omicron_BA2,Q675R,0.14473683
Omicron_BA2,Q675T,0.27518302
Omicron_BA2,Q675W,0.2778476
Omicron_BA2,Q675*,-3.0811632
Omicron_BA2,Q675-,-0.31193358
Omicron_BA2,T676A,0.025015106
Omicron_BA2,T676I,0.09728986
Omicron_BA2,T676N,0.153205794
Omicron_BA2,T676P,0.046231247
Omicron_BA2,T676R,-0.5256532
Omicron_BA2,T676S,-0.10014736
Omicron_BA2,T676-,0.47387204
Omicron_BA2,Q677A,0.036306445
Omicron_BA2,Q677C,-0.23380338
Omicron_BA2,Q677D,-0.025775755
Omicron_BA2,Q677E,-0.02934455
Omicron_BA2,Q677F,0.017745338
Omicron_BA2,Q677G,-0.059292597
Omicron_BA2,Q677H,0.11851107
Omicron_BA2,Q677I,0.092736214
Omicron_BA2,Q677K,0.007515275
Omicron_BA2,Q677L,0.155206491
Omicron_BA2,Q677M,0.024900222
Omicron_BA2,Q677N,0.14143842
Omicron_BA2,Q677P,0.048017096999999995
Omicron_BA2,Q677R,-0.052349516
Omicron_BA2,Q677S,0.041874524
Omicron_BA2,Q677T,0.10346302
Omicron_BA2,Q677V,0.16933294
Omicron_BA2,Q677W,0.012940361
Omicron_BA2,Q677Y,0.137783212
Omicron_BA2,Q677*,-2.619309
Omicron_BA2,Q677-,0.329715464
Omicron_BA2,T678A,-0.06546033000000001
Omicron_BA2,T678C,-0.473275
Omicron_BA2,T678D,0.0016514703
Omicron_BA2,T678E,0.030260251000000002
Omicron_BA2,T678F,-0.084828824
Omicron_BA2,T678G,-0.008250289999999993
Omicron_BA2,T678H,0.150718768
Omicron_BA2,T678I,0.098455919
Omicron_BA2,T678K,-0.06452660500000001
Omicron_BA2,T678L,0.036573096
Omicron_BA2,T678M,-0.046703666
Omicron_BA2,T678N,0.036419693
Omicron_BA2,T678P,0.006470505
Omicron_BA2,T678Q,0.10564557699999999
Omicron_BA2,T678R,-0.1658339
Omicron_BA2,T678S,-0.0161735
Omicron_BA2,T678V,-0.042908539999999995
Omicron_BA2,T678W,0.10301452
Omicron_BA2,T678Y,-0.07685047
Omicron_BA2,T678*,-2.4368992
Omicron_BA2,T678-,0.022805209999999992
Omicron_BA2,K679A,0.020595667999999998
Omicron_BA2,K679C,-0.23080663
Omicron_BA2,K679D,0.15296285
Omicron_BA2,K679E,0.046621176
Omicron_BA2,K679F,-0.017075492
Omicron_BA2,K679G,0.0792469414
Omicron_BA2,K679H,0.06291732400000001
Omicron_BA2,K679I,-0.044307229999999996
Omicron_BA2,K679L,-0.004320852
Omicron_BA2,K679M,0.028889232000000008
Omicron_BA2,K679N,0.033131860000000006
Omicron_BA2,K679P,0.041879985
Omicron_BA2,K679Q,-0.027539546
Omicron_BA2,K679R,-0.047456313
Omicron_BA2,K679S,0.028606859999999998
Omicron_BA2,K679T,0.008608232
Omicron_BA2,K679V,0.09197703
Omicron_BA2,K679W,-0.050528597
Omicron_BA2,K679Y,0.034437016
Omicron_BA2,K679*,-4.260044
Omicron_BA2,K679-,0.018885627
Omicron_BA2,S680A,0.022601306
Omicron_BA2,S680C,0.22793017
Omicron_BA2,S680F,-0.160742628
Omicron_BA2,S680G,0.037637132
Omicron_BA2,S680H,0.07270844
Omicron_BA2,S680I,0.046331067
Omicron_BA2,S680N,0.09501686
Omicron_BA2,S680P,-0.11984304
Omicron_BA2,S680R,-0.183157157
Omicron_BA2,S680T,0.001739985000000003
Omicron_BA2,S680W,-0.13456783
Omicron_BA2,S680Y,0.041910596
Omicron_BA2,S680-,0.12274529
Omicron_BA2,H681A,0.0027988
Omicron_BA2,H681C,-0.25834185
Omicron_BA2,H681D,0.184191056
Omicron_BA2,H681E,0.031826202
Omicron_BA2,H681F,0.013600503
Omicron_BA2,H681G,-0.011372653
Omicron_BA2,H681I,-0.0874184
Omicron_BA2,H681K,-0.02524638
Omicron_BA2,H681L,0.0856669266
Omicron_BA2,H681M,-0.039019313
Omicron_BA2,H681N,0.017380634
Omicron_BA2,H681P,0.07578075
Omicron_BA2,H681Q,0.0549656
Omicron_BA2,H681R,-0.07544382699999999
Omicron_BA2,H681S,0.03378762
Omicron_BA2,H681T,0.023723748
Omicron_BA2,H681V,0.0296119696995
Omicron_BA2,H681W,-0.022392742
Omicron_BA2,H681Y,0.012210416000000002
Omicron_BA2,H681*,-2.8335311
Omicron_BA2,H681-,0.31108207
Omicron_BA2,R682G,0.29443645
Omicron_BA2,R682H,0.22877914
Omicron_BA2,R682K,0.29920715
Omicron_BA2,R682L,0.147321745
Omicron_BA2,R682M,0.453884039
Omicron_BA2,R682P,0.27980357
Omicron_BA2,R682Q,0.107645094
Omicron_BA2,R682S,0.44003156
Omicron_BA2,R682W,0.27550435
Omicron_BA2,R682-,0.03718875
Omicron_BA2,R683G,0.057265397
Omicron_BA2,R683K,-0.06311996
Omicron_BA2,R683L,0.054080684
Omicron_BA2,R683M,-0.122695642
Omicron_BA2,R683P,0.09339081
Omicron_BA2,R683Q,0.17345761
Omicron_BA2,R683S,-0.0023150146
Omicron_BA2,R683T,0.0
Omicron_BA2,R683W,-0.258461256
Omicron_BA2,R683Y,-0.028354572
Omicron_BA2,A684E,-0.02538598
Omicron_BA2,A684F,0.26226792
Omicron_BA2,A684L,-0.35601705
Omicron_BA2,A684M,0.0
Omicron_BA2,A684P,-0.09834752
Omicron_BA2,A684S,-0.143697834
Omicron_BA2,A684T,-0.10156662699999999
Omicron_BA2,A684V,0.05925385
Omicron_BA2,R685C,0.09379668
Omicron_BA2,R685G,0.31631243
Omicron_BA2,R685H,0.08247632
Omicron_BA2,R685K,0.30397743
Omicron_BA2,R685L,0.3215041
Omicron_BA2,R685M,0.38823516
Omicron_BA2,R685S,0.23429598
Omicron_BA2,R685W,-0.20307538
Omicron_BA2,R685-,3.4412389
Omicron_BA2,S686F,-0.10631931
Omicron_BA2,S686G,-0.017425591
Omicron_BA2,S686I,0.8050544500000001
Omicron_BA2,S686N,0.23713185
Omicron_BA2,S686P,0.22474861000000002
Omicron_BA2,S686R,-0.026518686
Omicron_BA2,S686T,0.20896456
Omicron_BA2,S686Y,-0.09146095
Omicron_BA2,S686-,0.4091181
Omicron_BA2,V687A,-0.082315602
Omicron_BA2,V687E,1.2541785
Omicron_BA2,V687I,0.077978835
Omicron_BA2,V687L,0.0050160633
Omicron_BA2,V687M,-0.1049984
Omicron_BA2,V687S,0.59054595
Omicron_BA2,V687-,0.1772505798
Omicron_BA2,A688C,-0.13371532
Omicron_BA2,A688D,-0.22637859999999999
Omicron_BA2,A688E,-0.050686806
Omicron_BA2,A688F,-0.004931836
Omicron_BA2,A688G,-0.09183838899999999
Omicron_BA2,A688H,0.08690069499999999
Omicron_BA2,A688I,-0.11199801
Omicron_BA2,A688K,-0.0004340708
Omicron_BA2,A688L,-0.073500276
Omicron_BA2,A688M,-0.08852429
Omicron_BA2,A688N,0.062353015
Omicron_BA2,A688P,0.099189475
Omicron_BA2,A688Q,0.10752674699999999
Omicron_BA2,A688R,-0.056077503
Omicron_BA2,A688S,-0.013768889
Omicron_BA2,A688T,0.08934558100000001
Omicron_BA2,A688V,0.0380584
Omicron_BA2,A688W,-0.13772617
Omicron_BA2,A688Y,-0.18826382
Omicron_BA2,A688*,-2.525809
Omicron_BA2,A688-,-0.30510017019999996
Omicron_BA2,S689C,0.0
Omicron_BA2,S689D,-0.19337805
Omicron_BA2,S689G,-0.008634150000000007
Omicron_BA2,S689I,-0.08660546
Omicron_BA2,S689K,0.7314122
Omicron_BA2,S689N,-0.055007864
Omicron_BA2,S689Q,-0.10078353
Omicron_BA2,S689R,0.011753133
Omicron_BA2,S689T,-0.012470947
Omicron_BA2,S689-,-0.87108195
Omicron_BA2,Q690H,0.123481736
Omicron_BA2,Q690K,0.12123091
Omicron_BA2,Q690L,-0.21714035
Omicron_BA2,Q690P,0.04814453
Omicron_BA2,Q690R,-0.014209337
Omicron_BA2,Q690S,-0.23825656
Omicron_BA2,Q690*,0.853091
Omicron_BA2,S691A,-0.07851355
Omicron_BA2,S691C,0.0053557516
Omicron_BA2,S691D,-0.39565763
Omicron_BA2,S691F,-0.41107308
Omicron_BA2,S691G,0.07804031
Omicron_BA2,S691I,-0.43927452
Omicron_BA2,S691N,-0.134411524
Omicron_BA2,S691P,-0.59964746
Omicron_BA2,S691R,0.05599912
Omicron_BA2,S691T,-0.0017195560000000006
Omicron_BA2,S691Y,-0.28889927
Omicron_BA2,I692F,-0.13357666
Omicron_BA2,I692L,-0.3518236
Omicron_BA2,I692M,-0.3619876
Omicron_BA2,I692S,-2.1864417
Omicron_BA2,I692T,-1.7861574
Omicron_BA2,I692V,-1.3819976
Omicron_BA2,I693F,-1.1115714
Omicron_BA2,I693L,-0.6902592
Omicron_BA2,I693N,-2.5044346
Omicron_BA2,I693S,-3.5058734
Omicron_BA2,I693T,-1.933807
Omicron_BA2,I693V,-0.132205126
Omicron_BA2,I693-,0.0
Omicron_BA2,A694D,-0.50585955
Omicron_BA2,A694F,0.19105582
Omicron_BA2,A694P,-2.4103389
Omicron_BA2,A694S,-2.031275
Omicron_BA2,A694T,-1.7281752
Omicron_BA2,A694V,0.073703215
Omicron_BA2,A694-,0.0
Omicron_BA2,Y695C,-0.6619607
Omicron_BA2,Y695D,0.0
Omicron_BA2,Y695F,-0.256065125
Omicron_BA2,Y695H,-4.2442894
Omicron_BA2,Y695N,0.45534773
Omicron_BA2,Y695*,-2.5719287
Omicron_BA2,Y695-,0.0
Omicron_BA2,T696A,-1.6477934
Omicron_BA2,T696I,-0.25629205
Omicron_BA2,T696K,-0.009884899999999974
Omicron_BA2,T696N,-1.9010799
Omicron_BA2,T696S,0.0
Omicron_BA2,T696-,0.0
Omicron_BA2,M697I,-0.24651908399999997
Omicron_BA2,M697K,0.0
Omicron_BA2,M697L,-0.18378487
Omicron_BA2,M697R,-1.4862881
Omicron_BA2,M697T,-3.8340905
Omicron_BA2,M697V,-0.4468911
Omicron_BA2,M697-,0.0
Omicron_BA2,S698A,-1.0172615
Omicron_BA2,S698C,-0.807572
Omicron_BA2,S698G,-0.63903429
Omicron_BA2,S698I,-0.6631841
Omicron_BA2,S698K,0.0
Omicron_BA2,S698L,-0.4937879
Omicron_BA2,S698N,-0.1339415
Omicron_BA2,S698R,0.78363687
Omicron_BA2,S698T,0.0
Omicron_BA2,S698-,0.0
Omicron_BA2,L699F,-3.2013986
Omicron_BA2,L699I,-0.12066765999999998
Omicron_BA2,L699M,-0.43857184
Omicron_BA2,L699P,-1.2934657
Omicron_BA2,L699Q,-2.7162051
Omicron_BA2,L699R,-2.1408985
Omicron_BA2,L699V,0.064388394
Omicron_BA2,G700C,0.0
Omicron_BA2,G700E,-3.2755187
Omicron_BA2,G700R,-3.7676551
Omicron_BA2,G700V,-2.680379
Omicron_BA2,G700*,-1.3345386
Omicron_BA2,G700-,1.390264
Omicron_BA2,A701C,-0.20273716000000003
Omicron_BA2,A701D,-0.125299038
Omicron_BA2,A701E,0.17280858000000004
Omicron_BA2,A701F,-0.7689298
Omicron_BA2,A701G,-0.15830537
Omicron_BA2,A701H,-0.3025432
Omicron_BA2,A701I,-0.38249415
Omicron_BA2,A701K,0.0067569027
Omicron_BA2,A701L,-1.5181941
Omicron_BA2,A701M,-0.29001382
Omicron_BA2,A701N,0.04591205000000001
Omicron_BA2,A701P,0.06306605999999998
Omicron_BA2,A701Q,0.09997403200000002
Omicron_BA2,A701R,-0.00022693199999999913
Omicron_BA2,A701S,0.06024905999999999
Omicron_BA2,A701T,0.080986104
Omicron_BA2,A701V,-0.14064606546
Omicron_BA2,A701W,-0.74325067
Omicron_BA2,A701Y,-0.37362597000000003
Omicron_BA2,A701*,-2.8680956
Omicron_BA2,E702A,0.024644885
Omicron_BA2,E702D,0.03996358
Omicron_BA2,E702G,-0.50341326
Omicron_BA2,E702K,-0.6047319
Omicron_BA2,E702Q,-0.33866650000000004
Omicron_BA2,E702T,0.054762833
Omicron_BA2,E702V,-0.48781368
Omicron_BA2,E702*,-0.32555807
Omicron_BA2,N703D,-0.14575586000000001
Omicron_BA2,N703F,-0.14394133
Omicron_BA2,N703H,0.3174085
Omicron_BA2,N703I,-0.09064579
Omicron_BA2,N703K,0.15423774
Omicron_BA2,N703Q,0.28327835
Omicron_BA2,N703S,-0.030354729999999996
Omicron_BA2,N703T,-0.0436049
Omicron_BA2,N703Y,0.0076593109999999985
Omicron_BA2,S704A,-0.12689303
Omicron_BA2,S704C,0.0
Omicron_BA2,S704F,0.107693546
Omicron_BA2,S704L,-0.30151869
Omicron_BA2,S704M,0.0
Omicron_BA2,S704P,-1.3176002660000001
Omicron_BA2,S704T,0.17291059
Omicron_BA2,S704Y,0.1007761021
Omicron_BA2,V705A,-1.47644094
Omicron_BA2,V705D,-0.9932673
Omicron_BA2,V705E,0.0
Omicron_BA2,V705F,-1.99658236
Omicron_BA2,V705I,0.183755221
Omicron_BA2,V705L,-0.015689794000000003
Omicron_BA2,V705M,-1.2021264
Omicron_BA2,V705P,-0.80699474
Omicron_BA2,A706C,-0.8050432
Omicron_BA2,A706D,-1.629308
Omicron_BA2,A706G,-1.9023391
Omicron_BA2,A706L,-0.8043133
Omicron_BA2,A706P,0.22355522
Omicron_BA2,A706S,-0.82825031
Omicron_BA2,A706T,-1.9593332
Omicron_BA2,A706V,-2.103351
Omicron_BA2,Y707C,-2.1222825
Omicron_BA2,Y707F,-0.30318078
Omicron_BA2,Y707H,-3.3478696
Omicron_BA2,Y707N,0.0
Omicron_BA2,Y707*,-3.4278328
Omicron_BA2,S708A,-0.26554394
Omicron_BA2,S708C,-0.7489271183
Omicron_BA2,S708F,-2.4167676
Omicron_BA2,S708G,-0.214296744
Omicron_BA2,S708I,-2.6569061
Omicron_BA2,S708L,0.0
Omicron_BA2,S708N,-0.16031068000000004
Omicron_BA2,S708P,-1.4920964
Omicron_BA2,S708R,-1.145539
Omicron_BA2,S708T,-0.17065983
Omicron_BA2,N709D,-0.16375573
Omicron_BA2,N709H,0.28833795
Omicron_BA2,N709I,-1.7425065
Omicron_BA2,N709K,-1.9228195
Omicron_BA2,N709S,-1.9240892
Omicron_BA2,N709T,-1.48675601
Omicron_BA2,N709V,-2.1586251
Omicron_BA2,N709Y,-1.3495574
Omicron_BA2,N710D,-0.06492145799999999
Omicron_BA2,N710H,0.00083103613
Omicron_BA2,N710I,-0.21255143
Omicron_BA2,N710K,-0.20319845
Omicron_BA2,N710Q,-1.105218
Omicron_BA2,N710S,-0.4104528
Omicron_BA2,N710T,-0.26500767
Omicron_BA2,N710V,0.130412577
Omicron_BA2,N710Y,-0.31727993
Omicron_BA2,S711A,-1.5702925
Omicron_BA2,S711F,-2.2365926199999997
Omicron_BA2,S711G,0.15189531
Omicron_BA2,S711I,-0.06398111
Omicron_BA2,S711K,-2.8798165
Omicron_BA2,S711L,0.0
Omicron_BA2,S711N,-0.7405962000000001
Omicron_BA2,S711P,-3.2026086
Omicron_BA2,S711R,-0.90882754
Omicron_BA2,S711T,-0.8178947
Omicron_BA2,S711-,0.0
Omicron_BA2,I712L,-2.414205
Omicron_BA2,I712N,-2.6338046
Omicron_BA2,I712S,-3.611355
Omicron_BA2,I712T,-0.66364294
Omicron_BA2,I712V,-1.6666604
Omicron_BA2,I712-,0.0
Omicron_BA2,A713D,-0.5101584
Omicron_BA2,A713G,-1.5050637
Omicron_BA2,A713P,-2.312729
Omicron_BA2,A713Q,-0.1048775
Omicron_BA2,A713S,-0.8812496600000002
Omicron_BA2,A713T,-4.5388527
Omicron_BA2,A713V,-4.056439
Omicron_BA2,A713-,0.0
Omicron_BA2,I714L,-0.7870704
Omicron_BA2,I714M,-2.28288
Omicron_BA2,I714T,-2.0277848
Omicron_BA2,I714V,0.06675270399999998
Omicron_BA2,I714Y,-3.2951024
Omicron_BA2,P715A,0.0
Omicron_BA2,P715L,-3.138572
Omicron_BA2,P715Q,-3.0200834
Omicron_BA2,P715S,-0.92457646
Omicron_BA2,P715T,-2.56198
Omicron_BA2,T716A,-0.8501606999999999
Omicron_BA2,T716C,-0.3855075
Omicron_BA2,T716D,-3.011769
Omicron_BA2,T716E,-0.40870595
Omicron_BA2,T716F,-1.6733065
Omicron_BA2,T716G,-1.3113331
Omicron_BA2,T716H,-0.7665297
Omicron_BA2,T716I,-2.3804634
Omicron_BA2,T716K,-0.63101274
Omicron_BA2,T716L,-0.099575785
Omicron_BA2,T716M,-0.03349814000000001
Omicron_BA2,T716N,-0.78012342
Omicron_BA2,T716P,-2.398214
Omicron_BA2,T716Q,-0.07643475
Omicron_BA2,T716R,-0.339721336
Omicron_BA2,T716S,-0.3344544433
Omicron_BA2,T716V,-4.228965
Omicron_BA2,T716W,-3.7692494
Omicron_BA2,T716Y,-1.6945657
Omicron_BA2,T716*,-2.9644523
Omicron_BA2,N717D,-1.7966139
Omicron_BA2,N717H,-2.2010605
Omicron_BA2,N717K,-1.506239
Omicron_BA2,N717L,-2.222353
Omicron_BA2,N717S,-0.598455
Omicron_BA2,N717T,-2.6974058
Omicron_BA2,N717Y,-0.95003647
Omicron_BA2,F718C,0.0
Omicron_BA2,F718I,-2.8841286
Omicron_BA2,F718L,-2.407213
Omicron_BA2,F718S,-0.35064468
Omicron_BA2,F718V,-1.1563267
Omicron_BA2,F718Y,-1.3352646
Omicron_BA2,T719A,-1.6577086
Omicron_BA2,T719I,-1.1606539999999999
Omicron_BA2,T719N,-0.9967871399999999
Omicron_BA2,T719S,-0.1647327714
Omicron_BA2,T719-,-0.63850904
Omicron_BA2,I720L,-1.4198694
Omicron_BA2,I720M,0.0
Omicron_BA2,I720T,-1.3386798
Omicron_BA2,I720V,-0.5248099
Omicron_BA2,I720-,-1.8258492
Omicron_BA2,S721C,0.0
Omicron_BA2,S721F,-1.1647836
Omicron_BA2,S721G,-0.10390269
Omicron_BA2,S721L,-0.3363895
Omicron_BA2,S721P,-2.3878863
Omicron_BA2,S721R,-0.20321526
Omicron_BA2,S721T,0.013672449
Omicron_BA2,S721Y,-0.67273986
Omicron_BA2,S721-,-1.8893416
Omicron_BA2,V722A,-0.8156619
Omicron_BA2,V722D,-2.0123901
Omicron_BA2,V722E,0.0
Omicron_BA2,V722F,-0.04829739
Omicron_BA2,V722I,-0.117894575
Omicron_BA2,V722L,0.0
Omicron_BA2,V722M,-0.37395498
Omicron_BA2,V722P,-0.015594669
Omicron_BA2,V722-,0.8649899
Omicron_BA2,T723A,-0.01171936
Omicron_BA2,T723I,-0.36048588
Omicron_BA2,T723N,0.42389998
Omicron_BA2,T723S,0.045718994
Omicron_BA2,T723V,0.023977293
Omicron_BA2,T723-,0.0
Omicron_BA2,T724A,-0.4929726
Omicron_BA2,T724I,-0.39942894
Omicron_BA2,T724K,-0.51660544
Omicron_BA2,T724P,-0.035426516
Omicron_BA2,T724S,0.034536757
Omicron_BA2,T724-,0.0
Omicron_BA2,E725D,-0.2082442
Omicron_BA2,E725G,-0.7560994
Omicron_BA2,E725K,-3.8258793
Omicron_BA2,E725Q,0.0
Omicron_BA2,E725V,-1.1195084
Omicron_BA2,E725*,-2.9854262
Omicron_BA2,E725-,0.0
Omicron_BA2,I726K,0.022431998
Omicron_BA2,I726M,0.0
Omicron_BA2,I726N,0.0
Omicron_BA2,I726T,0.06989195
Omicron_BA2,I726V,0.22116186
Omicron_BA2,I726-,0.0
Omicron_BA2,L727I,-0.39655846
Omicron_BA2,L727M,-0.24451572
Omicron_BA2,L727P,-2.1844282
Omicron_BA2,L727Q,-0.3976814
Omicron_BA2,L727V,-0.33608782
Omicron_BA2,L727Y,-1.4284767
Omicron_BA2,L727-,0.0
Omicron_BA2,P728A,0.0
Omicron_BA2,P728H,-2.1052434
Omicron_BA2,P728L,-1.5327342
Omicron_BA2,P728Q,0.0
Omicron_BA2,P728S,-0.5363359999999999
Omicron_BA2,P728T,-1.2387795
Omicron_BA2,P728-,0.0
Omicron_BA2,V729A,-3.3590682
Omicron_BA2,V729C,-0.6259117999999999
Omicron_BA2,V729E,-1.659478
Omicron_BA2,V729L,-0.98457706
Omicron_BA2,V729M,-2.7942188
Omicron_BA2,V729-,0.0
Omicron_BA2,S730C,0.098368905
Omicron_BA2,S730F,-0.363502006
Omicron_BA2,S730G,-2.5466168
Omicron_BA2,S730I,-3.0993981
Omicron_BA2,S730L,-2.1685042
Omicron_BA2,S730N,-4.166417
Omicron_BA2,S730R,-1.0745368
Omicron_BA2,S730V,-0.43715969999999993
Omicron_BA2,S730-,-1.3466116
Omicron_BA2,M731I,-0.8781067
Omicron_BA2,M731K,-2.7919316
Omicron_BA2,M731L,-0.24019769
Omicron_BA2,M731T,-1.5910121
Omicron_BA2,M731V,-1.7727909
Omicron_BA2,M731-,-0.093909204
Omicron_BA2,T732A,0.059236042
Omicron_BA2,T732I,0.029170144000000002
Omicron_BA2,T732K,0.0
Omicron_BA2,T732N,-1.6553687
Omicron_BA2,T732P,0.02598729999999999
Omicron_BA2,T732S,0.034464918
Omicron_BA2,T732V,0.0
Omicron_BA2,T732-,0.0
Omicron_BA2,K733E,-2.472
Omicron_BA2,K733M,0.0
Omicron_BA2,K733N,-2.2921042
Omicron_BA2,K733Q,-2.5657406
Omicron_BA2,K733R,-0.5099641
Omicron_BA2,K733T,0.0
Omicron_BA2,K733-,0.0
Omicron_BA2,T734A,-0.268623605
Omicron_BA2,T734H,-0.7879277
Omicron_BA2,T734I,-0.0406783
Omicron_BA2,T734K,-2.8870826
Omicron_BA2,T734N,-0.8453094
Omicron_BA2,T734S,-0.8080492
Omicron_BA2,T734-,0.0
Omicron_BA2,S735A,-0.145305003
Omicron_BA2,S735D,0.0
Omicron_BA2,S735F,-0.16840443
Omicron_BA2,S735I,-0.80489231
Omicron_BA2,S735L,-0.5399968900000001
Omicron_BA2,S735P,-3.7062347
Omicron_BA2,S735Q,-0.077940464
Omicron_BA2,S735Y,0.08820695
Omicron_BA2,S735-,0.0
Omicron_BA2,V736A,0.0
Omicron_BA2,V736E,-0.45283818
Omicron_BA2,V736G,-2.1172912
Omicron_BA2,V736I,-0.12570725
Omicron_BA2,V736L,-0.7908994
Omicron_BA2,V736M,-1.9683515
Omicron_BA2,V736Y,-2.5516994
Omicron_BA2,V736-,0.0
Omicron_BA2,D737E,-0.91099662
Omicron_BA2,D737G,-3.377754
Omicron_BA2,D737N,-3.0592003
Omicron_BA2,D737Q,-2.4374619
Omicron_BA2,D737V,-0.4180084
Omicron_BA2,D737Y,-0.102047354
Omicron_BA2,D737-,0.0
Omicron_BA2,C738F,-1.2778474
Omicron_BA2,C738G,0.0
Omicron_BA2,C738R,-3.513508
Omicron_BA2,C738S,-2.186066
Omicron_BA2,C738W,-3.0324209
Omicron_BA2,C738Y,-3.436632
Omicron_BA2,C738*,1.576602
Omicron_BA2,C738-,0.0
Omicron_BA2,T739A,0.15718977
Omicron_BA2,T739I,-0.30303162
Omicron_BA2,T739K,-0.5138089
Omicron_BA2,T739L,-0.35195288
Omicron_BA2,T739S,-0.42534176
Omicron_BA2,T739-,0.0
Omicron_BA2,M740F,-0.43120086
Omicron_BA2,M740I,-0.09262287
Omicron_BA2,M740K,-0.28553566
Omicron_BA2,M740L,-0.35813048
Omicron_BA2,M740R,0.30092886
Omicron_BA2,M740S,-0.11072936
Omicron_BA2,M740T,0.0069812555
Omicron_BA2,M740V,0.0702810064
Omicron_BA2,M740-,0.0
Omicron_BA2,Y741C,-0.05868344
Omicron_BA2,Y741F,-0.80969256
Omicron_BA2,Y741H,-3.3869085
Omicron_BA2,Y741P,-2.2708747
Omicron_BA2,Y741V,-2.525499
Omicron_BA2,Y741*,-2.1508343
Omicron_BA2,Y741-,0.0
Omicron_BA2,I742L,-0.39631277
Omicron_BA2,I742N,0.23120959
Omicron_BA2,I742R,-3.1956618
Omicron_BA2,I742S,0.0
Omicron_BA2,I742T,-2.445573
Omicron_BA2,I742V,0.43774936
Omicron_BA2,I742Y,-2.505263
Omicron_BA2,I742-,0.0
Omicron_BA2,C743D,-1.3850018
Omicron_BA2,C743F,-1.1954324
Omicron_BA2,C743G,-2.6295521
Omicron_BA2,C743H,-2.310344
Omicron_BA2,C743R,-3.715957
Omicron_BA2,C743S,-2.7066386
Omicron_BA2,C743Y,-3.76998
Omicron_BA2,C743-,0.0
Omicron_BA2,G744D,-1.9846573
Omicron_BA2,G744E,-0.51412584
Omicron_BA2,G744Q,-1.0163847
Omicron_BA2,G744R,-0.6545721400000001
Omicron_BA2,G744S,-0.23996663699999998
Omicron_BA2,G744V,-1.4687022
Omicron_BA2,G744*,-1.5391985
Omicron_BA2,G744-,0.0
Omicron_BA2,D745A,0.013700228
Omicron_BA2,D745E,-0.6395787
Omicron_BA2,D745G,0.08738493
Omicron_BA2,D745H,-0.56552726
Omicron_BA2,D745N,-2.7543108
Omicron_BA2,D745V,0.10277704
Omicron_BA2,D745Y,-0.15958671
Omicron_BA2,D745-,0.0
Omicron_BA2,S746G,-1.5025582
Omicron_BA2,S746I,-0.520844
Omicron_BA2,S746N,-0.40278873
Omicron_BA2,S746R,0.1172885
Omicron_BA2,S746T,0.546196
Omicron_BA2,S746-,0.0
Omicron_BA2,T747A,0.075055294
Omicron_BA2,T747I,0.039591994
Omicron_BA2,T747K,0.0
Omicron_BA2,T747N,-0.17623665500000002
Omicron_BA2,T747P,-0.3352739
Omicron_BA2,T747S,-0.10684409
Omicron_BA2,T747V,-0.15168475
Omicron_BA2,T747-,0.0
Omicron_BA2,E748A,0.0
Omicron_BA2,E748D,0.077394834
Omicron_BA2,E748G,-0.6622758
Omicron_BA2,E748K,-0.27393618
Omicron_BA2,E748Q,-0.05666365000000001
Omicron_BA2,E748R,-0.39471722
Omicron_BA2,E748V,-0.29576852000000003
Omicron_BA2,E748*,-2.2048836
Omicron_BA2,E748-,0.0
Omicron_BA2,C749F,-2.0112112
Omicron_BA2,C749G,0.7219331
Omicron_BA2,C749L,-2.731407
Omicron_BA2,C749R,0.0
Omicron_BA2,C749S,-1.8346598
Omicron_BA2,C749W,0.0
Omicron_BA2,C749Y,-4.567046
Omicron_BA2,C749*,1.519029
Omicron_BA2,C749-,0.0
Omicron_BA2,S750C,-0.627296946
Omicron_BA2,S750G,0.082018965
Omicron_BA2,S750I,-0.30597937
Omicron_BA2,S750K,-0.07848752
Omicron_BA2,S750N,-0.024532918
Omicron_BA2,S750R,-0.17982702
Omicron_BA2,S750T,-0.0328312
Omicron_BA2,S750Y,1.3916885e-05
Omicron_BA2,S750-,0.0
Omicron_BA2,N751D,-0.002013259999999989
Omicron_BA2,N751F,-0.09114757999999999
Omicron_BA2,N751I,-0.17794068
Omicron_BA2,N751K,0.09897855
Omicron_BA2,N751R,0.0
Omicron_BA2,N751S,0.05634342
Omicron_BA2,N751T,0.14558426
Omicron_BA2,N751Y,-0.298171761
Omicron_BA2,N751-,0.0
Omicron_BA2,L752F,-1.5158582
Omicron_BA2,L752I,-0.37479627
Omicron_BA2,L752M,0.14989
Omicron_BA2,L752P,-3.6661048
Omicron_BA2,L752Q,-1.5038428
Omicron_BA2,L752R,-0.5631332
Omicron_BA2,L752V,-0.6338054
Omicron_BA2,L752-,0.0
Omicron_BA2,L753C,-2.5661228
Omicron_BA2,L753F,-1.8402873
Omicron_BA2,L753M,-1.6931776
Omicron_BA2,L753P,-3.4025111
Omicron_BA2,L753Q,-3.7231045
Omicron_BA2,L753V,-0.41870451000000003
Omicron_BA2,L753-,0.0
Omicron_BA2,L754C,-0.40377212
Omicron_BA2,L754F,-0.069112168
Omicron_BA2,L754H,-0.66630095
Omicron_BA2,L754I,-0.08995445
Omicron_BA2,L754P,-0.32274073
Omicron_BA2,L754S,-0.15021093
Omicron_BA2,L754V,-0.08240065199999999
Omicron_BA2,L754W,-0.4483205
Omicron_BA2,L754-,0.0
Omicron_BA2,Q755A,-0.01317366
Omicron_BA2,Q755E,-0.042959128
Omicron_BA2,Q755H,0.0
Omicron_BA2,Q755K,-0.42950304000000006
Omicron_BA2,Q755N,-0.74515194
Omicron_BA2,Q755R,-0.069990635
Omicron_BA2,Q755*,-1.5983279
Omicron_BA2,Q755-,0.0
Omicron_BA2,Y756A,-3.7454908
Omicron_BA2,Y756C,-3.1215224
Omicron_BA2,Y756F,-1.7483269
Omicron_BA2,Y756H,-2.5936356
Omicron_BA2,Y756I,-2.9151793
Omicron_BA2,Y756L,-2.364134
Omicron_BA2,Y756M,-3.034347
Omicron_BA2,Y756*,0.0
Omicron_BA2,G757A,-2.26221
Omicron_BA2,G757C,-2.4556835
Omicron_BA2,G757D,-0.21799400000000002
Omicron_BA2,G757N,-1.3597129
Omicron_BA2,G757S,-0.70584555
Omicron_BA2,G757V,-1.8300303
Omicron_BA2,G757W,-3.5986495
Omicron_BA2,S758A,0.095966952
Omicron_BA2,S758F,-0.653803457
Omicron_BA2,S758G,-0.052746452
Omicron_BA2,S758I,-0.008353867
Omicron_BA2,S758P,-0.35887385000000005
Omicron_BA2,S758Q,0.140330546
Omicron_BA2,S758T,0.047579087
Omicron_BA2,S758V,0.061565332
Omicron_BA2,S758Y,0.21300910199999998
Omicron_BA2,F759C,-1.1466401
Omicron_BA2,F759I,-1.4383885
Omicron_BA2,F759L,-0.8921994
Omicron_BA2,F759S,-0.50798817
Omicron_BA2,F759V,0.02027666
Omicron_BA2,F759Y,-0.01613909
Omicron_BA2,C760F,-0.29223981
Omicron_BA2,C760L,-2.2036378
Omicron_BA2,C760N,0.0
Omicron_BA2,C760R,-3.4381082
Omicron_BA2,C760S,0.0
Omicron_BA2,C760W,0.0
Omicron_BA2,C760Y,-2.679375
Omicron_BA2,C760*,-1.103709
Omicron_BA2,T761A,0.019577548
Omicron_BA2,T761C,-0.89589036
Omicron_BA2,T761E,0.22524086
Omicron_BA2,T761I,-0.18924527
Omicron_BA2,T761K,-0.35605059
Omicron_BA2,T761N,0.101719774
Omicron_BA2,T761R,-0.2723598986
Omicron_BA2,T761S,0.028551886
Omicron_BA2,T761Y,-0.12385521
Omicron_BA2,Q762E,0.6828758
Omicron_BA2,Q762H,-0.8673848
Omicron_BA2,Q762K,-1.6984156
Omicron_BA2,Q762L,-2.396251
Omicron_BA2,Q762N,-0.110991076
Omicron_BA2,Q762R,0.0
Omicron_BA2,Q762T,0.06370902
Omicron_BA2,Q762*,-2.2105157
Omicron_BA2,L763F,-1.038633
Omicron_BA2,L763H,-1.856282
Omicron_BA2,L763I,-0.2907034
Omicron_BA2,L763M,0.20369178
Omicron_BA2,L763P,-1.3269805
Omicron_BA2,L763R,0.0
Omicron_BA2,L763S,-0.62879884
Omicron_BA2,L763V,-0.864702
Omicron_BA2,L763-,0.0
Omicron_BA2,K764A,-0.1900215
Omicron_BA2,K764C,-0.4968518
Omicron_BA2,K764D,-1.893182
Omicron_BA2,K764E,-4.302591
Omicron_BA2,K764F,-1.0219087399999998
Omicron_BA2,K764G,-0.21239534
Omicron_BA2,K764H,-0.52276874
Omicron_BA2,K764I,-1.7522755
Omicron_BA2,K764L,-0.665579416
Omicron_BA2,K764M,-0.23693797
Omicron_BA2,K764N,-0.40552986999999996
Omicron_BA2,K764P,-3.2414722
Omicron_BA2,K764Q,0.084057085
Omicron_BA2,K764R,-0.018381123
Omicron_BA2,K764S,-0.21209739
Omicron_BA2,K764T,-0.38195416400000004
Omicron_BA2,K764V,-0.30927044
Omicron_BA2,K764W,-0.40988721
Omicron_BA2,K764Y,-0.5083205
Omicron_BA2,K764*,-4.0530763
Omicron_BA2,K764-,0.0
Omicron_BA2,R765C,-0.5046602
Omicron_BA2,R765G,-0.18583114
Omicron_BA2,R765H,-0.27662968000000004
Omicron_BA2,R765K,0.16801986
Omicron_BA2,R765L,-0.13730186
Omicron_BA2,R765M,-0.4433016
Omicron_BA2,R765P,0.0
Omicron_BA2,R765Q,0.0
Omicron_BA2,R765S,-0.062722206
Omicron_BA2,R765V,-0.5280564
Omicron_BA2,R765-,0.0
Omicron_BA2,A766C,-0.8632305
Omicron_BA2,A766D,-1.6359172
Omicron_BA2,A766F,-1.0591033
Omicron_BA2,A766G,-1.6553613
Omicron_BA2,A766L,-1.9423532
Omicron_BA2,A766P,0.0
Omicron_BA2,A766S,-0.04861069
Omicron_BA2,A766T,-0.332546
Omicron_BA2,A766V,-0.5371645
Omicron_BA2,A766-,0.0
Omicron_BA2,L767F,-3.377043
Omicron_BA2,L767M,0.06510447
Omicron_BA2,L767P,-2.5303535
Omicron_BA2,L767Q,-1.3616282
Omicron_BA2,L767V,-2.762195
Omicron_BA2,T768A,-0.17565315999999997
Omicron_BA2,T768H,0.1570378
Omicron_BA2,T768I,0.07225454999999997
Omicron_BA2,T768K,-0.6079765
Omicron_BA2,T768N,0.23102551
Omicron_BA2,T768R,-0.45460021
Omicron_BA2,T768S,-0.20322898
Omicron_BA2,T768-,0.0
Omicron_BA2,G769A,-0.30933362000000003
Omicron_BA2,G769C,-0.81639178
Omicron_BA2,G769D,-0.2666661
Omicron_BA2,G769E,-0.21569570767
Omicron_BA2,G769F,-0.27547652
Omicron_BA2,G769H,-0.31843708000000004
Omicron_BA2,G769I,-0.657159
Omicron_BA2,G769K,-0.343850725
Omicron_BA2,G769L,-0.421444666
Omicron_BA2,G769M,-0.23538315
Omicron_BA2,G769N,-0.20541412
Omicron_BA2,G769P,-3.6286447
Omicron_BA2,G769Q,-0.13906246
Omicron_BA2,G769R,-0.44548736
Omicron_BA2,G769S,-0.193057485
Omicron_BA2,G769T,-0.34676123999999997
Omicron_BA2,G769V,-0.57084931
Omicron_BA2,G769W,-0.2414988
Omicron_BA2,G769Y,-0.32740265
Omicron_BA2,G769*,-3.1467469
Omicron_BA2,G769-,0.0
Omicron_BA2,I770L,-0.70831746
Omicron_BA2,I770M,-0.8507973
Omicron_BA2,I770N,-1.9031607
Omicron_BA2,I770T,-1.564708
Omicron_BA2,I770V,-0.17812299999999998
Omicron_BA2,I770-,0.0
Omicron_BA2,A771C,-0.46560320999999993
Omicron_BA2,A771D,-4.3166184
Omicron_BA2,A771E,-2.914236
Omicron_BA2,A771F,-4.7032633
Omicron_BA2,A771G,-0.5024496
Omicron_BA2,A771H,-1.5410349
Omicron_BA2,A771I,-2.5618465
Omicron_BA2,A771K,-3.2856648
Omicron_BA2,A771L,-2.2348082
Omicron_BA2,A771M,-3.3319814
Omicron_BA2,A771N,-0.06834166000000001
Omicron_BA2,A771P,-3.8970506
Omicron_BA2,A771Q,-1.8967236
Omicron_BA2,A771R,-2.6559763
Omicron_BA2,A771S,-0.26476338
Omicron_BA2,A771T,-2.1145163140000003
Omicron_BA2,A771V,-3.4772077
Omicron_BA2,A771W,-3.4537082
Omicron_BA2,A771Y,-2.6271813
Omicron_BA2,A771*,-2.5956361
Omicron_BA2,A771-,0.0
Omicron_BA2,V772A,-0.44135422
Omicron_BA2,V772C,-0.8821495
Omicron_BA2,V772D,0.5283307
Omicron_BA2,V772E,-1.2920138
Omicron_BA2,V772F,-0.73328257
Omicron_BA2,V772G,-1.1009467
Omicron_BA2,V772I,0.013642437
Omicron_BA2,V772L,-0.27568057
Omicron_BA2,V772M,-0.3732842
Omicron_BA2,V772-,0.0
Omicron_BA2,E773D,-0.4210335
Omicron_BA2,E773G,-0.51809216
Omicron_BA2,E773K,-2.499444
Omicron_BA2,E773N,-0.54924744
Omicron_BA2,E773Q,-0.008526663
Omicron_BA2,E773*,-2.5808363
Omicron_BA2,E773-,0.0
Omicron_BA2,Q774H,-1.8897169
Omicron_BA2,Q774K,-3.457106
Omicron_BA2,Q774L,-3.1008298
Omicron_BA2,Q774P,-1.0698076
Omicron_BA2,Q774R,-4.50898
Omicron_BA2,Q774T,-2.54387
Omicron_BA2,Q774*,-3.9135094
Omicron_BA2,Q774-,0.0
Omicron_BA2,D775E,-2.706697
Omicron_BA2,D775G,-2.1909375
Omicron_BA2,D775H,-2.0585756
Omicron_BA2,D775N,-3.1027892
Omicron_BA2,D775Q,-3.1671495
Omicron_BA2,D775R,-3.4730875
Omicron_BA2,D775T,-2.0022311
Omicron_BA2,D775V,0.0
Omicron_BA2,D775Y,-2.9996653
Omicron_BA2,D775-,0.0
Omicron_BA2,K776E,-0.1973504
Omicron_BA2,K776G,0.0
Omicron_BA2,K776M,0.27860084
Omicron_BA2,K776N,-3.5465157
Omicron_BA2,K776Q,0.04658379
Omicron_BA2,K776R,-0.001462340999999999
Omicron_BA2,K776T,0.057491764
Omicron_BA2,K776-,0.0
Omicron_BA2,N777D,-2.7301698
Omicron_BA2,N777H,-1.9197689
Omicron_BA2,N777K,-3.1637068
Omicron_BA2,N777S,-1.5237237
Omicron_BA2,N777T,-3.0358992
Omicron_BA2,N777-,0.0
Omicron_BA2,T778A,-0.35696235
Omicron_BA2,T778H,-1.4579391
Omicron_BA2,T778I,-0.150310816
Omicron_BA2,T778N,-0.47614989
Omicron_BA2,T778P,-1.5962411
Omicron_BA2,T778S,-0.1302040043
Omicron_BA2,T778-,0.0
Omicron_BA2,Q779E,0.14669725
Omicron_BA2,Q779H,0.0005653129
Omicron_BA2,Q779K,-0.17504454
Omicron_BA2,Q779L,-0.27628165
Omicron_BA2,Q779P,-1.8545487
Omicron_BA2,Q779R,-0.12167651
Omicron_BA2,Q779*,0.33201838
Omicron_BA2,Q779-,0.0
Omicron_BA2,E780A,-0.026543325
Omicron_BA2,E780D,0.177533535
Omicron_BA2,E780G,-0.09995697
Omicron_BA2,E780K,-0.15214026
Omicron_BA2,E780Q,-0.047625814
Omicron_BA2,E780R,0.08732446
Omicron_BA2,E780S,-0.5547791
Omicron_BA2,E780V,-0.35788864
Omicron_BA2,E780*,-3.750761
Omicron_BA2,V781A,-1.8569101
Omicron_BA2,V781D,-2.4374275
Omicron_BA2,V781E,0.0
Omicron_BA2,V781F,-2.439583
Omicron_BA2,V781G,0.0
Omicron_BA2,V781I,-0.9749797
Omicron_BA2,V781L,-1.9550885
Omicron_BA2,V781M,-2.4301085
Omicron_BA2,V781S,-2.1355155
Omicron_BA2,F782C,-3.227003
Omicron_BA2,F782I,-2.0275528
Omicron_BA2,F782L,-3.8448992
Omicron_BA2,F782S,-3.828979
Omicron_BA2,F782V,-2.7562757
Omicron_BA2,F782Y,0.2211766
Omicron_BA2,A783C,-0.69989294
Omicron_BA2,A783D,-0.4054019
Omicron_BA2,A783E,-0.44534263
Omicron_BA2,A783G,-0.26447865
Omicron_BA2,A783H,-0.7786135
Omicron_BA2,A783K,-0.9400925
Omicron_BA2,A783P,0.37698144
Omicron_BA2,A783S,-0.30492666
Omicron_BA2,A783T,-0.6761467999999999
Omicron_BA2,A783V,-0.352661141
Omicron_BA2,Q784H,-0.1806620977
Omicron_BA2,Q784K,-0.4957057
Omicron_BA2,Q784L,-0.19366809000000001
Omicron_BA2,Q784P,-0.9445324
Omicron_BA2,Q784R,-0.327792679
Omicron_BA2,Q784S,-0.22997609
Omicron_BA2,Q784*,-3.3194692
Omicron_BA2,V785A,-0.29770955
Omicron_BA2,V785E,0.0
Omicron_BA2,V785F,-1.2055804
Omicron_BA2,V785G,0.0
Omicron_BA2,V785I,-0.07717561
Omicron_BA2,V785L,-0.20731107000000004
Omicron_BA2,V785M,-0.4874992
Omicron_BA2,V785Q,-0.078832185
Omicron_BA2,V785S,-0.2732987
Omicron_BA2,K786E,-0.18107594
Omicron_BA2,K786G,0.0
Omicron_BA2,K786I,0.14198573
Omicron_BA2,K786M,0.0
Omicron_BA2,K786N,-0.08624334
Omicron_BA2,K786Q,0.038892414
Omicron_BA2,K786R,0.15302299
Omicron_BA2,K786T,-0.11367475
Omicron_BA2,Q787A,-0.33967856
Omicron_BA2,Q787H,-0.121026926
Omicron_BA2,Q787K,-0.18947003999999998
Omicron_BA2,Q787L,-0.18981013
Omicron_BA2,Q787N,-1.7428528
Omicron_BA2,Q787R,-0.5442579999999999
Omicron_BA2,Q787*,-4.6636257
Omicron_BA2,I788F,-3.0779624
Omicron_BA2,I788L,0.20157961000000002
Omicron_BA2,I788M,-0.055187985
Omicron_BA2,I788N,-0.79614407
Omicron_BA2,I788T,-1.6417183
Omicron_BA2,I788V,-0.5664308
Omicron_BA2,Y789C,-3.9524717
Omicron_BA2,Y789F,0.0
Omicron_BA2,Y789H,0.057062154999999996
Omicron_BA2,Y789N,-2.0943995
Omicron_BA2,Y789Q,-2.4520063
Omicron_BA2,Y789T,-3.8606498
Omicron_BA2,Y789*,-2.7875745
Omicron_BA2,K790E,-0.9744319
Omicron_BA2,K790I,-0.47463745
Omicron_BA2,K790L,0.7421466
Omicron_BA2,K790M,-0.3495098
Omicron_BA2,K790N,-0.5478177599999999
Omicron_BA2,K790Q,-0.14450806
Omicron_BA2,K790R,0.07029640949999999
Omicron_BA2,K790T,-0.079538524
Omicron_BA2,K790*,0.0
Omicron_BA2,T791A,-0.14233342
Omicron_BA2,T791H,-0.1821625
Omicron_BA2,T791I,-0.12177000600000001
Omicron_BA2,T791K,-0.61104465
Omicron_BA2,T791N,-0.62959075
Omicron_BA2,T791P,-0.09492464
Omicron_BA2,T791R,0.0
Omicron_BA2,T791S,0.0
Omicron_BA2,T791-,-0.8329979
Omicron_BA2,P792H,-0.48565704
Omicron_BA2,P792L,-0.5055332100000001
Omicron_BA2,P792Q,-0.40792203
Omicron_BA2,P792R,-0.48043427
Omicron_BA2,P792S,-0.1673401
Omicron_BA2,P792T,-0.26343805
Omicron_BA2,P792-,-0.47988787
Omicron_BA2,P793L,-0.047730119200000004
Omicron_BA2,P793N,0.04327234299999999
Omicron_BA2,P793Q,0.16215427
Omicron_BA2,P793R,0.27290478
Omicron_BA2,P793S,0.019370029999999983
Omicron_BA2,P793T,-0.007291649999999997
Omicron_BA2,P793-,-0.6816225
Omicron_BA2,I794F,0.080904886
Omicron_BA2,I794L,0.27493283
Omicron_BA2,I794M,0.0
Omicron_BA2,I794N,-0.10798997
Omicron_BA2,I794T,-0.06458284
Omicron_BA2,I794V,0.024193002
Omicron_BA2,K795E,-0.2756118
Omicron_BA2,K795I,0.18943547
Omicron_BA2,K795M,-1.2468886
Omicron_BA2,K795N,0.2316625
Omicron_BA2,K795Q,-0.9867976
Omicron_BA2,K795R,-0.022365409000000003
Omicron_BA2,K795*,-2.1981115
Omicron_BA2,K795-,-2.0794325
Omicron_BA2,Y796A,-0.23691042
Omicron_BA2,Y796C,-0.30371222
Omicron_BA2,Y796D,0.14620452
Omicron_BA2,Y796E,0.2657245
Omicron_BA2,Y796F,-0.3207029
Omicron_BA2,Y796G,0.06193969999999999
Omicron_BA2,Y796H,0.06311598029
Omicron_BA2,Y796I,0.06792561
Omicron_BA2,Y796K,-0.59813726
Omicron_BA2,Y796L,0.0005506299999999964
Omicron_BA2,Y796M,0.14618464
Omicron_BA2,Y796N,0.14498927
Omicron_BA2,Y796P,-1.9154335
Omicron_BA2,Y796Q,-0.15500332
Omicron_BA2,Y796R,-0.8238819
Omicron_BA2,Y796S,0.07134447999999999
Omicron_BA2,Y796T,-0.13082918999999998
Omicron_BA2,Y796V,-0.4305717436
Omicron_BA2,Y796W,-0.6631887
Omicron_BA2,Y796*,-3.9691286
Omicron_BA2,F797C,-0.72344023
Omicron_BA2,F797I,-0.65761083
Omicron_BA2,F797L,0.5054393
Omicron_BA2,F797S,-3.2381742
Omicron_BA2,F797V,-0.667933
Omicron_BA2,F797Y,-0.38435388
Omicron_BA2,F797-,0.43680316
Omicron_BA2,G798A,-0.4836481
Omicron_BA2,G798C,-1.6839049
Omicron_BA2,G798D,0.07208644
Omicron_BA2,G798E,-0.6049489
Omicron_BA2,G798R,-1.9546598
Omicron_BA2,G798S,-0.20520989999999997
Omicron_BA2,G798V,-2.4338224
Omicron_BA2,G798W,-0.4963792
Omicron_BA2,G798*,-1.8832805
Omicron_BA2,G798-,0.0
Omicron_BA2,G799C,-1.4591622
Omicron_BA2,G799D,-2.6686716
Omicron_BA2,G799S,-2.2155259
Omicron_BA2,G799V,-2.4362772
Omicron_BA2,G799W,-3.3168192
Omicron_BA2,G799-,-0.26769376
Omicron_BA2,F800I,-2.7832422
Omicron_BA2,F800L,-3.4765615
Omicron_BA2,F800S,-3.1512938
Omicron_BA2,F800V,-1.7090547
Omicron_BA2,F800Y,-0.36740217
Omicron_BA2,F800-,-1.2412896
Omicron_BA2,N801D,-0.1325542
Omicron_BA2,N801G,-0.33524317
Omicron_BA2,N801I,-1.807478
Omicron_BA2,N801K,-0.49955413
Omicron_BA2,N801S,-0.3729924
Omicron_BA2,N801Y,0.0765355
Omicron_BA2,F802C,0.0
Omicron_BA2,F802I,-2.2809217
Omicron_BA2,F802L,-1.8919098
Omicron_BA2,F802S,-3.0571241
Omicron_BA2,F802Y,0.0
Omicron_BA2,F802-,-2.6747956
Omicron_BA2,S803A,-0.27771917
Omicron_BA2,S803F,-1.8732402
Omicron_BA2,S803G,-0.62722886
Omicron_BA2,S803H,-0.385099193
Omicron_BA2,S803I,-1.0365908
Omicron_BA2,S803L,-1.09025423
Omicron_BA2,S803N,-0.5581032
Omicron_BA2,S803P,0.0
Omicron_BA2,S803R,-0.30918688
Omicron_BA2,S803T,-0.00044253233
Omicron_BA2,S803-,-2.368432
Omicron_BA2,Q804H,-0.53585612
Omicron_BA2,Q804K,-0.1895013093
Omicron_BA2,Q804L,0.09367878000000002
Omicron_BA2,Q804P,-0.33567265
Omicron_BA2,Q804R,-0.24551317
Omicron_BA2,Q804S,0.13712116
Omicron_BA2,Q804T,0.10700861
Omicron_BA2,Q804*,0.0
Omicron_BA2,Q804-,-1.2369932
Omicron_BA2,I805L,-0.033247780000000005
Omicron_BA2,I805M,-0.11540325645
Omicron_BA2,I805N,-2.704699
Omicron_BA2,I805T,-2.0029
Omicron_BA2,I805V,-0.41666555
Omicron_BA2,I805Y,-1.8861603
Omicron_BA2,I805-,-2.5900536
Omicron_BA2,L806F,-0.18883692
Omicron_BA2,L806I,-0.17462409
Omicron_BA2,L806M,-0.027763955000000003
Omicron_BA2,L806P,-2.915509
Omicron_BA2,L806Q,-1.5564091
Omicron_BA2,L806S,-0.99955827
Omicron_BA2,L806V,-0.25765413
Omicron_BA2,L806Y,-1.3348511
Omicron_BA2,P807A,0.0
Omicron_BA2,P807H,-0.43396986
Omicron_BA2,P807L,-0.5611611
Omicron_BA2,P807Q,-0.17302763
Omicron_BA2,P807R,-0.37613964
Omicron_BA2,P807S,-0.035998117999999996
Omicron_BA2,P807T,-0.34359231430000003
Omicron_BA2,P807-,-2.2085438
Omicron_BA2,D808A,-0.6736205599999999
Omicron_BA2,D808E,-0.226904
Omicron_BA2,D808G,-0.8247806599999999
Omicron_BA2,D808H,-0.5863028255
Omicron_BA2,D808I,-0.5759639
Omicron_BA2,D808N,-0.2767865
Omicron_BA2,D808Q,-0.11612242
Omicron_BA2,D808R,-0.73451084
Omicron_BA2,D808S,-0.28657618
Omicron_BA2,D808V,-0.7247636
Omicron_BA2,D808Y,-1.6038324
Omicron_BA2,D808-,-2.3119323
Omicron_BA2,P809A,-0.13322993
Omicron_BA2,P809H,0.027116356
Omicron_BA2,P809L,-0.04099682000000002
Omicron_BA2,P809Q,-0.19194332
Omicron_BA2,P809R,-0.007345480000000015
Omicron_BA2,P809S,0.08573383
Omicron_BA2,P809T,-0.06793103
Omicron_BA2,P809-,-2.182665
Omicron_BA2,S810A,-0.06226824
Omicron_BA2,S810G,-0.048465665
Omicron_BA2,S810I,-0.22676052000000002
Omicron_BA2,S810L,-0.048525393
Omicron_BA2,S810N,-0.24156152
Omicron_BA2,S810P,0.22104739
Omicron_BA2,S810Q,-0.23150454
Omicron_BA2,S810R,-0.12847997
Omicron_BA2,S810T,-0.038487155
Omicron_BA2,S810-,-3.498503
Omicron_BA2,K811E,-1.052277
Omicron_BA2,K811I,0.04247574
Omicron_BA2,K811N,-0.29418247599999997
Omicron_BA2,K811Q,0.11582280000000002
Omicron_BA2,K811R,-0.17149332
Omicron_BA2,K811T,0.12644595
Omicron_BA2,K811*,-1.4118788
Omicron_BA2,K811-,-2.5568285
Omicron_BA2,P812A,0.08261344
Omicron_BA2,P812L,-0.021251450000000005
Omicron_BA2,P812Q,-0.05713567
Omicron_BA2,P812R,-0.26012386
Omicron_BA2,P812S,0.04031102475
Omicron_BA2,P812T,-0.06708074
Omicron_BA2,P812-,-0.17471662
Omicron_BA2,S813A,-0.410208737
Omicron_BA2,S813C,-0.85449374
Omicron_BA2,S813D,-0.16185772
Omicron_BA2,S813E,-0.25369832
Omicron_BA2,S813F,-0.33446604
Omicron_BA2,S813G,-0.0004769000000000023
Omicron_BA2,S813H,-0.45032024
Omicron_BA2,S813I,-0.29958537
Omicron_BA2,S813K,-0.45183823
Omicron_BA2,S813L,-0.23780702999999992
Omicron_BA2,S813M,-0.35065789999999997
Omicron_BA2,S813N,-0.32709193
Omicron_BA2,S813P,-1.062088849
Omicron_BA2,S813Q,-0.231631105
Omicron_BA2,S813R,-0.35850954
Omicron_BA2,S813T,-0.124531675
Omicron_BA2,S813V,-0.05533409
Omicron_BA2,S813W,-0.2843863
Omicron_BA2,S813Y,-0.31391453446
Omicron_BA2,S813*,-2.5473676
Omicron_BA2,S813-,-0.4894669
Omicron_BA2,K814A,0.0
Omicron_BA2,K814E,0.11781656500000001
Omicron_BA2,K814G,0.0
Omicron_BA2,K814M,-0.118081905
Omicron_BA2,K814N,-0.301771024
Omicron_BA2,K814Q,0.141364428
Omicron_BA2,K814R,-0.104871997
Omicron_BA2,K814T,0.314639
Omicron_BA2,R815G,-2.9192429
Omicron_BA2,R815K,-0.0180374253
Omicron_BA2,R815M,-0.27055353
Omicron_BA2,R815S,-1.8489001
Omicron_BA2,R815W,-0.89307076
Omicron_BA2,R815-,-0.9240245
Omicron_BA2,S816C,0.0
Omicron_BA2,S816F,-2.6059792
Omicron_BA2,S816H,-2.4449708
Omicron_BA2,S816P,-2.9967642
Omicron_BA2,S816Y,-2.965159
Omicron_BA2,S816-,-1.7969195
Omicron_BA2,F817I,0.040224146
Omicron_BA2,F817L,0.244905035
Omicron_BA2,F817R,0.0
Omicron_BA2,F817S,0.37272033
Omicron_BA2,F817V,0.24813907
Omicron_BA2,F817Y,-0.41646364
Omicron_BA2,F817-,0.0
Omicron_BA2,I818L,0.0
Omicron_BA2,I818M,0.0
Omicron_BA2,I818N,0.0
Omicron_BA2,I818T,-2.0775821
Omicron_BA2,I818V,-1.6304628
Omicron_BA2,I818-,0.0
Omicron_BA2,E819A,-1.5437354
Omicron_BA2,E819D,-1.1459243
Omicron_BA2,E819G,-2.505141
Omicron_BA2,E819K,-2.7665207
Omicron_BA2,E819Q,0.5955108
Omicron_BA2,E819V,0.0
Omicron_BA2,E819*,-2.9737651
Omicron_BA2,E819-,0.19841187
Omicron_BA2,D820A,-0.8342694
Omicron_BA2,D820E,-0.018512155000000002
Omicron_BA2,D820G,-0.7437849
Omicron_BA2,D820H,-1.1716956
Omicron_BA2,D820I,-2.919741
Omicron_BA2,D820N,-0.4347749
Omicron_BA2,D820V,-1.0348947
Omicron_BA2,D820Y,-1.2317034
Omicron_BA2,D820-,-1.3383964
Omicron_BA2,L821I,0.14806427
Omicron_BA2,L821M,-0.41639617
Omicron_BA2,L821P,-4.859926
Omicron_BA2,L821Q,-0.6806605
Omicron_BA2,L821R,0.62051624
Omicron_BA2,L821V,-0.27362993
Omicron_BA2,L821Y,-1.4832475
Omicron_BA2,L821-,-2.864958
Omicron_BA2,L822F,-0.43898237
Omicron_BA2,L822I,0.09177091
Omicron_BA2,L822M,-0.34165308
Omicron_BA2,L822P,-3.0145998
Omicron_BA2,L822Q,-2.3026187
Omicron_BA2,L822V,-0.4807797
Omicron_BA2,L822-,0.0
Omicron_BA2,F823C,-0.7960886
Omicron_BA2,F823I,-0.6988216
Omicron_BA2,F823L,-0.8164235
Omicron_BA2,F823N,0.0
Omicron_BA2,F823S,-2.4254534
Omicron_BA2,F823V,-1.0562146
Omicron_BA2,F823Y,-0.086176117
Omicron_BA2,F823-,-1.498411
Omicron_BA2,N824D,-0.063287759
Omicron_BA2,N824H,-0.68718326
Omicron_BA2,N824I,-1.5404215
Omicron_BA2,N824K,-0.41685417
Omicron_BA2,N824Q,-2.510804
Omicron_BA2,N824S,-0.013404890000000003
Omicron_BA2,N824T,0.17565581
Omicron_BA2,N824Y,-0.69419146
Omicron_BA2,N824-,0.0
Omicron_BA2,K825E,-0.5371514000000001
Omicron_BA2,K825G,0.0
Omicron_BA2,K825M,-1.1388483
Omicron_BA2,K825N,-3.824825
Omicron_BA2,K825Q,0.025035756
Omicron_BA2,K825R,-0.027396539999999997
Omicron_BA2,K825T,-0.2530893
Omicron_BA2,K825-,0.0
Omicron_BA2,V826A,-2.4813476
Omicron_BA2,V826E,-0.5383021
Omicron_BA2,V826G,-3.1900823
Omicron_BA2,V826I,-0.15861905
Omicron_BA2,V826L,-0.326421849
Omicron_BA2,V826M,-0.1760162
Omicron_BA2,V826S,-3.183984
Omicron_BA2,V826-,-0.05490122
Omicron_BA2,T827A,-0.30265201
Omicron_BA2,T827H,-0.6259019
Omicron_BA2,T827I,-0.20561239
Omicron_BA2,T827K,-0.66537124
Omicron_BA2,T827L,-0.770645
Omicron_BA2,T827N,-0.25185487
Omicron_BA2,T827P,0.0
Omicron_BA2,T827S,-0.23679714
Omicron_BA2,T827Y,-2.1842797
Omicron_BA2,L828F,0.03290944000000001
Omicron_BA2,L828H,0.0
Omicron_BA2,L828I,0.15975043
Omicron_BA2,L828M,0.07246979
Omicron_BA2,L828P,-1.450403
Omicron_BA2,L828Q,-1.1615558
Omicron_BA2,L828V,0.0
Omicron_BA2,A829D,0.14258002
Omicron_BA2,A829G,0.13753694
Omicron_BA2,A829L,-0.1064715
Omicron_BA2,A829P,-0.039925516
Omicron_BA2,A829Q,-0.24429233
Omicron_BA2,A829S,0.082375266
Omicron_BA2,A829T,0.035030026
Omicron_BA2,A829V,-0.261235135
Omicron_BA2,D830E,-0.49807796
Omicron_BA2,D830G,-0.48720087999999995
Omicron_BA2,D830H,-0.3239796
Omicron_BA2,D830K,-1.603351
Omicron_BA2,D830N,-0.31027794
Omicron_BA2,D830Q,-2.3234806
Omicron_BA2,D830R,-2.5131092
Omicron_BA2,D830T,-0.85910636
Omicron_BA2,D830V,-0.5463622
Omicron_BA2,D830Y,-0.6347228
Omicron_BA2,A831D,0.23274832000000004
Omicron_BA2,A831G,0.4222717
Omicron_BA2,A831K,0.1100236
Omicron_BA2,A831S,0.09522641
Omicron_BA2,A831T,-0.022095100000000006
Omicron_BA2,A831V,-0.4619496
Omicron_BA2,A831-,0.91265
Omicron_BA2,G832C,-1.7197981
Omicron_BA2,G832D,-0.127655336181
Omicron_BA2,G832F,-0.098263316
Omicron_BA2,G832N,-0.5712967
Omicron_BA2,G832S,-0.5308338
Omicron_BA2,G832V,-0.65905666
Omicron_BA2,G832-,-0.64997435
Omicron_BA2,F833H,0.1851025
Omicron_BA2,F833I,0.06873829
Omicron_BA2,F833L,-0.109502085
Omicron_BA2,F833S,-0.12140899
Omicron_BA2,F833V,-0.40408278
Omicron_BA2,F833W,-0.94576585
Omicron_BA2,F833Y,0.022113098
Omicron_BA2,F833-,-0.69758564
Omicron_BA2,I834F,-0.03260907
Omicron_BA2,I834L,0.12014313
Omicron_BA2,I834M,-0.024179082
Omicron_BA2,I834N,-0.1069448
Omicron_BA2,I834S,-0.19166808
Omicron_BA2,I834T,0.024373924999999998
Omicron_BA2,I834V,0.114190124
Omicron_BA2,I834-,-1.8506553
Omicron_BA2,K835E,0.07612289579
Omicron_BA2,K835H,-0.061968815
Omicron_BA2,K835I,-0.13942292
Omicron_BA2,K835N,-0.2854956
Omicron_BA2,K835Q,-0.262430866
Omicron_BA2,K835R,-0.173019875
Omicron_BA2,K835T,0.029663716
Omicron_BA2,K835-,0.13606143
Omicron_BA2,Q836E,-0.15745522
Omicron_BA2,Q836H,-0.1599137
Omicron_BA2,Q836K,-0.28677005
Omicron_BA2,Q836L,-0.1421083082
Omicron_BA2,Q836M,0.00013177378
Omicron_BA2,Q836P,-0.07090836
Omicron_BA2,Q836R,-0.32478578999999996
Omicron_BA2,Q836*,-2.677822
Omicron_BA2,Q836-,-1.9790512
Omicron_BA2,Y837C,-2.2193625
Omicron_BA2,Y837D,-0.38634142
Omicron_BA2,Y837F,-0.05692679
Omicron_BA2,Y837H,-0.32858565
Omicron_BA2,Y837L,-1.8966727
Omicron_BA2,Y837N,-1.4502176
Omicron_BA2,Y837S,-1.4167974
Omicron_BA2,Y837W,0.011738834
Omicron_BA2,Y837*,-1.67981
Omicron_BA2,Y837-,0.1831663
Omicron_BA2,G838A,0.11306402
Omicron_BA2,G838C,-1.1415678
Omicron_BA2,G838D,-0.065236196
Omicron_BA2,G838E,0.05994079999999999
Omicron_BA2,G838L,-1.2774453
Omicron_BA2,G838R,-0.07120970000000001
Omicron_BA2,G838S,0.320159988
Omicron_BA2,G838V,-0.19897000399999998
Omicron_BA2,G838*,-2.3767984
Omicron_BA2,G838-,0.53893894
Omicron_BA2,D839A,-0.72281367
Omicron_BA2,D839E,-0.10483824
Omicron_BA2,D839G,-1.2363584
Omicron_BA2,D839H,-1.1844985
Omicron_BA2,D839L,0.0
Omicron_BA2,D839N,-0.41410071000000004
Omicron_BA2,D839S,-0.77569544
Omicron_BA2,D839T,-0.6812449
Omicron_BA2,D839V,-0.65731305
Omicron_BA2,D839Y,-0.3173352
Omicron_BA2,D839-,-0.6531442
Omicron_BA2,C840A,-2.5845606
Omicron_BA2,C840F,-2.3286023
Omicron_BA2,C840G,-2.084787
Omicron_BA2,C840H,0.0
Omicron_BA2,C840R,-0.78429836
Omicron_BA2,C840S,-4.4600644
Omicron_BA2,C840W,0.0
Omicron_BA2,C840Y,-1.7972032
Omicron_BA2,C840*,0.0
Omicron_BA2,C840-,-0.76470107
Omicron_BA2,L841F,-0.298509886
Omicron_BA2,L841I,-0.066565494
Omicron_BA2,L841M,-0.12570451
Omicron_BA2,L841N,-1.0686662
Omicron_BA2,L841P,-1.8705705
Omicron_BA2,L841Q,-0.007178435
Omicron_BA2,L841R,-0.28080705
Omicron_BA2,L841V,-0.25568697
Omicron_BA2,L841-,-1.6255093
Omicron_BA2,G842C,-0.299435
Omicron_BA2,G842D,-0.08038165
Omicron_BA2,G842E,0.040514242
Omicron_BA2,G842N,0.094399035
Omicron_BA2,G842R,0.22600832999999998
Omicron_BA2,G842S,0.00651136
Omicron_BA2,G842V,-0.20807089
Omicron_BA2,G842*,-4.4210467
Omicron_BA2,G842-,0.0
Omicron_BA2,D843A,0.14259008
Omicron_BA2,D843E,0.066789575
Omicron_BA2,D843G,0.006529390000000024
Omicron_BA2,D843H,-0.22244196
Omicron_BA2,D843I,-0.7411616
Omicron_BA2,D843M,-0.20297751
Omicron_BA2,D843N,-0.023578688
Omicron_BA2,D843V,0.0
Omicron_BA2,D843Y,-0.47806337
Omicron_BA2,D843-,0.0
Omicron_BA2,I844F,-0.34229243
Omicron_BA2,I844L,-0.0069146142
Omicron_BA2,I844M,-0.07320747
Omicron_BA2,I844N,0.5913957
Omicron_BA2,I844S,-0.43344086
Omicron_BA2,I844T,-0.24806355000000002
Omicron_BA2,I844V,-0.163917536
Omicron_BA2,A845C,-2.8352726
Omicron_BA2,A845D,-0.7431266900000001
Omicron_BA2,A845E,-1.11118393
Omicron_BA2,A845F,-1.0862808
Omicron_BA2,A845G,-0.157789053
Omicron_BA2,A845H,-0.609958
Omicron_BA2,A845I,-0.846182
Omicron_BA2,A845K,-0.452992
Omicron_BA2,A845L,-1.2979545000000001
Omicron_BA2,A845M,-1.1063641
Omicron_BA2,A845N,-0.6997823
Omicron_BA2,A845P,-0.23748216
Omicron_BA2,A845Q,-0.530874615
Omicron_BA2,A845R,-0.74903202
Omicron_BA2,A845S,-0.25039864
Omicron_BA2,A845T,-0.45974412000000003
Omicron_BA2,A845V,-0.62217206
Omicron_BA2,A845W,-1.4311637
Omicron_BA2,A845Y,-0.94937116
Omicron_BA2,A845*,-3.0940416
Omicron_BA2,A846C,-2.700393
Omicron_BA2,A846D,-2.9692798
Omicron_BA2,A846E,-1.9665425
Omicron_BA2,A846F,-0.52042908
Omicron_BA2,A846G,-0.44123126000000007
Omicron_BA2,A846H,-1.8409699
Omicron_BA2,A846I,-0.6892914
Omicron_BA2,A846K,-2.6195204
Omicron_BA2,A846L,-0.7537771
Omicron_BA2,A846M,-1.045091
Omicron_BA2,A846N,-2.1851792
Omicron_BA2,A846P,-0.019724803
Omicron_BA2,A846Q,-1.8713368
Omicron_BA2,A846R,-1.9468399
Omicron_BA2,A846S,-1.0223309
Omicron_BA2,A846T,-0.953307285
Omicron_BA2,A846V,-0.31866171
Omicron_BA2,A846W,-0.86959365
Omicron_BA2,A846Y,-0.81513731
Omicron_BA2,A846*,-4.551352
Omicron_BA2,R847G,-3.4003935
Omicron_BA2,R847I,-2.6634345
Omicron_BA2,R847K,-0.14806618
Omicron_BA2,R847L,-0.8975856
Omicron_BA2,R847M,-0.0344295
Omicron_BA2,R847N,-1.8574542
Omicron_BA2,R847S,-2.3027942
Omicron_BA2,R847T,-2.3022532
Omicron_BA2,R847W,-1.1266576
Omicron_BA2,D848E,-2.1025121
Omicron_BA2,D848G,-2.3718586
Omicron_BA2,D848N,-5.6938276
Omicron_BA2,D848P,-3.1111574
Omicron_BA2,D848V,-2.8139243
Omicron_BA2,D848Y,-1.569592
Omicron_BA2,L849F,-2.4024312
Omicron_BA2,L849H,-4.025229
Omicron_BA2,L849I,-1.30654157
Omicron_BA2,L849M,-1.0338202
Omicron_BA2,L849P,-3.6861575
Omicron_BA2,L849Q,0.0
Omicron_BA2,L849R,-2.0590591
Omicron_BA2,L849V,0.0
Omicron_BA2,I850F,-0.28506147
Omicron_BA2,I850L,-0.34420740000000005
Omicron_BA2,I850M,0.3400884
Omicron_BA2,I850N,-1.6505363
Omicron_BA2,I850S,-1.464292
Omicron_BA2,I850T,-0.67466855
Omicron_BA2,I850V,-0.50490123
Omicron_BA2,I850-,0.0
Omicron_BA2,C851F,-1.140175
Omicron_BA2,C851I,-4.1277413
Omicron_BA2,C851L,-3.7386491
Omicron_BA2,C851R,-2.9786925
Omicron_BA2,C851S,-1.5239407
Omicron_BA2,C851V,-3.7412283
Omicron_BA2,C851Y,-1.6077539
Omicron_BA2,C851*,-1.5448164
Omicron_BA2,A852D,-0.597342
Omicron_BA2,A852E,-0.5609203
Omicron_BA2,A852G,-0.6822706500000001
Omicron_BA2,A852H,-0.84969085
Omicron_BA2,A852L,0.12486142
Omicron_BA2,A852S,-0.010321249999999949
Omicron_BA2,A852T,0.014851841999999997
Omicron_BA2,A852V,-0.004572385999999998
Omicron_BA2,Q853E,-0.52110654
Omicron_BA2,Q853H,-0.274770008
Omicron_BA2,Q853K,-1.4272345
Omicron_BA2,Q853L,0.030358477
Omicron_BA2,Q853R,-0.28149876
Omicron_BA2,Q853*,-2.9293985
Omicron_BA2,K854E,-1.1815533500000002
Omicron_BA2,K854G,0.0
Omicron_BA2,K854M,0.111633204
Omicron_BA2,K854N,-0.48506229999999984
Omicron_BA2,K854Q,-2.5680234
Omicron_BA2,K854R,0.06494672266
Omicron_BA2,K854S,-1.9301139
Omicron_BA2,K854T,-0.9698914
Omicron_BA2,K854*,-1.8595102
Omicron_BA2,F855I,-1.2881687
Omicron_BA2,F855L,-0.04903966400000001
Omicron_BA2,F855S,-0.55147569
Omicron_BA2,F855V,-3.0511215
Omicron_BA2,F855Y,-0.6969953
Omicron_BA2,K856A,-0.11011469000000002
Omicron_BA2,K856C,-0.6612009600000001
Omicron_BA2,K856D,-2.219167
Omicron_BA2,K856E,-5.2028446
Omicron_BA2,K856F,-0.22611369999999997
Omicron_BA2,K856G,-0.6496179000000002
Omicron_BA2,K856H,-0.9171415679999999
Omicron_BA2,K856I,-0.5332152000000001
Omicron_BA2,K856L,-0.3807858999999998
Omicron_BA2,K856M,-0.7737792000000001
Omicron_BA2,K856N,-0.18379900000000005
Omicron_BA2,K856P,-1.70974525
Omicron_BA2,K856Q,-0.8579866
Omicron_BA2,K856R,-0.13439928
Omicron_BA2,K856S,-0.23551270000000013
Omicron_BA2,K856T,-0.8846391000000001
Omicron_BA2,K856V,-0.29565592999999996
Omicron_BA2,K856W,-0.22469748
Omicron_BA2,K856Y,-0.24158775999999998
Omicron_BA2,K856*,-5.3537717
Omicron_BA2,K856-,-1.1279185
Omicron_BA2,G857A,-3.5047488
Omicron_BA2,G857C,-1.8222243
Omicron_BA2,G857E,-3.5354817
Omicron_BA2,G857K,0.0
Omicron_BA2,G857R,-2.9314542
Omicron_BA2,G857S,-3.2360852
Omicron_BA2,G857V,-2.1993747
Omicron_BA2,G857*,-2.7045567
Omicron_BA2,G857-,-2.6854572
Omicron_BA2,L858C,-2.3162327
Omicron_BA2,L858F,-2.1945295
Omicron_BA2,L858H,-3.3739274
Omicron_BA2,L858I,0.09463041999999997
Omicron_BA2,L858M,-0.26497307
Omicron_BA2,L858P,-2.844193
Omicron_BA2,L858V,-0.35044205
Omicron_BA2,L858-,-2.349101
Omicron_BA2,T859A,-0.02949205999999993
Omicron_BA2,T859C,-1.26820091
Omicron_BA2,T859D,-0.74528277
Omicron_BA2,T859E,-0.13322589
Omicron_BA2,T859F,-0.36827138
Omicron_BA2,T859G,0.297534935
Omicron_BA2,T859H,-0.529680491
Omicron_BA2,T859I,-0.4254222999999999
Omicron_BA2,T859K,-2.3153336
Omicron_BA2,T859L,-0.3453708000000001
Omicron_BA2,T859M,-0.29977025
Omicron_BA2,T859N,-0.14276557
Omicron_BA2,T859P,-6.4965324
Omicron_BA2,T859Q,-0.738253
Omicron_BA2,T859R,-1.8541003
Omicron_BA2,T859S,-0.037435869999999996
Omicron_BA2,T859V,-0.057318970000000025
Omicron_BA2,T859W,-0.30818116000000007
Omicron_BA2,T859Y,-0.42648493
Omicron_BA2,T859*,-3.4220672
Omicron_BA2,T859-,-2.053288
Omicron_BA2,V860A,-0.36451933
Omicron_BA2,V860D,-1.8759978
Omicron_BA2,V860F,0.19062822999999995
Omicron_BA2,V860G,-2.1178377
Omicron_BA2,V860I,0.045102666
Omicron_BA2,V860L,-0.04258938000000001
Omicron_BA2,V860M,0.15225506
Omicron_BA2,V860Q,-0.0037175399999999637
Omicron_BA2,V860S,-2.5967464
Omicron_BA2,V860-,-2.2782662
Omicron_BA2,L861C,-2.8218007
Omicron_BA2,L861F,-1.004856
Omicron_BA2,L861M,-0.30523423038
Omicron_BA2,L861P,-3.052957
Omicron_BA2,L861Q,-0.6086042
Omicron_BA2,L861R,-1.163074
Omicron_BA2,L861S,-0.9819855
Omicron_BA2,L861V,-0.22014551
Omicron_BA2,P862A,-0.17462650000000002
Omicron_BA2,P862H,-0.60976975
Omicron_BA2,P862K,-1.8762721
Omicron_BA2,P862L,-0.25590536
Omicron_BA2,P862Q,0.1421775
Omicron_BA2,P862S,-0.37038282999999994
Omicron_BA2,P862T,-0.19004696999999998
Omicron_BA2,P863H,-1.9558873
Omicron_BA2,P863L,-1.5827222
Omicron_BA2,P863Q,-0.2473203
Omicron_BA2,P863S,-0.23767652
Omicron_BA2,P863T,-1.5199893
Omicron_BA2,L864F,-2.2522132
Omicron_BA2,L864M,-1.0985725
Omicron_BA2,L864P,-0.49109578
Omicron_BA2,L864Q,-0.33821476
Omicron_BA2,L864S,-2.4280543
Omicron_BA2,L864V,-1.4315695
Omicron_BA2,L864Y,-3.0338123
Omicron_BA2,L865C,-1.9699247
Omicron_BA2,L865F,0.09834074999999998
Omicron_BA2,L865I,-0.087260045
Omicron_BA2,L865M,-0.07003148
Omicron_BA2,L865P,-3.287101
Omicron_BA2,L865Q,0.0
Omicron_BA2,T866A,-2.3261054
Omicron_BA2,T866C,-1.8762873
Omicron_BA2,T866E,-1.1703275
Omicron_BA2,T866F,-3.3670774
Omicron_BA2,T866I,-1.9724796
Omicron_BA2,T866K,-1.1522554
Omicron_BA2,T866N,-0.3944857
Omicron_BA2,T866S,-1.371696
Omicron_BA2,T866-,-0.19965588
Omicron_BA2,D867A,-0.264186
Omicron_BA2,D867E,-0.8664582557
Omicron_BA2,D867G,-0.47525238
Omicron_BA2,D867H,0.0
Omicron_BA2,D867N,-0.20049146999999998
Omicron_BA2,D867S,-0.43131336
Omicron_BA2,D867T,-0.5708671
Omicron_BA2,D867Y,-0.37545814999999993
Omicron_BA2,D867-,0.0
Omicron_BA2,E868A,0.29876643
Omicron_BA2,E868D,-0.41500464
Omicron_BA2,E868G,0.21971543999999998
Omicron_BA2,E868K,-0.59954345
Omicron_BA2,E868L,-0.1365507
Omicron_BA2,E868Q,-0.0989385
Omicron_BA2,E868S,0.33970255
Omicron_BA2,E868T,-0.27169855
Omicron_BA2,E868V,-0.12878992
Omicron_BA2,E868*,-2.4089234
Omicron_BA2,E868-,0.0
Omicron_BA2,M869F,-3.1007285
Omicron_BA2,M869I,-1.3811082000000001
Omicron_BA2,M869K,-2.4664507
Omicron_BA2,M869L,-2.037772
Omicron_BA2,M869T,-2.36804
Omicron_BA2,M869V,-2.420928
Omicron_BA2,M869-,0.0
Omicron_BA2,I870A,-2.3574417
Omicron_BA2,I870H,-1.7189966
Omicron_BA2,I870K,-4.1453547
Omicron_BA2,I870L,0.085341264
Omicron_BA2,I870M,0.0
Omicron_BA2,I870N,-1.4420196
Omicron_BA2,I870S,-3.0554223
Omicron_BA2,I870T,-0.66730917
Omicron_BA2,I870V,-0.29958475
Omicron_BA2,A871C,-0.6364251
Omicron_BA2,A871D,-1.7183206
Omicron_BA2,A871G,0.0
Omicron_BA2,A871H,-3.9819252
Omicron_BA2,A871I,0.0
Omicron_BA2,A871S,-2.0294785
Omicron_BA2,A871T,-1.31830094
Omicron_BA2,A871V,-0.5405594899999999
Omicron_BA2,Q872E,0.25445023
Omicron_BA2,Q872H,-3.9641533
Omicron_BA2,Q872K,-2.5856805
Omicron_BA2,Q872L,0.32022031
Omicron_BA2,Q872R,-2.9935496
Omicron_BA2,Q872*,-1.8515722
Omicron_BA2,Y873C,-4.0710897
Omicron_BA2,Y873D,-1.0509512
Omicron_BA2,Y873H,-2.0621285
Omicron_BA2,Y873L,-3.7452266
Omicron_BA2,Y873N,0.0
Omicron_BA2,Y873R,-1.6927068
Omicron_BA2,Y873S,-2.9146426
Omicron_BA2,Y873*,-2.7537057
Omicron_BA2,T874A,-1.1885263
Omicron_BA2,T874I,-0.14812683
Omicron_BA2,T874L,-2.5406525
Omicron_BA2,T874N,-2.2950711
Omicron_BA2,T874P,-2.6622279
Omicron_BA2,T874S,-0.6736849
Omicron_BA2,T874V,-0.27036172
Omicron_BA2,S875A,0.589217426
Omicron_BA2,S875D,-4.323301
Omicron_BA2,S875F,-2.414948
Omicron_BA2,S875P,-3.355258
Omicron_BA2,S875Q,-3.5383525
Omicron_BA2,S875T,-1.1216208
Omicron_BA2,S875Y,-1.9339381
Omicron_BA2,A876C,-2.6469362
Omicron_BA2,A876D,-2.4551563
Omicron_BA2,A876L,-2.8524292
Omicron_BA2,A876S,-0.09522080999999993
Omicron_BA2,A876T,-1.2755291
Omicron_BA2,A876V,-2.2229145
Omicron_BA2,L877M,-0.26290509
Omicron_BA2,L877P,-5.252407
Omicron_BA2,L877T,-2.3934445
Omicron_BA2,L877V,0.0
Omicron_BA2,L877-,0.0
Omicron_BA2,L878H,-3.2415657
Omicron_BA2,L878I,-0.18433283
Omicron_BA2,L878M,0.39972454
Omicron_BA2,L878P,-1.7388647
Omicron_BA2,L878Q,-0.37128344
Omicron_BA2,L878S,-1.2491181
Omicron_BA2,L878V,-0.3939408
Omicron_BA2,A879C,-1.7064527
Omicron_BA2,A879D,-3.5726776
Omicron_BA2,A879E,0.0
Omicron_BA2,A879F,-2.0545766
Omicron_BA2,A879G,-1.5787084
Omicron_BA2,A879H,-3.748192
Omicron_BA2,A879P,-3.7721949
Omicron_BA2,A879S,-0.322200082
Omicron_BA2,A879T,-1.4176216
Omicron_BA2,A879V,-0.9516745
Omicron_BA2,G880A,0.0
Omicron_BA2,G880C,-2.2478704
Omicron_BA2,G880D,-3.303142
Omicron_BA2,G880F,-3.8044608
Omicron_BA2,G880R,-1.5887289
Omicron_BA2,G880S,-2.7385845
Omicron_BA2,G880V,-1.2908456
Omicron_BA2,T881A,-0.55933056
Omicron_BA2,T881C,-0.6066801
Omicron_BA2,T881I,-0.70163874
Omicron_BA2,T881N,-0.7764284
Omicron_BA2,T881P,-3.6635077
Omicron_BA2,T881R,-4.0126987
Omicron_BA2,T881S,0.0
Omicron_BA2,T881-,-1.6831076
Omicron_BA2,I882F,-2.2329402
Omicron_BA2,I882L,-0.0057389299999999754
Omicron_BA2,I882N,-1.9972247
Omicron_BA2,I882S,-1.0436308
Omicron_BA2,I882T,-3.5898788
Omicron_BA2,I882V,-2.0508463
Omicron_BA2,T883A,-1.8965638
Omicron_BA2,T883I,-0.05111938000000002
Omicron_BA2,T883N,-3.4252954
Omicron_BA2,T883Q,-2.5589497
Omicron_BA2,T883S,-1.6741473500000001
Omicron_BA2,T883V,0.183954516
Omicron_BA2,S884A,-0.52258825
Omicron_BA2,S884C,-0.32783468099999996
Omicron_BA2,S884F,-1.1222868099999999
Omicron_BA2,S884I,0.0
Omicron_BA2,S884P,-5.3245416
Omicron_BA2,S884Q,-3.575702
Omicron_BA2,S884T,-0.08082557
Omicron_BA2,S884Y,-1.1010646
Omicron_BA2,S884-,-1.1602278
Omicron_BA2,G885A,-0.7178251
Omicron_BA2,G885C,-1.9295301
Omicron_BA2,G885D,-0.03758325000000001
Omicron_BA2,G885E,-0.20504089
Omicron_BA2,G885K,-2.513209
Omicron_BA2,G885S,-0.77448756
Omicron_BA2,G885V,-0.73481673
Omicron_BA2,G885Y,0.0
Omicron_BA2,G885-,-0.14577523
Omicron_BA2,W886C,-0.96055925
Omicron_BA2,W886F,-0.21206188
Omicron_BA2,W886G,-1.0532179
Omicron_BA2,W886L,0.07249653
Omicron_BA2,W886R,-3.0955515
Omicron_BA2,W886Y,-0.39758402
Omicron_BA2,W886*,-2.5061717
Omicron_BA2,T887A,-1.6248914
Omicron_BA2,T887H,0.0
Omicron_BA2,T887I,-2.0618505
Omicron_BA2,T887L,-2.3881998
Omicron_BA2,T887N,-4.068354
Omicron_BA2,T887P,-1.480571
Omicron_BA2,T887S,0.7161462
Omicron_BA2,T887-,-1.5707068
Omicron_BA2,F888A,-0.31592354
Omicron_BA2,F888C,-0.36202207
Omicron_BA2,F888D,-0.64504695
Omicron_BA2,F888I,-0.29495895
Omicron_BA2,F888L,-0.5162592500000001
Omicron_BA2,F888S,-1.954054
Omicron_BA2,F888V,-0.13833696
Omicron_BA2,F888Y,-0.16797484
Omicron_BA2,F888-,0.39843714
Omicron_BA2,G889A,0.021439666
Omicron_BA2,G889C,-0.95026374
Omicron_BA2,G889D,0.0
Omicron_BA2,G889E,-3.4603593
Omicron_BA2,G889L,-3.1331332
Omicron_BA2,G889R,-2.9655788
Omicron_BA2,G889S,-0.22382885
Omicron_BA2,G889V,-1.8904434
Omicron_BA2,G889W,-2.954301
Omicron_BA2,G889*,-2.6820164
Omicron_BA2,G889-,-1.1542972
Omicron_BA2,A890C,-0.83792883
Omicron_BA2,A890E,-1.9207479
Omicron_BA2,A890G,0.0
Omicron_BA2,A890L,0.17818472999999999
Omicron_BA2,A890S,-0.6354088299999999
Omicron_BA2,A890T,-0.25690213
Omicron_BA2,A890V,0.32247595
Omicron_BA2,A890-,-0.035444595
Omicron_BA2,G891A,-1.3364525
Omicron_BA2,G891D,-4.801816
Omicron_BA2,G891E,-3.3645258
Omicron_BA2,G891I,0.0
Omicron_BA2,G891M,-3.2228892
Omicron_BA2,G891R,-3.3524144
Omicron_BA2,G891S,-2.305264
Omicron_BA2,G891V,-1.7069016
Omicron_BA2,G891*,-0.8401866
Omicron_BA2,A892C,-2.9511828
Omicron_BA2,A892E,-1.7603219
Omicron_BA2,A892G,0.16145621
Omicron_BA2,A892P,-3.5423486
Omicron_BA2,A892S,0.10553191
Omicron_BA2,A892T,-0.41124777349999997
Omicron_BA2,A892V,-0.57248247
Omicron_BA2,A893D,0.0
Omicron_BA2,A893E,-2.7597578
Omicron_BA2,A893G,0.0
Omicron_BA2,A893L,-0.2256433
Omicron_BA2,A893P,-0.1715378
Omicron_BA2,A893S,-2.4166384
Omicron_BA2,A893T,-2.6778681
Omicron_BA2,A893V,-2.1219795
Omicron_BA2,L894F,-0.12724347
Omicron_BA2,L894H,-2.6553237
Omicron_BA2,L894I,-1.9096513
Omicron_BA2,L894P,-4.639318
Omicron_BA2,L894R,-1.9906199
Omicron_BA2,L894S,-1.1870804
Omicron_BA2,L894V,-3.3191154
Omicron_BA2,Q895H,-0.5766325
Omicron_BA2,Q895K,-1.9700922
Omicron_BA2,Q895R,-2.1602528
Omicron_BA2,Q895*,-2.273462
Omicron_BA2,I896L,-0.6347125
Omicron_BA2,I896M,-2.166571
Omicron_BA2,I896N,-1.641479
Omicron_BA2,I896R,-3.4032643
Omicron_BA2,I896S,0.0
Omicron_BA2,I896T,-3.2919278
Omicron_BA2,I896V,-2.4588861
Omicron_BA2,P897K,-3.6757987
Omicron_BA2,P897L,-2.9822104
Omicron_BA2,P897M,-3.5349348
Omicron_BA2,P897Q,-2.8558302
Omicron_BA2,P897S,-1.2785031
Omicron_BA2,P897T,-2.3203948
Omicron_BA2,F898L,0.0
Omicron_BA2,F898S,0.0
Omicron_BA2,F898Y,0.0
Omicron_BA2,A899D,-1.3748424
Omicron_BA2,A899L,-2.8733296
Omicron_BA2,A899N,-1.1875294
Omicron_BA2,A899P,0.0
Omicron_BA2,A899S,-0.3074589
Omicron_BA2,A899T,-0.617282
Omicron_BA2,A899V,-0.47937065
Omicron_BA2,M900I,-0.7971906300000001
Omicron_BA2,M900K,-2.7328591
Omicron_BA2,M900L,-0.95597064
Omicron_BA2,M900N,-4.180704
Omicron_BA2,M900Q,-3.3217201
Omicron_BA2,M900T,-2.3532033
Omicron_BA2,M900V,1.016847
Omicron_BA2,M900-,-0.74328566
Omicron_BA2,Q901H,-0.29279593
Omicron_BA2,Q901K,-2.0702598
Omicron_BA2,Q901L,0.0
Omicron_BA2,Q901R,-4.1271415
Omicron_BA2,Q901T,-3.1321685
Omicron_BA2,Q901V,-2.6733193
Omicron_BA2,Q901*,-3.618198
Omicron_BA2,Q901-,-0.47821105
Omicron_BA2,M902I,-2.824613
Omicron_BA2,M902K,-2.236216
Omicron_BA2,M902L,-1.8226936
Omicron_BA2,M902T,0.0
Omicron_BA2,M902V,-1.4282429
Omicron_BA2,A903C,-2.4099553
Omicron_BA2,A903D,-2.831402
Omicron_BA2,A903G,-0.16737653
Omicron_BA2,A903H,-2.1101394
Omicron_BA2,A903L,0.0
Omicron_BA2,A903P,-1.7219176
Omicron_BA2,A903S,-1.7710238
Omicron_BA2,A903T,-3.5687273
Omicron_BA2,Y904C,-1.656238
Omicron_BA2,Y904F,0.125770615
Omicron_BA2,Y904H,-0.28709957
Omicron_BA2,Y904N,-0.76608884
Omicron_BA2,Y904*,-2.3068495
Omicron_BA2,R905G,-3.968115
Omicron_BA2,R905K,-3.5188382
Omicron_BA2,R905M,-3.8553617
Omicron_BA2,R905S,-1.8759055
Omicron_BA2,R905W,-2.3407927
Omicron_BA2,F906I,-1.6465019
Omicron_BA2,F906L,-2.1726778
Omicron_BA2,F906S,-2.5404258
Omicron_BA2,F906Y,-4.0997343
Omicron_BA2,N907D,-1.5685447
Omicron_BA2,N907F,0.0
Omicron_BA2,N907G,0.0
Omicron_BA2,N907H,-0.9408765
Omicron_BA2,N907K,-2.5059578
Omicron_BA2,N907S,0.31873607880000004
Omicron_BA2,N907T,0.190213644
Omicron_BA2,N907Y,-1.2757939
Omicron_BA2,G908A,0.3449446
Omicron_BA2,G908C,-0.51635855
Omicron_BA2,G908D,-2.9439347
Omicron_BA2,G908S,0.04446018
Omicron_BA2,G908V,-2.0982635
Omicron_BA2,I909L,-3.2258172
Omicron_BA2,I909M,-2.1679087
Omicron_BA2,I909N,-1.8787178
Omicron_BA2,I909T,0.0
Omicron_BA2,I909V,-0.09123729
Omicron_BA2,G910A,-0.11320217
Omicron_BA2,G910E,-1.02451174
Omicron_BA2,G910R,-2.1689935
Omicron_BA2,G910V,-2.6024318
Omicron_BA2,G910*,-2.6686785
Omicron_BA2,V911A,0.0
Omicron_BA2,V911E,-1.7193938
Omicron_BA2,V911I,-0.7766636899999999
Omicron_BA2,V911L,-1.782313906
Omicron_BA2,V911M,-2.7362068
Omicron_BA2,T912A,-0.97049914
Omicron_BA2,T912I,-2.5638793
Omicron_BA2,T912K,-1.3618641
Omicron_BA2,T912L,-2.5815558
Omicron_BA2,T912N,-0.5697898
Omicron_BA2,Q913E,0.066056575
Omicron_BA2,Q913H,-3.233466
Omicron_BA2,Q913K,-1.737796
Omicron_BA2,Q913L,-1.8665463
Omicron_BA2,Q913P,-1.7929276
Omicron_BA2,Q913R,-2.3277342
Omicron_BA2,Q913*,-1.3400668
Omicron_BA2,N914C,-2.0275471
Omicron_BA2,N914D,-2.70773
Omicron_BA2,N914G,0.0
Omicron_BA2,N914H,0.0
Omicron_BA2,N914I,-0.784719
Omicron_BA2,N914K,-1.3460689
Omicron_BA2,N914S,-2.530192
Omicron_BA2,N914Y,-3.249473
Omicron_BA2,V915A,-0.24102467
Omicron_BA2,V915E,-2.8250887
Omicron_BA2,V915F,-3.1862054
Omicron_BA2,V915I,-0.342834049
Omicron_BA2,V915L,-3.3208451
Omicron_BA2,V915M,-1.6930673
Omicron_BA2,V915S,-2.496711
Omicron_BA2,L916F,-1.9252787
Omicron_BA2,L916I,-1.2570075
Omicron_BA2,L916P,0.0
Omicron_BA2,Y917C,-1.214322
Omicron_BA2,Y917F,-0.2281039194
Omicron_BA2,Y917H,-2.5917099
Omicron_BA2,Y917N,-1.29236353
Omicron_BA2,Y917P,-2.0040252
Omicron_BA2,Y917*,-1.5533135
Omicron_BA2,E918A,-0.111502454
Omicron_BA2,E918D,-2.0966957
Omicron_BA2,E918G,-0.7984397000000001
Omicron_BA2,E918K,-0.40881499999999993
Omicron_BA2,E918Q,0.23085481000000002
Omicron_BA2,E918T,-2.0403628
Omicron_BA2,E918V,-1.6086822
Omicron_BA2,E918*,-3.0079274
Omicron_BA2,N919D,0.0
Omicron_BA2,N919K,-1.21345845
Omicron_BA2,N919S,-2.0871973
Omicron_BA2,Q920E,-0.9500032
Omicron_BA2,Q920H,-1.7566125639999999
Omicron_BA2,Q920K,-3.735325
Omicron_BA2,Q920L,-1.0677867
Omicron_BA2,Q920P,-2.3975058
Omicron_BA2,Q920R,-2.0964074
Omicron_BA2,Q920*,-2.1203167
Omicron_BA2,K921E,0.294202705
Omicron_BA2,K921I,0.1723
Omicron_BA2,K921N,-0.037438778000000006
Omicron_BA2,K921R,0.08880036
Omicron_BA2,K921T,0.0
Omicron_BA2,L922F,-0.070056416
Omicron_BA2,L922I,-0.13951769999999997
Omicron_BA2,L922M,0.06476468
Omicron_BA2,L922P,-3.0800178
Omicron_BA2,L922Q,1.7230116
Omicron_BA2,L922S,0.19852255
Omicron_BA2,L922V,0.1569713399999999
Omicron_BA2,L922W,0.0
Omicron_BA2,I923D,-2.6030467
Omicron_BA2,I923L,-2.8252084
Omicron_BA2,I923M,-0.44451904
Omicron_BA2,I923N,-2.5224633
Omicron_BA2,I923S,0.0
Omicron_BA2,I923T,0.0
Omicron_BA2,I923V,0.28025448
Omicron_BA2,A924C,-3.288367
Omicron_BA2,A924D,-1.5303308
Omicron_BA2,A924L,-2.677556
Omicron_BA2,A924S,-0.18704914
Omicron_BA2,A924T,-1.8032987
Omicron_BA2,A924V,-0.8057182999999999
Omicron_BA2,N925A,-0.34536448
Omicron_BA2,N925D,-0.07732008
Omicron_BA2,N925I,-1.1923172
Omicron_BA2,N925K,-0.8987513
Omicron_BA2,N925Q,-0.09863341
Omicron_BA2,N925S,-0.18834224
Omicron_BA2,N925T,-0.38140494
Omicron_BA2,N925Y,-0.25321707
Omicron_BA2,N925-,0.0
Omicron_BA2,Q926E,-0.29740548
Omicron_BA2,Q926H,-0.5949312200000001
Omicron_BA2,Q926K,-0.93077815
Omicron_BA2,Q926L,-0.03803473
Omicron_BA2,Q926N,-2.4994166
Omicron_BA2,Q926P,-2.1617618
Omicron_BA2,Q926R,-1.2781525
Omicron_BA2,Q926*,-0.84558284
Omicron_BA2,Q926-,0.0
Omicron_BA2,F927I,-2.213819
Omicron_BA2,F927L,-1.6554632
Omicron_BA2,F927S,-1.3773808
Omicron_BA2,F927V,0.0
Omicron_BA2,F927-,1.1209626
Omicron_BA2,N928D,-1.4450674
Omicron_BA2,N928G,0.0
Omicron_BA2,N928I,-3.7539723
Omicron_BA2,N928K,-4.1473
Omicron_BA2,N928S,-2.174449
Omicron_BA2,N928Y,-2.108206
Omicron_BA2,N928-,-1.3466017
Omicron_BA2,S929C,0.0
Omicron_BA2,S929F,-0.11275977000000004
Omicron_BA2,S929G,-0.04489865
Omicron_BA2,S929I,-0.008832002999999998
Omicron_BA2,S929N,-0.10443098
Omicron_BA2,S929P,-1.8691849
Omicron_BA2,S929R,-0.33309248
Omicron_BA2,S929T,-0.088522896
Omicron_BA2,S929V,-0.5933629
Omicron_BA2,S929Y,-0.096590732
Omicron_BA2,S929-,-0.9691022
Omicron_BA2,A930C,-0.52237684
Omicron_BA2,A930D,-0.71058226
Omicron_BA2,A930G,0.0
Omicron_BA2,A930H,-0.04024395000000003
Omicron_BA2,A930L,-1.8686365
Omicron_BA2,A930P,0.0
Omicron_BA2,A930R,-1.1172173
Omicron_BA2,A930S,-2.8701973
Omicron_BA2,A930T,-4.0453763
Omicron_BA2,A930V,-2.5533497
Omicron_BA2,A930-,-0.062573105
Omicron_BA2,I931F,-0.19502582
Omicron_BA2,I931L,0.1617986
Omicron_BA2,I931M,-0.11496959
Omicron_BA2,I931N,-2.0631378
Omicron_BA2,I931S,0.0
Omicron_BA2,I931T,-1.9669218
Omicron_BA2,I931V,-0.6717655
Omicron_BA2,I931Y,-2.6288946
Omicron_BA2,I931-,1.142612
Omicron_BA2,G932A,0.025579767
Omicron_BA2,G932C,-0.22459307
Omicron_BA2,G932D,0.20668300999999997
Omicron_BA2,G932L,0.19926968
Omicron_BA2,G932R,-0.16922367
Omicron_BA2,G932S,-0.024563616
Omicron_BA2,G932T,0.2052839
Omicron_BA2,G932V,0.037260539999999995
Omicron_BA2,G932W,0.18278828
Omicron_BA2,G932-,-2.9382727
Omicron_BA2,K933E,0.18365955
Omicron_BA2,K933G,-0.47942892
Omicron_BA2,K933I,-0.11346457
Omicron_BA2,K933N,0.1500945
Omicron_BA2,K933P,0.0
Omicron_BA2,K933Q,0.08744597
Omicron_BA2,K933R,0.2890727
Omicron_BA2,K933-,-0.5252877
Omicron_BA2,I934F,0.16794725
Omicron_BA2,I934L,0.050442193
Omicron_BA2,I934M,-0.332894744
Omicron_BA2,I934N,-3.326161
Omicron_BA2,I934Q,-0.5252359
Omicron_BA2,I934T,-0.2192934
Omicron_BA2,I934V,0.10702529200000002
Omicron_BA2,I934-,-2.3390913
Omicron_BA2,Q935E,0.020029649999999996
Omicron_BA2,Q935H,0.162234543
Omicron_BA2,Q935K,0.084613524
Omicron_BA2,Q935L,-0.09618035
Omicron_BA2,Q935P,-0.54612633
Omicron_BA2,Q935R,-0.070694787
Omicron_BA2,Q935S,0.19861822499999998
Omicron_BA2,Q935*,-1.7653656
Omicron_BA2,Q935-,-2.9703867
Omicron_BA2,D936A,0.04260068
Omicron_BA2,D936C,-0.17134705
Omicron_BA2,D936E,0.07495801
Omicron_BA2,D936F,-0.03300121
Omicron_BA2,D936G,-0.10659906000000002
Omicron_BA2,D936H,0.03927727
Omicron_BA2,D936I,-0.0674229926
Omicron_BA2,D936K,-0.09447063
Omicron_BA2,D936L,-0.01760517
Omicron_BA2,D936M,0.035419527
Omicron_BA2,D936N,-0.07924464499999999
Omicron_BA2,D936P,-0.4191418399999999
Omicron_BA2,D936Q,-0.09947306
Omicron_BA2,D936R,-0.04958192
Omicron_BA2,D936S,-0.07808765
Omicron_BA2,D936T,-0.06020115
Omicron_BA2,D936V,-0.0004579769999999983
Omicron_BA2,D936W,-0.11437898000000002
Omicron_BA2,D936Y,0.021943580000000018
Omicron_BA2,D936*,-4.2523885
Omicron_BA2,D936-,-1.880712
Omicron_BA2,S937A,-0.56784532
Omicron_BA2,S937C,-0.26745012
Omicron_BA2,S937F,-0.09467752
Omicron_BA2,S937H,0.28597656
Omicron_BA2,S937L,-0.12696227
Omicron_BA2,S937P,-1.5740902
Omicron_BA2,S937T,0.07672725
Omicron_BA2,S937Y,-0.12986484000000004
Omicron_BA2,S937-,-0.9982265
Omicron_BA2,L938F,-0.24995515769999999
Omicron_BA2,L938I,-0.03401431999999999
Omicron_BA2,L938M,-0.30849594
Omicron_BA2,L938P,-2.2927766
Omicron_BA2,L938Q,-0.99192685
Omicron_BA2,L938R,-1.7703999
Omicron_BA2,L938T,-2.1602454
Omicron_BA2,L938V,-0.8546476
Omicron_BA2,L938-,-0.1835012
Omicron_BA2,S939A,-0.026392730000000003
Omicron_BA2,S939C,-0.22916954999999997
Omicron_BA2,S939D,0.014748079999999997
Omicron_BA2,S939E,0.12031776
Omicron_BA2,S939F,-0.6172176
Omicron_BA2,S939G,0.012425266
Omicron_BA2,S939H,-0.33255566999999997
Omicron_BA2,S939I,-0.26530296
Omicron_BA2,S939K,-0.30758518
Omicron_BA2,S939L,-0.24364780000000003
Omicron_BA2,S939M,-0.053970434
Omicron_BA2,S939N,0.105555736
Omicron_BA2,S939P,-2.653644
Omicron_BA2,S939Q,-0.154985782
Omicron_BA2,S939R,-0.2580006
Omicron_BA2,S939T,-0.10896371999999999
Omicron_BA2,S939V,-0.42990646
Omicron_BA2,S939W,-0.36925539
Omicron_BA2,S939Y,-0.24996624999999995
Omicron_BA2,S939*,-5.1469455
Omicron_BA2,S939-,-0.8271021
Omicron_BA2,S940A,-0.19272153
Omicron_BA2,S940C,-0.3442159
Omicron_BA2,S940F,-0.29489985
Omicron_BA2,S940G,-0.18768066
Omicron_BA2,S940I,-0.35677508
Omicron_BA2,S940N,-0.15856169
Omicron_BA2,S940P,0.29043382
Omicron_BA2,S940R,-0.02065099
Omicron_BA2,S940T,-0.011225384
Omicron_BA2,S940Y,-0.21989605
Omicron_BA2,S940-,-0.07083993
Omicron_BA2,T941A,-0.5042326
Omicron_BA2,T941C,-0.35589942
Omicron_BA2,T941F,-2.0937145
Omicron_BA2,T941I,-1.9710075099999997
Omicron_BA2,T941K,0.2300026
Omicron_BA2,T941P,0.178768016
Omicron_BA2,T941S,0.23904677
Omicron_BA2,T941-,-0.62145734
Omicron_BA2,A942D,0.39332625
Omicron_BA2,A942G,0.0
Omicron_BA2,A942K,0.35714093
Omicron_BA2,A942S,0.06457577
Omicron_BA2,A942T,0.087869545
Omicron_BA2,A942V,0.011915572
Omicron_BA2,A942-,-0.41381812
Omicron_BA2,S943A,-0.20194363
Omicron_BA2,S943C,-0.189141783
Omicron_BA2,S943D,0.137686446
Omicron_BA2,S943E,0.056746986
Omicron_BA2,S943F,0.1367199085
Omicron_BA2,S943G,0.20246797
Omicron_BA2,S943H,-0.19840995600000003
Omicron_BA2,S943I,-0.22500233
Omicron_BA2,S943K,-0.028805319000000003
Omicron_BA2,S943L,-0.16255656
Omicron_BA2,S943M,-0.03861268
Omicron_BA2,S943N,0.09629182999999997
Omicron_BA2,S943P,0.36355477
Omicron_BA2,S943Q,-0.13215801
Omicron_BA2,S943R,-0.22092289
Omicron_BA2,S943T,0.05970752600000001
Omicron_BA2,S943V,-0.08749314999999999
Omicron_BA2,S943W,0.004546832
Omicron_BA2,S943Y,0.080222055
Omicron_BA2,S943*,-2.749562
Omicron_BA2,S943-,-0.89496803
Omicron_BA2,A944C,0.042790204
Omicron_BA2,A944D,-0.8448091
Omicron_BA2,A944P,0.9531299
Omicron_BA2,A944R,0.0
Omicron_BA2,A944S,0.43323122000000003
Omicron_BA2,A944T,0.2224446295
Omicron_BA2,A944V,0.10579027000000002
Omicron_BA2,A944-,-0.09678362
Omicron_BA2,L945C,0.048104886
Omicron_BA2,L945F,-0.89662793
Omicron_BA2,L945I,0.084964685
Omicron_BA2,L945M,-0.08185095000000003
Omicron_BA2,L945P,-3.654101
Omicron_BA2,L945Q,-1.923095
Omicron_BA2,L945R,-1.3971925
Omicron_BA2,L945S,-1.1603072
Omicron_BA2,L945T,0.42026743
Omicron_BA2,L945V,-0.28546977
Omicron_BA2,L945-,-0.38445213
Omicron_BA2,G946A,-0.059441168
Omicron_BA2,G946C,0.094634265
Omicron_BA2,G946D,0.22210056
Omicron_BA2,G946E,0.33753297
Omicron_BA2,G946R,-0.087097384
Omicron_BA2,G946S,-0.04048907
Omicron_BA2,G946T,-0.33609778
Omicron_BA2,G946V,-0.189580182
Omicron_BA2,G946W,-0.058053486
Omicron_BA2,K947E,0.07390344
Omicron_BA2,K947I,0.47020704
Omicron_BA2,K947N,0.07868394000000001
Omicron_BA2,K947Q,0.32616836
Omicron_BA2,K947R,0.15160164
Omicron_BA2,K947T,0.20589541
Omicron_BA2,L948F,-2.4318767
Omicron_BA2,L948H,-1.635847
Omicron_BA2,L948I,-0.06658127
Omicron_BA2,L948M,-2.4925518
Omicron_BA2,L948P,-3.4612083
Omicron_BA2,Q949E,-0.38188735
Omicron_BA2,Q949H,-0.148979295
Omicron_BA2,Q949K,-0.39057249
Omicron_BA2,Q949L,-0.05577843
Omicron_BA2,Q949R,-0.5637108000000001
Omicron_BA2,Q949*,0.0
Omicron_BA2,D950A,-0.10813213799999999
Omicron_BA2,D950C,-0.7149681999999999
Omicron_BA2,D950E,-0.008161189999999985
Omicron_BA2,D950F,-0.6775013999999999
Omicron_BA2,D950G,-0.33463082
Omicron_BA2,D950H,-0.3780969
Omicron_BA2,D950I,-0.978745
Omicron_BA2,D950K,-0.36310774
Omicron_BA2,D950L,-0.50833243
Omicron_BA2,D950M,-0.388998644
Omicron_BA2,D950N,-0.16676752
Omicron_BA2,D950P,-4.186791
Omicron_BA2,D950Q,-0.23862302
Omicron_BA2,D950R,-0.35458063000000006
Omicron_BA2,D950S,-0.16074753
Omicron_BA2,D950T,-0.38118151899999997
Omicron_BA2,D950V,-0.60278882
Omicron_BA2,D950W,-1.0677449
Omicron_BA2,D950Y,-1.16537185
Omicron_BA2,D950*,-3.4751644
Omicron_BA2,V951A,-1.4293259
Omicron_BA2,V951E,-0.5610961
Omicron_BA2,V951G,0.0
Omicron_BA2,V951L,-0.86334926
Omicron_BA2,V951M,-0.16401988
Omicron_BA2,V952A,-0.139769024
Omicron_BA2,V952C,-3.0067832
Omicron_BA2,V952F,-0.48832008
Omicron_BA2,V952H,-2.333447
Omicron_BA2,V952I,-0.004892479999999998
Omicron_BA2,V952L,-0.5945603399999999
Omicron_BA2,V952M,-0.482741358
Omicron_BA2,V952N,-1.0611928
Omicron_BA2,N953D,0.41267928
Omicron_BA2,N953G,0.0
Omicron_BA2,N953I,0.0
Omicron_BA2,N953K,0.006261289000000003
Omicron_BA2,N953L,-0.42100456
Omicron_BA2,N953S,-0.20324124
Omicron_BA2,N953T,0.2893639
Omicron_BA2,H954A,0.12837322
Omicron_BA2,H954C,-0.064034775
Omicron_BA2,H954D,0.202062045
Omicron_BA2,H954E,0.12286459
Omicron_BA2,H954F,0.171733873
Omicron_BA2,H954G,0.10159636999999999
Omicron_BA2,H954I,0.20430982
Omicron_BA2,H954K,0.13276455999999998
Omicron_BA2,H954L,0.1578801715
Omicron_BA2,H954M,0.2812715
Omicron_BA2,H954N,0.094441832
Omicron_BA2,H954P,-6.020396
Omicron_BA2,H954Q,0.20780283700000002
Omicron_BA2,H954R,0.12019851
Omicron_BA2,H954S,0.23030528
Omicron_BA2,H954T,0.276186785
Omicron_BA2,H954V,0.264069037
Omicron_BA2,H954W,-0.033589236
Omicron_BA2,H954Y,0.20049493000000002
Omicron_BA2,H954*,-4.952917
Omicron_BA2,N955D,-2.7034347
Omicron_BA2,N955F,-2.2339702
Omicron_BA2,N955G,0.0
Omicron_BA2,N955H,0.23262861499999998
Omicron_BA2,N955I,-1.6143913
Omicron_BA2,N955K,-2.7983432
Omicron_BA2,N955S,0.45310691000000003
Omicron_BA2,A956D,-1.479463
Omicron_BA2,A956F,-0.02118517999999997
Omicron_BA2,A956H,-0.27273962
Omicron_BA2,A956K,-1.0581902
Omicron_BA2,A956P,-1.6173201
Omicron_BA2,A956S,-0.08603748
Omicron_BA2,A956T,-0.18630184
Omicron_BA2,A956V,0.31018809999999997
Omicron_BA2,Q957E,-0.168791894
Omicron_BA2,Q957H,-0.03954094
Omicron_BA2,Q957K,-0.16781354820000002
Omicron_BA2,Q957L,0.03788844000000002
Omicron_BA2,Q957N,-0.3484902
Omicron_BA2,Q957R,-0.01443212499999999
Omicron_BA2,Q957*,-1.9277358
Omicron_BA2,A958D,0.18725905
Omicron_BA2,A958L,-0.26485768
Omicron_BA2,A958M,-1.6177217
Omicron_BA2,A958P,0.0
Omicron_BA2,A958S,-0.02665643000000001
Omicron_BA2,A958T,-1.27190297
Omicron_BA2,A958V,-2.228237
Omicron_BA2,L959F,-1.228334
Omicron_BA2,L959M,-0.45257738
Omicron_BA2,L959P,-3.4822407
Omicron_BA2,L959W,-1.9969656
Omicron_BA2,L959*,0.0
Omicron_BA2,N960A,-0.007218747
Omicron_BA2,N960D,0.24892446
Omicron_BA2,N960G,0.0
Omicron_BA2,N960K,-0.07298841
Omicron_BA2,N960S,0.031554102676
Omicron_BA2,N960T,0.063620046
Omicron_BA2,N960Y,0.5200074
Omicron_BA2,T961A,-0.04192650000000003
Omicron_BA2,T961I,-0.4352576
Omicron_BA2,T961M,-0.17142238
Omicron_BA2,T961N,0.037911735
Omicron_BA2,T961P,-3.0998185
Omicron_BA2,T961R,-0.615878484
Omicron_BA2,T961S,-0.10514699999999999
Omicron_BA2,L962F,-2.5998561
Omicron_BA2,L962K,-3.6445565
Omicron_BA2,L962M,-2.127561
Omicron_BA2,L962P,-3.595773
Omicron_BA2,L962Q,-2.831832
Omicron_BA2,L962R,-2.1122313
Omicron_BA2,L962T,-2.7761216
Omicron_BA2,V963A,-1.1365618
Omicron_BA2,V963F,1.2709469
Omicron_BA2,V963I,-0.5893895
Omicron_BA2,V963L,-0.05985618599999999
Omicron_BA2,V963M,-0.36200529400000003
Omicron_BA2,K964E,-0.18732716
Omicron_BA2,K964H,-0.08489621
Omicron_BA2,K964I,-0.043064088
Omicron_BA2,K964L,0.03340675
Omicron_BA2,K964M,0.19355616
Omicron_BA2,K964N,-0.010324845
Omicron_BA2,K964R,0.008133399999999999
Omicron_BA2,Q965E,0.0
Omicron_BA2,Q965H,-0.6070427
Omicron_BA2,Q965K,-2.01364232
Omicron_BA2,Q965L,0.0
Omicron_BA2,Q965N,-0.47874559000000005
Omicron_BA2,Q965R,-0.93479383
Omicron_BA2,Q965*,-3.7172678
Omicron_BA2,L966F,-2.3221588
Omicron_BA2,L966H,-0.35017997
Omicron_BA2,L966I,-1.7254567
Omicron_BA2,L966P,-2.2576022
Omicron_BA2,L966R,-1.7831627
Omicron_BA2,S967A,0.03792454
Omicron_BA2,S967C,0.0
Omicron_BA2,S967F,-2.4279108
Omicron_BA2,S967G,-0.06145277
Omicron_BA2,S967N,-1.9014815
Omicron_BA2,S967P,-0.87446016
Omicron_BA2,S967R,-0.6024262
Omicron_BA2,S967T,-0.006519819999999954
Omicron_BA2,S967W,-3.8976545
Omicron_BA2,S967Y,-1.8103327
Omicron_BA2,S968A,-0.082424134
Omicron_BA2,S968C,-0.62290597
Omicron_BA2,S968F,-0.17598070000000002
Omicron_BA2,S968G,-0.49542650000000005
Omicron_BA2,S968I,-0.32785246
Omicron_BA2,S968N,-0.27432728500000003
Omicron_BA2,S968P,-2.6435785
Omicron_BA2,S968R,-1.4434228
Omicron_BA2,S968T,-0.27236952400000003
Omicron_BA2,S968V,-0.39189798
Omicron_BA2,S968Y,0.0
Omicron_BA2,K969A,-4.708079
Omicron_BA2,K969C,-0.6982281999999999
Omicron_BA2,K969D,-3.0290308
Omicron_BA2,K969E,-4.8381977
Omicron_BA2,K969F,-3.8199773
Omicron_BA2,K969G,-4.797811
Omicron_BA2,K969H,-3.1210933
Omicron_BA2,K969I,-4.588453
Omicron_BA2,K969L,-5.8860435
Omicron_BA2,K969M,-4.9606085
Omicron_BA2,K969N,-0.09694289999999994
Omicron_BA2,K969P,-0.4863917
Omicron_BA2,K969Q,-4.3568935
Omicron_BA2,K969R,-0.002301535999999993
Omicron_BA2,K969S,-0.012784620000000024
Omicron_BA2,K969T,-0.13033919000000002
Omicron_BA2,K969V,-4.3818126
Omicron_BA2,K969W,-4.386187
Omicron_BA2,K969Y,-3.762205
Omicron_BA2,K969*,-4.6547656
Omicron_BA2,F970C,0.0
Omicron_BA2,F970I,-2.8192105
Omicron_BA2,F970L,-2.4107025
Omicron_BA2,F970S,-2.4563572
Omicron_BA2,F970Y,-0.5061082
Omicron_BA2,G971A,0.0
Omicron_BA2,G971D,-2.6416388
Omicron_BA2,G971E,-4.008591
Omicron_BA2,G971K,-2.5747833
Omicron_BA2,G971Q,-3.0890753
Omicron_BA2,G971R,-2.9510677
Omicron_BA2,G971V,-2.3285873
Omicron_BA2,G971*,-3.3009326
Omicron_BA2,A972C,0.016032467
Omicron_BA2,A972D,-2.1228232
Omicron_BA2,A972M,-2.378666
Omicron_BA2,A972S,-1.5462992
Omicron_BA2,A972T,-2.7062597
Omicron_BA2,A972V,-4.397259
Omicron_BA2,I973F,-2.1735291
Omicron_BA2,I973L,0.0
Omicron_BA2,I973S,-0.9953752
Omicron_BA2,I973T,-0.89795166
Omicron_BA2,I973V,-0.33789018
Omicron_BA2,S974F,-2.6011956
Omicron_BA2,S974K,-1.821248
Omicron_BA2,S974P,-2.8991017
Omicron_BA2,S974T,-0.30166561000000003
Omicron_BA2,S974Y,-2.0646183
Omicron_BA2,S975F,-1.868548
Omicron_BA2,S975G,-0.2775481
Omicron_BA2,S975M,-4.263774
Omicron_BA2,S975N,0.24584714
Omicron_BA2,S975P,-0.0848354332
Omicron_BA2,S975R,-3.3389835
Omicron_BA2,S975T,0.0
Omicron_BA2,S975Y,-1.1345204
Omicron_BA2,V976A,0.20960274
Omicron_BA2,V976E,1.2135613
Omicron_BA2,V976F,-0.07757387
Omicron_BA2,V976G,-0.7617708
Omicron_BA2,V976I,-0.19715327008
Omicron_BA2,V976L,-0.09727533
Omicron_BA2,V976M,0.16198470999999998
Omicron_BA2,L977M,0.10812669999999999
Omicron_BA2,L977P,-2.1267886
Omicron_BA2,L977Q,0.0
Omicron_BA2,L977R,-1.0798563
Omicron_BA2,L977S,-3.5590353
Omicron_BA2,L977V,0.17165933
Omicron_BA2,N978D,-0.14756995
Omicron_BA2,N978F,-0.5419176
Omicron_BA2,N978H,-0.13811244
Omicron_BA2,N978K,-0.90616095
Omicron_BA2,N978S,-0.17706773
Omicron_BA2,N978T,0.55788237
Omicron_BA2,N978Y,-0.5330144
Omicron_BA2,D979E,0.16669921599999998
Omicron_BA2,D979G,-2.1819186
Omicron_BA2,D979H,-1.5180652
Omicron_BA2,D979N,-2.3299136
Omicron_BA2,D979V,-0.040817211
Omicron_BA2,D979Y,-1.3075036
Omicron_BA2,I980F,-2.3158844
Omicron_BA2,I980L,-0.8023148
Omicron_BA2,I980M,0.0
Omicron_BA2,I980N,-0.9730832
Omicron_BA2,I980T,-0.15305385
Omicron_BA2,I980V,-2.450689
Omicron_BA2,F981A,0.102098055
Omicron_BA2,F981C,0.17001666
Omicron_BA2,F981D,-1.6003224
Omicron_BA2,F981E,0.18864338
Omicron_BA2,F981G,-5.532631
Omicron_BA2,F981H,-0.5429983
Omicron_BA2,F981I,0.493487525
Omicron_BA2,F981K,-4.2441077
Omicron_BA2,F981L,0.2699479345
Omicron_BA2,F981M,-0.09964650459999999
Omicron_BA2,F981N,-0.3984204
Omicron_BA2,F981P,-6.0234337
Omicron_BA2,F981Q,-0.2714836
Omicron_BA2,F981R,-5.9378667
Omicron_BA2,F981S,0.06952331
Omicron_BA2,F981T,0.54718006
Omicron_BA2,F981V,0.6075283
Omicron_BA2,F981W,0.33722702
Omicron_BA2,F981Y,0.34366482
Omicron_BA2,F981*,-3.521277
Omicron_BA2,F981-,-2.2577465
Omicron_BA2,S982A,0.1638702057
Omicron_BA2,S982C,-0.73842713
Omicron_BA2,S982D,-1.9212487
Omicron_BA2,S982E,-1.10349897
Omicron_BA2,S982F,-2.396164
Omicron_BA2,S982G,-0.24036147000000002
Omicron_BA2,S982H,-1.1460435
Omicron_BA2,S982I,-0.42628340000000003
Omicron_BA2,S982K,-2.6978657
Omicron_BA2,S982L,-0.420966
Omicron_BA2,S982M,-0.16185592
Omicron_BA2,S982N,-0.23148466
Omicron_BA2,S982P,-1.8210664
Omicron_BA2,S982Q,-0.3409899
Omicron_BA2,S982R,-0.9437530000000001
Omicron_BA2,S982T,-0.13671010999999997
Omicron_BA2,S982V,-0.10854058
Omicron_BA2,S982W,-1.3239534
Omicron_BA2,S982Y,-0.09262229999999994
Omicron_BA2,S982*,-5.3246017
Omicron_BA2,R983C,-0.19190586
Omicron_BA2,R983G,-1.8425643
Omicron_BA2,R983I,-0.8364306
Omicron_BA2,R983K,-1.7739977
Omicron_BA2,R983N,-3.6267917
Omicron_BA2,R983Q,-2.802455
Omicron_BA2,R983S,0.0
Omicron_BA2,R983T,0.49377805
Omicron_BA2,L984F,-0.4734498
Omicron_BA2,L984K,-2.189849
Omicron_BA2,L984M,-0.19235319
Omicron_BA2,L984P,-3.667499
Omicron_BA2,L984Q,-1.953258
Omicron_BA2,L984R,-0.9762471
Omicron_BA2,L984V,-0.4769632
Omicron_BA2,D985A,-1.1565334
Omicron_BA2,D985E,-0.56823283
Omicron_BA2,D985G,-0.57126004
Omicron_BA2,D985H,-2.558419
Omicron_BA2,D985N,-0.13243667
Omicron_BA2,D985S,0.0
Omicron_BA2,D985T,-1.0069324
Omicron_BA2,D985V,0.0
Omicron_BA2,D985Y,-1.7301059
Omicron_BA2,K986E,-0.26324356
Omicron_BA2,K986G,-0.47426197
Omicron_BA2,K986I,-0.008691896
Omicron_BA2,K986M,-0.1032082
Omicron_BA2,K986N,-0.25037435
Omicron_BA2,K986P,-3.4745347
Omicron_BA2,K986Q,-0.45548688
Omicron_BA2,K986R,-0.13673078
Omicron_BA2,K986T,-0.0706357
Omicron_BA2,V987A,-1.8553214
Omicron_BA2,V987E,-2.4807389
Omicron_BA2,V987F,0.117556009
Omicron_BA2,V987G,-1.4860692
Omicron_BA2,V987I,-0.09342758400000001
Omicron_BA2,V987L,-0.4434252999999999
Omicron_BA2,V987M,-0.010603830000000009
Omicron_BA2,V987-,0.0
Omicron_BA2,E988D,-0.18715882
Omicron_BA2,E988G,-0.2737761000000001
Omicron_BA2,E988K,-1.43138435
Omicron_BA2,E988L,-2.7022703
Omicron_BA2,E988R,-0.6681685
Omicron_BA2,E988V,-2.8921504
Omicron_BA2,E988*,-1.3732634
Omicron_BA2,E988-,0.0
Omicron_BA2,A989C,-4.3267674
Omicron_BA2,A989D,-1.1869283
Omicron_BA2,A989L,-2.85013
Omicron_BA2,A989S,-1.3824081
Omicron_BA2,A989T,-2.58613
Omicron_BA2,A989V,-4.5803924
Omicron_BA2,E990A,0.40011322
Omicron_BA2,E990D,0.26753184
Omicron_BA2,E990G,-0.17679265
Omicron_BA2,E990K,-2.2661293
Omicron_BA2,E990N,0.21014504
Omicron_BA2,E990Q,0.17231122
Omicron_BA2,E990V,-0.30783916
Omicron_BA2,E990*,-2.7586954
Omicron_BA2,V991A,-1.4893202
Omicron_BA2,V991C,-3.6080854
Omicron_BA2,V991D,0.11790631
Omicron_BA2,V991F,0.04217647999999996
Omicron_BA2,V991I,-0.20652309
Omicron_BA2,V991L,-1.7110445
Omicron_BA2,V991M,-0.046675287
Omicron_BA2,Q992H,0.5585528
Omicron_BA2,Q992K,-4.4841976
Omicron_BA2,Q992L,-2.5578654
Omicron_BA2,Q992R,-3.518914
Omicron_BA2,Q992*,-1.5333946
Omicron_BA2,I993L,-0.91668605
Omicron_BA2,I993M,0.0
Omicron_BA2,I993N,-2.4459856
Omicron_BA2,I993S,-2.3714235
Omicron_BA2,I993T,0.60380423
Omicron_BA2,I993V,-0.028872510000000018
Omicron_BA2,D994E,-2.8836577
Omicron_BA2,D994F,-3.7019024
Omicron_BA2,D994G,-2.610137
Omicron_BA2,D994H,0.0
Omicron_BA2,D994N,-1.7458304299999998
Omicron_BA2,D994Y,-1.7617753
Omicron_BA2,R995G,-4.469596
Omicron_BA2,R995H,-3.2791865
Omicron_BA2,R995I,-1.7251792
Omicron_BA2,R995K,-4.989104
Omicron_BA2,R995N,0.0
Omicron_BA2,R995T,0.0
Omicron_BA2,R995*,-2.1227188
Omicron_BA2,L996F,-2.163691
Omicron_BA2,L996M,-4.002943
Omicron_BA2,L996P,-3.5687525
Omicron_BA2,L996Q,-3.1576114
Omicron_BA2,L996R,-2.8550336
Omicron_BA2,L996S,-2.8145332
Omicron_BA2,L996V,-0.082764745
Omicron_BA2,I997L,0.0
Omicron_BA2,I997N,-1.6354073
Omicron_BA2,I997Q,-3.0876517
Omicron_BA2,I997S,0.0
Omicron_BA2,I997T,-0.87558347
Omicron_BA2,I997V,-0.15840042
Omicron_BA2,T998A,0.06847256
Omicron_BA2,T998G,0.14410795
Omicron_BA2,T998I,-0.39392967
Omicron_BA2,T998K,-2.088427
Omicron_BA2,T998S,-0.104576146087
Omicron_BA2,G999A,-1.1688254
Omicron_BA2,G999C,-2.243769
Omicron_BA2,G999D,-5.93315
Omicron_BA2,G999H,0.0
Omicron_BA2,G999N,0.0
Omicron_BA2,G999R,0.0
Omicron_BA2,G999S,-2.1748796
Omicron_BA2,G999V,-2.2399683
Omicron_BA2,R1000G,-2.7633843
Omicron_BA2,R1000H,-3.118202
Omicron_BA2,R1000I,-2.9510813
Omicron_BA2,R1000K,-4.6608887
Omicron_BA2,R1000S,-3.7388058
Omicron_BA2,L1001F,-1.5875444
Omicron_BA2,L1001H,-2.0865984
Omicron_BA2,L1001I,-1.0186455
Omicron_BA2,L1001P,-3.6831982
Omicron_BA2,L1001Q,-2.7019763
Omicron_BA2,L1001V,-1.4125918
Omicron_BA2,Q1002A,-0.32686435
Omicron_BA2,Q1002E,0.25637224
Omicron_BA2,Q1002H,-0.31657536999999997
Omicron_BA2,Q1002K,-3.3857188
Omicron_BA2,Q1002L,-2.7380335
Omicron_BA2,Q1002R,-1.6196902
Omicron_BA2,Q1002*,-2.438467
Omicron_BA2,S1003A,0.0
Omicron_BA2,S1003D,-3.7914083
Omicron_BA2,S1003F,-0.31962710299999997
Omicron_BA2,S1003I,0.62632513
Omicron_BA2,S1003P,-0.4428963
Omicron_BA2,S1003T,-0.18063085
Omicron_BA2,S1003Y,-0.85146606
Omicron_BA2,L1004A,-2.1741478
Omicron_BA2,L1004F,-2.266062
Omicron_BA2,L1004H,-1.1988647
Omicron_BA2,L1004I,-1.9004416
Omicron_BA2,L1004P,-2.971135
Omicron_BA2,L1004R,-1.7192334
Omicron_BA2,L1004S,-1.7256095
Omicron_BA2,Q1005H,-1.41495481
Omicron_BA2,Q1005K,-2.3216093
Omicron_BA2,Q1005L,-0.7500305
Omicron_BA2,Q1005R,-3.872196
Omicron_BA2,Q1005*,-1.9441446
Omicron_BA2,T1006A,0.08609603
Omicron_BA2,T1006F,0.22850366
Omicron_BA2,T1006I,-0.7345248
Omicron_BA2,T1006L,-2.2483609
Omicron_BA2,T1006N,0.0047050808
Omicron_BA2,T1006S,0.07248549
Omicron_BA2,T1006V,-0.28454694
Omicron_BA2,Y1007C,-4.063095
Omicron_BA2,Y1007D,-2.3562684
Omicron_BA2,Y1007F,-0.8412117
Omicron_BA2,Y1007H,-2.199291
Omicron_BA2,Y1007N,-2.537354
Omicron_BA2,Y1007*,-0.07913874
Omicron_BA2,V1008A,-0.5658321
Omicron_BA2,V1008E,-2.0956643
Omicron_BA2,V1008L,-1.256414773
Omicron_BA2,V1008M,-1.2077537
Omicron_BA2,V1008R,-3.6581333
Omicron_BA2,T1009A,-1.9454861
Omicron_BA2,T1009H,-0.54321624
Omicron_BA2,T1009I,-0.14660135400000002
Omicron_BA2,T1009K,-3.3691118
Omicron_BA2,T1009N,-0.6673238
Omicron_BA2,T1009P,0.0
Omicron_BA2,T1009S,-1.8478564
Omicron_BA2,Q1010E,0.0
Omicron_BA2,Q1010H,0.0
Omicron_BA2,Q1010K,0.0015952091
Omicron_BA2,Q1010L,-0.39731032
Omicron_BA2,Q1010M,-0.1373319903
Omicron_BA2,Q1010N,-0.117331352
Omicron_BA2,Q1010R,0.3935815
Omicron_BA2,Q1010*,-3.0963922
Omicron_BA2,Q1011E,0.0
Omicron_BA2,Q1011H,-0.034749317
Omicron_BA2,Q1011K,-1.4861428
Omicron_BA2,Q1011L,-1.0063092
Omicron_BA2,Q1011R,-0.645272818
Omicron_BA2,Q1011*,-2.8043575
Omicron_BA2,L1012F,-0.5985952
Omicron_BA2,L1012H,-0.4054614
Omicron_BA2,L1012I,-1.2069348
Omicron_BA2,L1012P,-2.434946
Omicron_BA2,L1012R,0.539345
Omicron_BA2,L1012S,-0.08905568000000003
Omicron_BA2,I1013L,-0.36654816
Omicron_BA2,I1013N,-1.04496154
Omicron_BA2,I1013S,-1.1677909
Omicron_BA2,I1013T,-1.1503595
Omicron_BA2,I1013V,-0.57183033
Omicron_BA2,R1014G,-0.19473480999999992
Omicron_BA2,R1014I,-0.23997668000000005
Omicron_BA2,R1014K,0.13409459
Omicron_BA2,R1014M,-1.1016183
Omicron_BA2,R1014N,-0.9643477
Omicron_BA2,R1014S,0.023672
Omicron_BA2,R1014T,0.015658749
Omicron_BA2,R1014W,0.20235708
Omicron_BA2,A1015D,-2.5718412
Omicron_BA2,A1015G,0.069026195
Omicron_BA2,A1015Q,-2.065168
Omicron_BA2,A1015S,-0.146692876
Omicron_BA2,A1015T,-1.7916878
Omicron_BA2,A1015V,-4.2841086
Omicron_BA2,A1016D,-0.9303091
Omicron_BA2,A1016E,0.0
Omicron_BA2,A1016H,0.0
Omicron_BA2,A1016L,-0.57439256
Omicron_BA2,A1016Q,-0.04582552000000001
Omicron_BA2,A1016S,0.084567742
Omicron_BA2,A1016T,0.18277642
Omicron_BA2,A1016V,0.05719322000000002
Omicron_BA2,A1016-,0.0
Omicron_BA2,E1017A,-0.38680226
Omicron_BA2,E1017D,-0.08123087999999999
Omicron_BA2,E1017G,-0.09735437
Omicron_BA2,E1017K,0.048572429999999986
Omicron_BA2,E1017V,-0.52440614
Omicron_BA2,E1017*,-2.7027278
Omicron_BA2,E1017-,0.0
Omicron_BA2,I1018F,-2.2151904
Omicron_BA2,I1018L,-1.066740423
Omicron_BA2,I1018M,-0.07805139400000001
Omicron_BA2,I1018N,-2.0012248
Omicron_BA2,I1018S,-3.3886657
Omicron_BA2,I1018T,-0.88337773
Omicron_BA2,I1018V,-0.24614404
Omicron_BA2,I1018-,0.0
Omicron_BA2,R1019E,-2.9312673
Omicron_BA2,R1019G,-0.8819501
Omicron_BA2,R1019I,-2.3446443
Omicron_BA2,R1019K,-0.10334153999999995
Omicron_BA2,R1019M,-3.4272268
Omicron_BA2,R1019Q,-2.5257118
Omicron_BA2,R1019S,-2.4824667
Omicron_BA2,R1019-,0.0
Omicron_BA2,A1020C,-0.36940524
Omicron_BA2,A1020D,-0.30260279999999995
Omicron_BA2,A1020E,-0.43623290000000003
Omicron_BA2,A1020F,-0.30245644
Omicron_BA2,A1020G,-0.37628575
Omicron_BA2,A1020H,-0.65039389
Omicron_BA2,A1020I,-0.30500004
Omicron_BA2,A1020K,-1.431543
Omicron_BA2,A1020L,-2.5450912
Omicron_BA2,A1020M,-0.2373080999999999
Omicron_BA2,A1020N,-0.46066454
Omicron_BA2,A1020P,-3.5810673
Omicron_BA2,A1020Q,-0.27014396
Omicron_BA2,A1020R,-0.08189087999999997
Omicron_BA2,A1020S,-0.013174000000000019
Omicron_BA2,A1020T,-0.16846671
Omicron_BA2,A1020V,-0.15480707000000005
Omicron_BA2,A1020W,-0.327159754
Omicron_BA2,A1020Y,-0.05522556000000001
Omicron_BA2,A1020*,-4.7400312
Omicron_BA2,A1020-,0.0
Omicron_BA2,S1021A,-0.16752014
Omicron_BA2,S1021C,-1.1111106
Omicron_BA2,S1021F,-0.60277876
Omicron_BA2,S1021L,-0.69221056
Omicron_BA2,S1021P,-1.3427005
Omicron_BA2,S1021T,-0.81479114
Omicron_BA2,S1021Y,-0.30344746
Omicron_BA2,S1021-,0.0
Omicron_BA2,A1022D,-1.0548297
Omicron_BA2,A1022E,-3.3729315
Omicron_BA2,A1022L,-3.4818847
Omicron_BA2,A1022P,0.0
Omicron_BA2,A1022R,-2.6994386
Omicron_BA2,A1022S,-0.43396493
Omicron_BA2,A1022T,-2.5756629
Omicron_BA2,A1022V,-2.2925828
Omicron_BA2,N1023D,-1.23703
Omicron_BA2,N1023H,-0.09067668999999998
Omicron_BA2,N1023I,0.18970033999999997
Omicron_BA2,N1023K,-0.09546505999999999
Omicron_BA2,N1023L,0.07124180000000002
Omicron_BA2,N1023S,-0.277067682
Omicron_BA2,N1023T,0.109518138
Omicron_BA2,N1023Y,0.016294180000000005
Omicron_BA2,L1024F,-2.6083548
Omicron_BA2,L1024I,-0.70841734
Omicron_BA2,L1024M,-1.4932675
Omicron_BA2,L1024P,-2.7281523
Omicron_BA2,L1024Q,0.17454448
Omicron_BA2,L1024R,-0.38294670599999997
Omicron_BA2,A1025D,-2.0265214
Omicron_BA2,A1025G,-0.76102996
Omicron_BA2,A1025L,-3.6063154
Omicron_BA2,A1025N,0.0
Omicron_BA2,A1025P,0.0
Omicron_BA2,A1025S,-2.6114728
Omicron_BA2,A1025T,-3.8984702
Omicron_BA2,A1025V,-4.7122574
Omicron_BA2,A1026D,-3.0197263
Omicron_BA2,A1026G,-0.52437246
Omicron_BA2,A1026I,-4.0199456
Omicron_BA2,A1026L,-1.2722096
Omicron_BA2,A1026P,0.0
Omicron_BA2,A1026S,-0.24214308
Omicron_BA2,A1026T,-1.11777074
Omicron_BA2,A1026V,-2.6859467
Omicron_BA2,T1027A,-0.9026430000000001
Omicron_BA2,T1027C,-0.32838842
Omicron_BA2,T1027D,-0.3819842
Omicron_BA2,T1027E,-0.4026983
Omicron_BA2,T1027F,-0.19435253999999996
Omicron_BA2,T1027G,-0.9297567000000002
Omicron_BA2,T1027H,-0.20848384999999992
Omicron_BA2,T1027I,-1.4953375
Omicron_BA2,T1027K,-1.5467007
Omicron_BA2,T1027L,0.07518298899999999
Omicron_BA2,T1027M,0.06566261000000001
Omicron_BA2,T1027N,-0.5419108000000001
Omicron_BA2,T1027P,-5.6893687
Omicron_BA2,T1027Q,0.09892607000000003
Omicron_BA2,T1027R,-0.3105342
Omicron_BA2,T1027S,-0.23636072999999996
Omicron_BA2,T1027V,-2.08809296
Omicron_BA2,T1027W,-4.008691
Omicron_BA2,T1027Y,-2.4825213
Omicron_BA2,T1027*,-3.2688394
Omicron_BA2,K1028E,-1.4359567
Omicron_BA2,K1028G,-1.7465823
Omicron_BA2,K1028L,-3.615919
Omicron_BA2,K1028M,-2.23926
Omicron_BA2,K1028N,-4.136843
Omicron_BA2,K1028R,-3.1664245
Omicron_BA2,K1028T,0.0
Omicron_BA2,M1029C,-3.294622
Omicron_BA2,M1029I,-0.63207907
Omicron_BA2,M1029K,-1.1189473
Omicron_BA2,M1029L,-3.192606
Omicron_BA2,M1029R,-2.0341563
Omicron_BA2,M1029T,-2.7007828
Omicron_BA2,M1029V,-0.2999655
Omicron_BA2,S1030A,-0.097532466
Omicron_BA2,S1030C,-0.57087624
Omicron_BA2,S1030G,-1.2626128
Omicron_BA2,S1030I,0.719462195
Omicron_BA2,S1030L,-4.3123336
Omicron_BA2,S1030N,-3.0949717
Omicron_BA2,S1030P,-1.7906724
Omicron_BA2,S1030Q,-4.1539598
Omicron_BA2,S1030R,-0.09306796
Omicron_BA2,S1030T,0.0
Omicron_BA2,E1031D,-2.958788
Omicron_BA2,E1031G,-3.2829723
Omicron_BA2,E1031K,-5.4235277
Omicron_BA2,E1031Q,0.0
Omicron_BA2,E1031S,-2.8825674
Omicron_BA2,E1031V,-3.2430623
Omicron_BA2,E1031*,-2.5471594
Omicron_BA2,C1032F,-0.61604315
Omicron_BA2,C1032R,-0.5886290986
Omicron_BA2,C1032S,0.0
Omicron_BA2,C1032V,-3.2338202
Omicron_BA2,C1032Y,-2.1055613
Omicron_BA2,C1032*,-1.6182749
Omicron_BA2,V1033A,-0.8798933000000001
Omicron_BA2,V1033E,-1.8531011
Omicron_BA2,V1033G,-2.2079754
Omicron_BA2,V1033I,-1.0061399
Omicron_BA2,V1033L,-2.8438876
Omicron_BA2,V1033M,-4.2770786
Omicron_BA2,V1033T,-1.7613351
Omicron_BA2,V1033Y,-2.9125822
Omicron_BA2,L1034F,-0.68269485
Omicron_BA2,L1034I,-0.55304372
Omicron_BA2,L1034M,0.289412
Omicron_BA2,L1034P,-3.6211498
Omicron_BA2,L1034Q,-0.033331808
Omicron_BA2,L1034R,-0.06322943999999997
Omicron_BA2,G1035D,-2.5425618
Omicron_BA2,G1035E,-2.5597029
Omicron_BA2,G1035N,-3.9779634
Omicron_BA2,G1035R,-5.086263
Omicron_BA2,G1035V,-1.9984156
Omicron_BA2,G1035W,-3.246457
Omicron_BA2,G1035*,-3.1318662
Omicron_BA2,Q1036K,-2.184461
Omicron_BA2,Q1036N,-3.047323
Omicron_BA2,Q1036R,-3.3572283
Omicron_BA2,Q1036T,-1.6623152
Omicron_BA2,Q1036*,-3.0478787
Omicron_BA2,S1037C,0.584057
Omicron_BA2,S1037G,-1.9222596
Omicron_BA2,S1037I,-5.225269
Omicron_BA2,S1037K,0.0
Omicron_BA2,S1037L,-3.0898695
Omicron_BA2,S1037N,-0.49337608
Omicron_BA2,S1037Q,-3.118773
Omicron_BA2,S1037R,-2.621824
Omicron_BA2,S1037T,0.14836359
Omicron_BA2,K1038E,-1.0381185
Omicron_BA2,K1038G,-0.15982492
Omicron_BA2,K1038I,-0.29774708
Omicron_BA2,K1038M,0.08374534
Omicron_BA2,K1038N,-0.22743212
Omicron_BA2,K1038Q,-0.057329070999999995
Omicron_BA2,K1038R,0.008861389999999997
Omicron_BA2,K1038T,-0.16814548
Omicron_BA2,R1039E,-2.3416626
Omicron_BA2,R1039G,-2.7731714
Omicron_BA2,R1039K,-4.38656
Omicron_BA2,R1039M,-2.333786
Omicron_BA2,R1039S,-3.876291
Omicron_BA2,V1040A,-0.20685805
Omicron_BA2,V1040F,-0.5496093
Omicron_BA2,V1040G,0.0
Omicron_BA2,V1040I,-1.6724545
Omicron_BA2,V1040L,-2.3716526
Omicron_BA2,V1040M,-0.9444887
Omicron_BA2,V1040S,-0.35778153
Omicron_BA2,D1041E,-0.52675624
Omicron_BA2,D1041G,-1.2043628
Omicron_BA2,D1041I,-3.1441457
Omicron_BA2,D1041N,-5.0893083
Omicron_BA2,D1041Y,-2.3263614
Omicron_BA2,F1042C,0.0
Omicron_BA2,F1042I,-1.9560442
Omicron_BA2,F1042L,-0.5795507
Omicron_BA2,F1042S,-0.7735311
Omicron_BA2,F1042Y,-0.1604776
Omicron_BA2,C1043F,-2.0175962
Omicron_BA2,C1043L,-3.9507024
Omicron_BA2,C1043R,-3.0071418
Omicron_BA2,C1043S,-1.3117782
Omicron_BA2,C1043V,-4.471306
Omicron_BA2,C1043Y,-3.5775135
Omicron_BA2,C1043*,0.0
Omicron_BA2,G1044A,0.0
Omicron_BA2,G1044C,-2.1650581
Omicron_BA2,G1044D,-2.303946
Omicron_BA2,G1044E,-3.518378
Omicron_BA2,G1044R,0.0
Omicron_BA2,G1044S,-2.457944
Omicron_BA2,G1044V,-2.1486993
Omicron_BA2,G1044W,-4.1615834
Omicron_BA2,K1045E,-0.8588339600000001
Omicron_BA2,K1045M,-1.03436339
Omicron_BA2,K1045N,-0.37756579999999995
Omicron_BA2,K1045Q,-0.62007798
Omicron_BA2,K1045R,0.075037793
Omicron_BA2,K1045T,-0.35976956
Omicron_BA2,G1046A,-0.8897788700000001
Omicron_BA2,G1046C,-1.9869783
Omicron_BA2,G1046D,-5.302457
Omicron_BA2,G1046E,0.0
Omicron_BA2,G1046S,-1.7263348
Omicron_BA2,G1046V,-1.4628785
Omicron_BA2,Y1047C,-3.3319435
Omicron_BA2,Y1047D,-2.348362
Omicron_BA2,Y1047F,-1.6872214
Omicron_BA2,Y1047H,-2.3162768
Omicron_BA2,Y1047L,-0.8278272799999999
Omicron_BA2,Y1047N,-0.50202566
Omicron_BA2,Y1047*,-3.1736739
Omicron_BA2,H1048N,-1.3589399
Omicron_BA2,H1048Q,-2.323096
Omicron_BA2,H1048R,-1.7941157
Omicron_BA2,H1048S,-2.2382581
Omicron_BA2,H1048Y,-3.2355452
Omicron_BA2,L1049F,-3.5385313
Omicron_BA2,L1049I,-0.9522647500000001
Omicron_BA2,L1049M,-2.8445523
Omicron_BA2,L1049P,-4.479129
Omicron_BA2,L1049Q,-2.5605419
Omicron_BA2,L1049R,-1.5351095499999998
Omicron_BA2,L1049S,-3.2283974
Omicron_BA2,L1049V,-1.9246004
Omicron_BA2,M1050I,-0.29959201999999996
Omicron_BA2,M1050L,-0.228766236
Omicron_BA2,M1050N,0.0
Omicron_BA2,M1050T,-1.7898451
Omicron_BA2,M1050V,-1.1143004
Omicron_BA2,M1050Y,-4.107358
Omicron_BA2,S1051G,-1.9629023
Omicron_BA2,S1051I,-2.1256208
Omicron_BA2,S1051L,-1.9193802
Omicron_BA2,S1051N,-1.6814193
Omicron_BA2,S1051V,-3.2367096
Omicron_BA2,F1052C,-2.7465224
Omicron_BA2,F1052I,-2.1317394
Omicron_BA2,F1052L,-0.36104089000000006
Omicron_BA2,F1052S,-1.6561711
Omicron_BA2,F1052V,-3.103983
Omicron_BA2,F1052Y,-0.56184342
Omicron_BA2,P1053L,-2.3349495
Omicron_BA2,P1053Q,-0.47037926
Omicron_BA2,P1053S,-1.0811259
Omicron_BA2,P1053T,-1.1178253
Omicron_BA2,Q1054E,0.0
Omicron_BA2,Q1054H,-2.3844273
Omicron_BA2,Q1054K,-2.1585426
Omicron_BA2,Q1054L,-1.7579938
Omicron_BA2,Q1054R,-1.6607311
Omicron_BA2,Q1054S,-2.9885259
Omicron_BA2,Q1054*,-4.1083794
Omicron_BA2,S1055A,-0.07052574
Omicron_BA2,S1055F,-1.1049105
Omicron_BA2,S1055L,-1.65606358
Omicron_BA2,S1055P,-2.444043
Omicron_BA2,S1055T,-0.2635538
Omicron_BA2,S1055V,-1.2554018999999998
Omicron_BA2,S1055Y,-1.1010143
Omicron_BA2,A1056D,-1.067586
Omicron_BA2,A1056G,-0.4236245
Omicron_BA2,A1056P,0.6242186
Omicron_BA2,A1056S,-3.1936502
Omicron_BA2,A1056T,-4.561894
Omicron_BA2,A1056V,-0.8457982400000001
Omicron_BA2,P1057H,-3.3864515
Omicron_BA2,P1057L,-2.3452542
Omicron_BA2,P1057Q,-3.994952
Omicron_BA2,P1057R,-0.9831262
Omicron_BA2,P1057S,-1.3193258
Omicron_BA2,P1057T,-3.7011726
Omicron_BA2,H1058E,-1.3986226
Omicron_BA2,H1058L,-0.5697277
Omicron_BA2,H1058N,-0.42679661
Omicron_BA2,H1058Q,-0.507221
Omicron_BA2,H1058R,-0.6728637500000001
Omicron_BA2,H1058S,-0.38998097
Omicron_BA2,H1058Y,-0.41940654999999993
Omicron_BA2,G1059E,-2.6111395
Omicron_BA2,G1059L,-3.6438153
Omicron_BA2,G1059R,-3.3812792
Omicron_BA2,G1059V,-3.4897156
Omicron_BA2,G1059W,-4.23441
Omicron_BA2,G1059*,-3.569636
Omicron_BA2,V1060A,-0.5108164399999999
Omicron_BA2,V1060C,-0.17385445
Omicron_BA2,V1060E,0.0
Omicron_BA2,V1060I,0.03272591000000001
Omicron_BA2,V1060L,-0.9948566999999999
Omicron_BA2,V1060M,-1.9462919
Omicron_BA2,V1061A,-0.26906446
Omicron_BA2,V1061E,-1.8483613
Omicron_BA2,V1061F,-0.38781320999999996
Omicron_BA2,V1061I,-0.606552803
Omicron_BA2,V1061L,-0.39125684
Omicron_BA2,V1061M,-0.033144378
Omicron_BA2,V1061S,-3.2283382
Omicron_BA2,F1062C,0.0
Omicron_BA2,F1062I,-1.7977892
Omicron_BA2,F1062L,-1.4788314
Omicron_BA2,F1062S,-4.2438655
Omicron_BA2,F1062Y,-0.06549327
Omicron_BA2,L1063A,-2.268291
Omicron_BA2,L1063C,-2.2907493
Omicron_BA2,L1063D,-4.701819
Omicron_BA2,L1063E,-2.4833462
Omicron_BA2,L1063F,-0.2168608999999999
Omicron_BA2,L1063G,-5.365345
Omicron_BA2,L1063H,-3.7288818
Omicron_BA2,L1063I,-0.57058593
Omicron_BA2,L1063K,-4.7573256
Omicron_BA2,L1063M,-0.39101610000000003
Omicron_BA2,L1063N,-4.845785
Omicron_BA2,L1063P,-5.814898
Omicron_BA2,L1063Q,-4.971782
Omicron_BA2,L1063R,-7.2767
Omicron_BA2,L1063S,-6.1264105
Omicron_BA2,L1063T,-3.0623868
Omicron_BA2,L1063V,-0.7911686
Omicron_BA2,L1063W,-3.849493
Omicron_BA2,L1063Y,-2.7095332
Omicron_BA2,L1063*,-4.5857897
Omicron_BA2,H1064A,-3.0008435
Omicron_BA2,H1064L,-1.1605499
Omicron_BA2,H1064N,-1.9044591
Omicron_BA2,H1064Q,-1.5023834
Omicron_BA2,H1064R,-1.420854
Omicron_BA2,H1064Y,-2.8663013
Omicron_BA2,V1065A,-0.266840408
Omicron_BA2,V1065C,0.030670244
Omicron_BA2,V1065E,-2.5942874
Omicron_BA2,V1065L,-0.21823003000000002
Omicron_BA2,V1065M,0.14912113999999999
Omicron_BA2,V1065-,0.0
Omicron_BA2,T1066A,-0.23041681599999997
Omicron_BA2,T1066D,-0.34786
Omicron_BA2,T1066I,-1.3780465
Omicron_BA2,T1066N,0.046017380000000024
Omicron_BA2,T1066P,-4.159866
Omicron_BA2,T1066S,0.21752402
Omicron_BA2,T1066-,0.17870939
Omicron_BA2,Y1067C,-3.5800223
Omicron_BA2,Y1067D,0.0
Omicron_BA2,Y1067F,-0.27586329000000004
Omicron_BA2,Y1067H,-4.045548
Omicron_BA2,Y1067L,-5.0541854
Omicron_BA2,Y1067N,-2.2612429
Omicron_BA2,Y1067-,-1.7183666
Omicron_BA2,V1068A,-2.895874
Omicron_BA2,V1068C,-0.47517003999999996
Omicron_BA2,V1068D,-2.710715
Omicron_BA2,V1068E,-2.3749983
Omicron_BA2,V1068F,-1.38717253
Omicron_BA2,V1068G,-2.5158787
Omicron_BA2,V1068H,-0.54819161
Omicron_BA2,V1068I,-0.03810845
Omicron_BA2,V1068K,-0.2165085
Omicron_BA2,V1068L,-0.25698867999999997
Omicron_BA2,V1068M,-0.47859933999999993
Omicron_BA2,V1068N,-1.5619975
Omicron_BA2,V1068P,-4.532227
Omicron_BA2,V1068Q,-0.38879457999999995
Omicron_BA2,V1068R,-0.2529916499999999
Omicron_BA2,V1068S,-1.33646114
Omicron_BA2,V1068T,-0.9923784000000002
Omicron_BA2,V1068W,-2.172398
Omicron_BA2,V1068Y,-2.2666757
Omicron_BA2,V1068*,-4.202886
Omicron_BA2,P1069A,0.0
Omicron_BA2,P1069H,-2.1610894
Omicron_BA2,P1069L,-3.617407
Omicron_BA2,P1069M,-3.538246
Omicron_BA2,P1069R,0.0
Omicron_BA2,P1069S,-1.1315456000000004
Omicron_BA2,P1069T,-0.8239023000000001
Omicron_BA2,A1070C,-0.58765504
Omicron_BA2,A1070D,-0.28506565
Omicron_BA2,A1070E,0.21506567
Omicron_BA2,A1070G,-0.12211274
Omicron_BA2,A1070M,0.18941098
Omicron_BA2,A1070S,0.018820120000000023
Omicron_BA2,A1070T,0.18828528
Omicron_BA2,A1070V,-0.008490366
Omicron_BA2,Q1071E,-0.10810297000000002
Omicron_BA2,Q1071H,-0.26395769999999996
Omicron_BA2,Q1071K,-0.048333999
Omicron_BA2,Q1071L,-0.15857093000000005
Omicron_BA2,Q1071P,0.0
Omicron_BA2,Q1071R,-0.021892770000000006
Omicron_BA2,Q1071S,0.010866371
Omicron_BA2,Q1071T,-0.6126990099999999
Omicron_BA2,Q1071*,-1.3999476
Omicron_BA2,E1072A,-0.0033780800000000055
Omicron_BA2,E1072D,-0.5303709999999999
Omicron_BA2,E1072G,-0.31822738
Omicron_BA2,E1072K,-0.7311394
Omicron_BA2,E1072Q,0.0163830433
Omicron_BA2,E1072R,-3.203454
Omicron_BA2,E1072V,-0.8123522000000001
Omicron_BA2,E1072*,-2.4261243
Omicron_BA2,K1073E,-0.284501534
Omicron_BA2,K1073H,-0.0758971
Omicron_BA2,K1073M,-0.1106709
Omicron_BA2,K1073N,-0.320531844
Omicron_BA2,K1073Q,-0.043999605
Omicron_BA2,K1073R,-0.022644149000000002
Omicron_BA2,K1073T,-0.41281366
Omicron_BA2,N1074D,-0.11731431
Omicron_BA2,N1074E,-0.4606114
Omicron_BA2,N1074H,-0.2782628
Omicron_BA2,N1074I,0.21326648
Omicron_BA2,N1074K,-0.42741328
Omicron_BA2,N1074S,0.17569249999999997
Omicron_BA2,N1074T,0.07712474999999999
Omicron_BA2,N1074Y,-1.35364702
Omicron_BA2,F1075C,0.22715497
Omicron_BA2,F1075I,0.42205918
Omicron_BA2,F1075L,-0.03939036600000001
Omicron_BA2,F1075S,-3.8252099
Omicron_BA2,F1075V,-0.8307042
Omicron_BA2,F1075Y,-0.296022
Omicron_BA2,T1076A,-0.88594984
Omicron_BA2,T1076H,-2.5162497
Omicron_BA2,T1076I,0.067212282
Omicron_BA2,T1076K,-0.23468775
Omicron_BA2,T1076L,0.3747933
Omicron_BA2,T1076N,-0.6684005
Omicron_BA2,T1076P,-0.040201362
Omicron_BA2,T1076S,-0.2214098
Omicron_BA2,T1077A,-0.04715158
Omicron_BA2,T1077G,-0.30432463
Omicron_BA2,T1077I,-2.6171176
Omicron_BA2,T1077K,0.0
Omicron_BA2,T1077L,-0.98351365
Omicron_BA2,T1077N,-1.8545502
Omicron_BA2,T1077S,-0.27146463
Omicron_BA2,T1077V,-2.611815
Omicron_BA2,A1078C,-0.12658866999999996
Omicron_BA2,A1078D,-5.198633
Omicron_BA2,A1078E,-2.8072283
Omicron_BA2,A1078F,-3.2904708
Omicron_BA2,A1078G,-0.5123232
Omicron_BA2,A1078H,-3.0331285
Omicron_BA2,A1078I,-1.7478933
Omicron_BA2,A1078K,-3.5376563
Omicron_BA2,A1078L,-2.6436174
Omicron_BA2,A1078M,-2.876522
Omicron_BA2,A1078N,-3.3339088
Omicron_BA2,A1078P,-5.151162
Omicron_BA2,A1078Q,-2.6449993
Omicron_BA2,A1078R,-5.35725
Omicron_BA2,A1078S,-0.21962883
Omicron_BA2,A1078T,-0.22354343000000004
Omicron_BA2,A1078V,-1.6073909
Omicron_BA2,A1078W,-3.2202675
Omicron_BA2,A1078Y,-4.401301
Omicron_BA2,A1078*,-3.3135505
Omicron_BA2,P1079A,0.39745206
Omicron_BA2,P1079H,-1.4435283
Omicron_BA2,P1079L,-4.6390605
Omicron_BA2,P1079S,-0.11422184000000002
Omicron_BA2,P1079T,0.04795898
Omicron_BA2,P1079V,-3.0471597
Omicron_BA2,A1080C,-1.9848218
Omicron_BA2,A1080D,-2.5436108
Omicron_BA2,A1080G,0.0
Omicron_BA2,A1080S,-0.18140069
Omicron_BA2,A1080T,-1.9597902
Omicron_BA2,A1080V,-2.0077665
Omicron_BA2,I1081F,-0.6371573
Omicron_BA2,I1081H,-3.41301
Omicron_BA2,I1081L,-0.07079007
Omicron_BA2,I1081M,-0.0892544535
Omicron_BA2,I1081S,-1.1263978
Omicron_BA2,I1081T,-1.3301357
Omicron_BA2,I1081V,0.086832478
Omicron_BA2,C1082A,0.0
Omicron_BA2,C1082F,-2.1673715
Omicron_BA2,C1082M,-0.35597393
Omicron_BA2,C1082R,-4.0671268
Omicron_BA2,C1082S,0.7634778
Omicron_BA2,C1082Y,-4.093589
Omicron_BA2,C1082*,-2.204635
Omicron_BA2,H1083A,-1.8682721
Omicron_BA2,H1083N,0.03314523
Omicron_BA2,H1083Q,-0.28369373
Omicron_BA2,H1083R,-1.0920708
Omicron_BA2,H1083Y,0.21007194
Omicron_BA2,D1084A,0.14784004
Omicron_BA2,D1084E,-0.060107485999999995
Omicron_BA2,D1084G,0.0068604867
Omicron_BA2,D1084H,0.062378377
Omicron_BA2,D1084L,0.0
Omicron_BA2,D1084N,0.078136615
Omicron_BA2,D1084T,-0.2624021
Omicron_BA2,D1084V,-0.143029138
Omicron_BA2,D1084Y,0.0065611703
Omicron_BA2,G1085A,-0.010440266000000004
Omicron_BA2,G1085C,-0.8911354
Omicron_BA2,G1085D,0.054764844
Omicron_BA2,G1085E,-0.035745862
Omicron_BA2,G1085L,0.06187316
Omicron_BA2,G1085R,-0.059447518000000005
Omicron_BA2,G1085S,0.027159302
Omicron_BA2,G1085V,-1.3792126
Omicron_BA2,K1086E,-0.24177752
Omicron_BA2,K1086G,0.66179186
Omicron_BA2,K1086I,-0.28717962
Omicron_BA2,K1086L,-0.19232610999999997
Omicron_BA2,K1086M,0.0
Omicron_BA2,K1086N,-0.30127933
Omicron_BA2,K1086Q,-0.013327685
Omicron_BA2,K1086R,-0.024902044
Omicron_BA2,K1086T,-1.2753701
Omicron_BA2,A1087D,-1.1809462
Omicron_BA2,A1087G,-1.7332171
Omicron_BA2,A1087P,-0.97331256
Omicron_BA2,A1087S,-0.16064583
Omicron_BA2,A1087T,-0.8109603700000001
Omicron_BA2,A1087V,-1.4854214
Omicron_BA2,H1088N,-0.5474084
Omicron_BA2,H1088Q,-1.1792436
Omicron_BA2,H1088R,-0.21536987
Omicron_BA2,H1088T,-0.36251283
Omicron_BA2,H1088Y,0.061931727
Omicron_BA2,F1089C,-2.5005705
Omicron_BA2,F1089I,-3.0825596
Omicron_BA2,F1089L,-1.5847324
Omicron_BA2,F1089N,-0.072475895
Omicron_BA2,F1089S,-3.0945296
Omicron_BA2,F1089V,-2.380795
Omicron_BA2,F1089Y,0.191506139
Omicron_BA2,P1090L,-1.4421457
Omicron_BA2,P1090Q,-1.5443896
Omicron_BA2,P1090S,-0.337113233
Omicron_BA2,P1090T,-0.40446842
Omicron_BA2,R1091C,-1.2955709
Omicron_BA2,R1091G,-0.37748979
Omicron_BA2,R1091H,-0.025722220000000018
Omicron_BA2,R1091K,0.1379574723
Omicron_BA2,R1091L,-0.6452926
Omicron_BA2,R1091M,-0.46351807999999994
Omicron_BA2,R1091S,0.089029426
Omicron_BA2,R1091W,-1.217084
Omicron_BA2,E1092A,-0.12613899
Omicron_BA2,E1092D,0.15808605
Omicron_BA2,E1092G,-0.40032462
Omicron_BA2,E1092K,-0.5341130999999999
Omicron_BA2,E1092Q,-0.26170573
Omicron_BA2,E1092V,-0.05637204000000001
Omicron_BA2,E1092*,-2.3521929
Omicron_BA2,G1093E,-3.0471618
Omicron_BA2,G1093R,-0.84892434
Omicron_BA2,G1093S,-0.7236358
Omicron_BA2,G1093V,-0.70066255
Omicron_BA2,G1093*,-2.4395142
Omicron_BA2,V1094A,-0.7490751
Omicron_BA2,V1094E,0.0
Omicron_BA2,V1094F,-0.18583512800000002
Omicron_BA2,V1094I,-0.826730314
Omicron_BA2,V1094L,-3.5680273
Omicron_BA2,V1094M,-0.71692656
Omicron_BA2,V1094T,-0.14916015
Omicron_BA2,F1095I,-0.3032781
Omicron_BA2,F1095L,-0.14329842000000004
Omicron_BA2,F1095S,-2.0539634
Omicron_BA2,F1095V,0.0
Omicron_BA2,F1095Y,0.07935986
Omicron_BA2,V1096A,0.065537035
Omicron_BA2,V1096E,-3.6799684
Omicron_BA2,V1096F,-1.7084178
Omicron_BA2,V1096G,-2.1939452
Omicron_BA2,V1096I,0.11895409999999998
Omicron_BA2,V1096L,-0.4362509
Omicron_BA2,V1096M,-0.8481688
Omicron_BA2,V1096-,0.0
Omicron_BA2,S1097A,-0.16886021
Omicron_BA2,S1097C,0.06020662999999998
Omicron_BA2,S1097G,-0.06762812
Omicron_BA2,S1097I,-0.7998131
Omicron_BA2,S1097L,0.041292023
Omicron_BA2,S1097N,0.25291534
Omicron_BA2,S1097P,0.0
Omicron_BA2,S1097R,-0.23170432
Omicron_BA2,S1097T,-1.06373936
Omicron_BA2,S1097-,1.5170757
Omicron_BA2,N1098D,0.09221831
Omicron_BA2,N1098H,-0.43589327
Omicron_BA2,N1098K,-0.015764657
Omicron_BA2,N1098Q,-0.59287274
Omicron_BA2,N1098S,-0.12499001
Omicron_BA2,N1098T,0.1196187
Omicron_BA2,N1098Y,0.0
Omicron_BA2,N1098-,0.0
Omicron_BA2,G1099C,-0.510530777
Omicron_BA2,G1099D,-0.20562881600000002
Omicron_BA2,G1099K,-0.31148365
Omicron_BA2,G1099N,-0.25457478
Omicron_BA2,G1099S,-0.07052241
Omicron_BA2,G1099T,-0.4116396
Omicron_BA2,G1099V,-0.42927085
Omicron_BA2,T1100A,-0.06641625400000001
Omicron_BA2,T1100C,0.0
Omicron_BA2,T1100D,0.0
Omicron_BA2,T1100G,0.26107806
Omicron_BA2,T1100I,-0.157303645
Omicron_BA2,T1100K,-0.18799558
Omicron_BA2,T1100N,-0.11748016
Omicron_BA2,T1100S,-0.003312189
Omicron_BA2,H1101D,0.019533369999999994
Omicron_BA2,H1101E,-0.15557936
Omicron_BA2,H1101L,-0.35240364
Omicron_BA2,H1101N,-0.15409179550000002
Omicron_BA2,H1101P,0.0
Omicron_BA2,H1101Q,-0.074519105
Omicron_BA2,H1101R,-0.0188475717
Omicron_BA2,H1101Y,-0.16743180000000002
Omicron_BA2,H1101-,0.0
Omicron_BA2,W1102C,-6.8749747
Omicron_BA2,W1102F,0.035076242
Omicron_BA2,W1102L,-1.1481005
Omicron_BA2,W1102R,-2.4444017
Omicron_BA2,W1102S,-2.387047
Omicron_BA2,W1102T,-1.571064
Omicron_BA2,W1102*,-3.5782316
Omicron_BA2,F1103C,-0.86525977
Omicron_BA2,F1103I,-0.7600881
Omicron_BA2,F1103L,-0.196628972
Omicron_BA2,F1103S,0.031859830000000006
Omicron_BA2,F1103Y,0.10752896
Omicron_BA2,V1104A,-0.32048383
Omicron_BA2,V1104E,-0.42872334
Omicron_BA2,V1104I,-0.06920521
Omicron_BA2,V1104L,-0.12614796
Omicron_BA2,V1104M,-0.046951862999999996
Omicron_BA2,T1105A,-3.3127987
Omicron_BA2,T1105I,-1.6399926
Omicron_BA2,T1105K,0.99847305
Omicron_BA2,T1105N,-2.5067766
Omicron_BA2,T1105S,-0.82290494
Omicron_BA2,Q1106H,-3.8265753
Omicron_BA2,Q1106K,-3.190784
Omicron_BA2,Q1106L,-1.4464043
Omicron_BA2,Q1106P,-0.6696736
Omicron_BA2,Q1106R,-1.8206908
Omicron_BA2,Q1106T,-2.4031725
Omicron_BA2,Q1106*,-1.9042583
Omicron_BA2,R1107G,-2.084964485
Omicron_BA2,R1107K,-0.160535147
Omicron_BA2,R1107L,0.19798432
Omicron_BA2,R1107M,-0.35808981500000003
Omicron_BA2,R1107N,-0.32456463
Omicron_BA2,R1107S,-0.5614323
Omicron_BA2,R1107T,-3.1413407
Omicron_BA2,R1107W,-2.0302405
Omicron_BA2,N1108H,-0.46295775000000006
Omicron_BA2,N1108I,-0.23944365999999997
Omicron_BA2,N1108K,-0.12281934
Omicron_BA2,N1108S,-1.983869126
Omicron_BA2,N1108T,-2.187853
Omicron_BA2,N1108Y,-0.793238
Omicron_BA2,F1109I,-0.5890954
Omicron_BA2,F1109L,-0.38320263999999993
Omicron_BA2,F1109S,-2.2194355
Omicron_BA2,F1109Y,0.08071223000000001
Omicron_BA2,Y1110C,-2.3082302
Omicron_BA2,Y1110F,-0.10581076
Omicron_BA2,Y1110H,-0.7874348000000001
Omicron_BA2,Y1110N,-2.346693
Omicron_BA2,Y1110*,1.875294
Omicron_BA2,E1111A,-0.27008933999999996
Omicron_BA2,E1111D,-1.4502991
Omicron_BA2,E1111G,-1.9111555
Omicron_BA2,E1111K,-1.4306549499999999
Omicron_BA2,E1111Q,-0.05437498
Omicron_BA2,E1111R,-2.494103
Omicron_BA2,E1111T,-2.8631442
Omicron_BA2,E1111V,-2.0866551
Omicron_BA2,E1111*,-1.7218804
Omicron_BA2,P1112L,-2.2563612
Omicron_BA2,P1112Q,-0.5541071
Omicron_BA2,P1112R,-0.88384086
Omicron_BA2,P1112S,-0.86489477
Omicron_BA2,P1112T,-1.2590069
Omicron_BA2,P1112V,-3.056757
Omicron_BA2,Q1113E,-0.48668623
Omicron_BA2,Q1113H,0.18805013600000003
Omicron_BA2,Q1113K,0.01753393999999997
Omicron_BA2,Q1113L,0.13161978500000002
Omicron_BA2,Q1113M,-0.2304633
Omicron_BA2,Q1113P,-0.0147142615
Omicron_BA2,Q1113R,0.022609119999999983
Omicron_BA2,Q1113S,-0.035627533
Omicron_BA2,Q1113*,-3.156576
Omicron_BA2,I1114F,-0.023240004
Omicron_BA2,I1114L,0.152376214
Omicron_BA2,I1114M,0.12647372
Omicron_BA2,I1114N,-0.1782375
Omicron_BA2,I1114P,0.20109132
Omicron_BA2,I1114S,0.08776178999999995
Omicron_BA2,I1114T,0.08155596
Omicron_BA2,I1114V,0.09234032
Omicron_BA2,I1115C,-0.78369445
Omicron_BA2,I1115F,-2.3575962
Omicron_BA2,I1115L,-0.605574765
Omicron_BA2,I1115M,-0.23043555
Omicron_BA2,I1115N,0.0
Omicron_BA2,I1115T,-0.66206192
Omicron_BA2,I1115V,-0.05999237599999999
Omicron_BA2,T1116A,-0.24807824
Omicron_BA2,T1116I,-1.4044718
Omicron_BA2,T1116N,-0.050116837
Omicron_BA2,T1116S,-0.12914658
Omicron_BA2,T1116V,-2.7014437
Omicron_BA2,T1117A,-0.27362751
Omicron_BA2,T1117C,-0.305238426
Omicron_BA2,T1117D,-0.41709998
Omicron_BA2,T1117E,-0.35103118
Omicron_BA2,T1117F,-0.28535716
Omicron_BA2,T1117G,-0.3894144
Omicron_BA2,T1117H,-0.32860146
Omicron_BA2,T1117I,-0.062434796
Omicron_BA2,T1117K,0.049866849000000005
Omicron_BA2,T1117L,-0.028350865000000003
Omicron_BA2,T1117M,-0.130057513
Omicron_BA2,T1117N,-0.114530762
Omicron_BA2,T1117P,-0.45286424000000003
Omicron_BA2,T1117Q,-0.142632585
Omicron_BA2,T1117R,-0.08618343
Omicron_BA2,T1117S,-0.1553152
Omicron_BA2,T1117V,-0.034562286
Omicron_BA2,T1117W,-0.61372856
Omicron_BA2,T1117Y,-0.18661867
Omicron_BA2,T1117*,-5.151372
Omicron_BA2,D1118A,-0.16124319
Omicron_BA2,D1118C,-0.62374145
Omicron_BA2,D1118E,0.0932231248
Omicron_BA2,D1118F,0.06516615
Omicron_BA2,D1118G,-0.07827353
Omicron_BA2,D1118H,0.13484314
Omicron_BA2,D1118I,0.04900494000000001
Omicron_BA2,D1118K,0.036550114999999994
Omicron_BA2,D1118L,0.13222815999999998
Omicron_BA2,D1118M,0.048998034999999995
Omicron_BA2,D1118N,-4.9882307
Omicron_BA2,D1118P,-0.799482786
Omicron_BA2,D1118Q,0.38763413
Omicron_BA2,D1118R,0.04801077000000001
Omicron_BA2,D1118S,0.06033338999999999
Omicron_BA2,D1118T,0.08999129
Omicron_BA2,D1118V,0.14335639000000003
Omicron_BA2,D1118W,0.06403465000000003
Omicron_BA2,D1118Y,0.08165033
Omicron_BA2,D1118*,-4.1888676
Omicron_BA2,N1119D,-0.5447806
Omicron_BA2,N1119H,-0.774448003
Omicron_BA2,N1119I,-1.7991053
Omicron_BA2,N1119K,-0.58739245
Omicron_BA2,N1119L,-2.2504916
Omicron_BA2,N1119S,-0.81063825
Omicron_BA2,T1120A,-0.36055675
Omicron_BA2,T1120F,-2.6613047
Omicron_BA2,T1120I,-0.9793335599999999
Omicron_BA2,T1120K,0.0
Omicron_BA2,T1120N,0.9439044
Omicron_BA2,T1120S,-0.3117479176886
Omicron_BA2,F1121C,-2.4820483
Omicron_BA2,F1121I,-0.66413945
Omicron_BA2,F1121L,-0.38021195
Omicron_BA2,F1121M,-0.25903824
Omicron_BA2,F1121S,0.0
Omicron_BA2,F1121V,-0.82507914
Omicron_BA2,F1121Y,-0.36463788
Omicron_BA2,V1122A,0.34861547
Omicron_BA2,V1122C,-0.28741118
Omicron_BA2,V1122E,0.11606088
Omicron_BA2,V1122F,-0.20291412
Omicron_BA2,V1122I,-0.20121598
Omicron_BA2,V1122L,-0.2044861
Omicron_BA2,V1122M,-0.24915797
Omicron_BA2,S1123A,0.15375910999999998
Omicron_BA2,S1123C,-0.7490867
Omicron_BA2,S1123F,-3.0277002
Omicron_BA2,S1123L,-2.8168354
Omicron_BA2,S1123N,-1.3073841
Omicron_BA2,S1123P,-2.4385622
Omicron_BA2,S1123T,-0.0711084
Omicron_BA2,S1123Y,-2.3894477
Omicron_BA2,G1124A,-0.39191811
Omicron_BA2,G1124C,-0.5421920499999999
Omicron_BA2,G1124D,-0.14924826
Omicron_BA2,G1124F,-0.28656784
Omicron_BA2,G1124R,-0.80385786
Omicron_BA2,G1124S,-0.30273293
Omicron_BA2,G1124V,-0.76205665
Omicron_BA2,N1125D,-0.156223465
Omicron_BA2,N1125H,-0.30680144
Omicron_BA2,N1125K,-0.09899332999999999
Omicron_BA2,N1125S,-0.23635475000000003
Omicron_BA2,N1125T,-0.7944711
Omicron_BA2,N1125Y,-0.51222857
Omicron_BA2,C1126F,-2.286546
Omicron_BA2,C1126G,0.0
Omicron_BA2,C1126L,-3.1529613
Omicron_BA2,C1126R,-2.4055438
Omicron_BA2,C1126S,-2.8801856
Omicron_BA2,C1126Y,-3.6972084
Omicron_BA2,C1126*,-1.8337471
Omicron_BA2,C1126-,0.0
Omicron_BA2,D1127A,-0.20374183
Omicron_BA2,D1127E,0.005676590000000009
Omicron_BA2,D1127G,0.016344113999999993
Omicron_BA2,D1127H,0.2867332
Omicron_BA2,D1127N,-0.05843822000000001
Omicron_BA2,D1127V,-1.0452886
Omicron_BA2,D1127Y,-0.350418359
Omicron_BA2,D1127-,0.0
Omicron_BA2,V1128A,-0.1359345
Omicron_BA2,V1128E,0.0
Omicron_BA2,V1128F,0.12104231399999998
Omicron_BA2,V1128G,0.0
Omicron_BA2,V1128I,0.08693449
Omicron_BA2,V1128L,0.10742391999999998
Omicron_BA2,V1128M,0.16057156
Omicron_BA2,V1129A,-0.6808134
Omicron_BA2,V1129E,-1.9869075
Omicron_BA2,V1129G,-1.6745389
Omicron_BA2,V1129I,-0.182694103
Omicron_BA2,V1129L,-1.969173
Omicron_BA2,V1129M,-1.7806218
Omicron_BA2,I1130L,-0.27432227
Omicron_BA2,I1130M,-0.125186052
Omicron_BA2,I1130N,-0.92663693
Omicron_BA2,I1130T,-0.728804198
Omicron_BA2,I1130V,-0.49457019999999996
Omicron_BA2,I1130-,-2.777273
Omicron_BA2,G1131A,-0.7865925999999999
Omicron_BA2,G1131C,-2.3036652
Omicron_BA2,G1131D,-0.37633583
Omicron_BA2,G1131E,-0.8315428200000001
Omicron_BA2,G1131R,-3.1897235
Omicron_BA2,G1131S,-0.85774465
Omicron_BA2,G1131V,-2.729203
Omicron_BA2,I1132F,-1.7492342
Omicron_BA2,I1132L,-0.5530093
Omicron_BA2,I1132M,-0.47422156
Omicron_BA2,I1132N,-2.695971
Omicron_BA2,I1132S,-0.09291968
Omicron_BA2,I1132T,-1.1003328799999998
Omicron_BA2,I1132V,-0.4648048
Omicron_BA2,I1132-,0.0
Omicron_BA2,V1133A,0.026205199
Omicron_BA2,V1133E,-0.29446182
Omicron_BA2,V1133F,-0.49437328
Omicron_BA2,V1133G,-1.6311225
Omicron_BA2,V1133I,-0.07206494727000001
Omicron_BA2,V1133L,-0.444578726
Omicron_BA2,V1133M,-0.11139759999999999
Omicron_BA2,V1133-,0.0
Omicron_BA2,N1134D,-0.11779654
Omicron_BA2,N1134H,0.2607079083
Omicron_BA2,N1134K,0.1194344
Omicron_BA2,N1134S,-0.056283289999999986
Omicron_BA2,N1134Y,-0.09417963600000001
Omicron_BA2,N1134-,0.0
Omicron_BA2,N1135D,0.04333632000000001
Omicron_BA2,N1135H,-0.012932300000000008
Omicron_BA2,N1135I,0.201142778
Omicron_BA2,N1135K,-0.28719704999999995
Omicron_BA2,N1135S,-0.02234201100000001
Omicron_BA2,N1135Y,0.043157270000000025
Omicron_BA2,T1136A,-0.21460595000000005
Omicron_BA2,T1136I,0.05350835999999998
Omicron_BA2,T1136K,0.030248784
Omicron_BA2,T1136P,0.1325439
Omicron_BA2,T1136Q,0.033539053
Omicron_BA2,T1136S,0.05126182499999998
Omicron_BA2,V1137A,-0.46118546
Omicron_BA2,V1137D,0.0
Omicron_BA2,V1137F,-0.818194106
Omicron_BA2,V1137I,0.091032048
Omicron_BA2,V1137M,-0.5332976
Omicron_BA2,Y1138C,0.054968223
Omicron_BA2,Y1138D,-0.009178193
Omicron_BA2,Y1138F,0.22283344
Omicron_BA2,Y1138H,-0.00101167000000002
Omicron_BA2,Y1138L,0.11181038999999998
Omicron_BA2,Y1138N,-0.35476547
Omicron_BA2,Y1138*,-3.2894752
Omicron_BA2,D1139A,-0.5338077000000001
Omicron_BA2,D1139C,0.0
Omicron_BA2,D1139E,-1.6187378
Omicron_BA2,D1139G,-0.14949135999999996
Omicron_BA2,D1139H,-0.22210413999999998
Omicron_BA2,D1139I,-3.4907026
Omicron_BA2,D1139N,0.11494025
Omicron_BA2,D1139V,-0.7185040300000001
Omicron_BA2,D1139Y,0.05176694
Omicron_BA2,D1139-,0.0
Omicron_BA2,P1140A,0.41970122
Omicron_BA2,P1140L,0.083333105
Omicron_BA2,P1140Q,0.3877013
Omicron_BA2,P1140S,0.203540889
Omicron_BA2,P1140T,0.35611597
Omicron_BA2,P1140-,-0.0540201
Omicron_BA2,L1141F,-0.10265583
Omicron_BA2,L1141H,-0.4361084
Omicron_BA2,L1141I,-0.1880329
Omicron_BA2,L1141P,-1.45260093
Omicron_BA2,L1141S,-0.34562647
Omicron_BA2,L1141W,0.041648522
Omicron_BA2,L1141-,-1.5238354
Omicron_BA2,Q1142H,-1.259189
Omicron_BA2,Q1142K,-0.07358478
Omicron_BA2,Q1142L,-0.3643347599999999
Omicron_BA2,Q1142M,-0.7331377
Omicron_BA2,Q1142R,0.30415317
Omicron_BA2,Q1142*,-2.2220416
Omicron_BA2,Q1142-,-0.91399384
Omicron_BA2,P1143A,0.8176495
Omicron_BA2,P1143H,0.26045309
Omicron_BA2,P1143L,0.11492648999999999
Omicron_BA2,P1143N,0.0
Omicron_BA2,P1143S,0.30866259999999995
Omicron_BA2,P1143T,0.25323652
Omicron_BA2,P1143-,0.0
Omicron_BA2,E1144A,0.15267534
Omicron_BA2,E1144D,-0.17158884000000008
Omicron_BA2,E1144G,0.3045164
Omicron_BA2,E1144K,0.013043830000000006
Omicron_BA2,E1144Q,0.08793498
Omicron_BA2,E1144S,0.024081424
Omicron_BA2,E1144V,-0.08824471
Omicron_BA2,E1144*,-3.1219077
Omicron_BA2,L1145M,-0.13825619
Omicron_BA2,L1145P,-1.3050362
Omicron_BA2,L1145Q,-2.23487
Omicron_BA2,L1145S,-0.44213814
Omicron_BA2,L1145V,-0.010669261
Omicron_BA2,D1146A,-0.254487433
Omicron_BA2,D1146E,-0.16660690299999997
Omicron_BA2,D1146G,-0.47103468000000004
Omicron_BA2,D1146H,-0.026649509999999987
Omicron_BA2,D1146N,0.013204889999999997
Omicron_BA2,D1146Y,-0.3777636500000001
Omicron_BA2,S1147A,0.18774098
Omicron_BA2,S1147F,-0.93418324
Omicron_BA2,S1147L,-0.3226179
Omicron_BA2,S1147P,-1.9497826
Omicron_BA2,S1147T,0.034824078
Omicron_BA2,S1147Y,-0.68471867
Omicron_BA2,F1148I,-0.0310623654
Omicron_BA2,F1148L,0.07656654000000002
Omicron_BA2,F1148S,-4.1389337
Omicron_BA2,F1148V,-0.38471904
Omicron_BA2,F1148Y,0.26854914
Omicron_BA2,K1149E,-0.9017
Omicron_BA2,K1149G,0.0
Omicron_BA2,K1149M,-0.25664039
Omicron_BA2,K1149N,-1.06029825
Omicron_BA2,K1149Q,0.035802275
Omicron_BA2,K1149R,-0.237500494
Omicron_BA2,K1149T,0.0
Omicron_BA2,K1149*,0.0
Omicron_BA2,E1150A,-0.175125816
Omicron_BA2,E1150D,0.03802025
Omicron_BA2,E1150G,-0.015513408999999995
Omicron_BA2,E1150K,-0.0025327700000000175
Omicron_BA2,E1150Q,0.047114678
Omicron_BA2,E1150S,0.0
Omicron_BA2,E1150V,-0.4938782
Omicron_BA2,E1150*,-3.8534334
Omicron_BA2,E1151A,0.0
Omicron_BA2,E1151D,0.05072285999999998
Omicron_BA2,E1151G,-0.43788716
Omicron_BA2,E1151K,0.03742276
Omicron_BA2,E1151Q,-0.4179849
Omicron_BA2,E1151V,0.32055685
Omicron_BA2,E1151*,-3.4720333
Omicron_BA2,L1152F,0.018666094
Omicron_BA2,L1152M,0.16509801
Omicron_BA2,L1152P,-3.7043839
Omicron_BA2,L1152Q,0.0
Omicron_BA2,D1153A,-0.1941742
Omicron_BA2,D1153E,0.127205134
Omicron_BA2,D1153G,-0.1375073
Omicron_BA2,D1153H,-0.010501220000000006
Omicron_BA2,D1153N,0.030939754
Omicron_BA2,D1153V,-0.04449365999999999
Omicron_BA2,D1153Y,-0.0006597600000000092
Omicron_BA2,K1154E,0.093445725
Omicron_BA2,K1154G,0.7201051
Omicron_BA2,K1154I,0.17014566
Omicron_BA2,K1154N,0.25999197
Omicron_BA2,K1154Q,0.0
Omicron_BA2,K1154R,-0.013472979999999996
Omicron_BA2,K1154T,0.01591410999999998
Omicron_BA2,Y1155C,0.6286901
Omicron_BA2,Y1155F,-0.25071248
Omicron_BA2,Y1155H,-0.12873272
Omicron_BA2,Y1155N,-0.61490464
Omicron_BA2,Y1155*,-1.5858543
Omicron_BA2,F1156L,0.09159321000000001
Omicron_BA2,F1156S,-0.12228416
Omicron_BA2,F1156V,0.0
Omicron_BA2,F1156Y,0.857408263
Omicron_BA2,K1157E,-0.07956374
Omicron_BA2,K1157M,-0.21385852
Omicron_BA2,K1157N,-0.13788264999999997
Omicron_BA2,K1157Q,0.0
Omicron_BA2,K1157R,-0.14960970799999998
Omicron_BA2,K1157T,-0.116365228
Omicron_BA2,K1157*,-1.9099568
Omicron_BA2,N1158D,0.04193534000000004
Omicron_BA2,N1158H,-0.10418305
Omicron_BA2,N1158K,-0.7310718
Omicron_BA2,N1158S,-0.004589470000000095
Omicron_BA2,N1158T,-0.23798597600000002
Omicron_BA2,N1158Y,-0.41864836
Omicron_BA2,H1159L,-0.13150146000000001
Omicron_BA2,H1159N,0.0029930433
Omicron_BA2,H1159Q,0.37310922
Omicron_BA2,H1159R,-0.013842456000000003
Omicron_BA2,H1159S,0.0
Omicron_BA2,H1159Y,0.09701426199999999
Omicron_BA2,T1160A,-0.2524622099999999
Omicron_BA2,T1160I,-0.4361561
Omicron_BA2,T1160K,0.2844919
Omicron_BA2,T1160N,-0.36369884
Omicron_BA2,T1160S,0.12130437
Omicron_BA2,S1161A,0.037362672
Omicron_BA2,S1161C,-0.51046574
Omicron_BA2,S1161G,-0.05462547
Omicron_BA2,S1161I,-0.7889389
Omicron_BA2,S1161K,0.0
Omicron_BA2,S1161L,-0.062604878
Omicron_BA2,S1161N,0.166108883
Omicron_BA2,S1161P,-0.1921666699274678
Omicron_BA2,S1161R,-0.15600872999999998
Omicron_BA2,S1161T,0.0015018634
Omicron_BA2,P1162A,0.016223537
Omicron_BA2,P1162H,0.09766459
Omicron_BA2,P1162L,-0.1672873988195043
Omicron_BA2,P1162Q,-0.049073716999999996
Omicron_BA2,P1162R,0.05548052
Omicron_BA2,P1162S,0.03652244
Omicron_BA2,P1162T,0.021653147
Omicron_BA2,D1163A,-0.093487956
Omicron_BA2,D1163C,-0.69840748
Omicron_BA2,D1163E,-0.135978674
Omicron_BA2,D1163F,-0.51342595
Omicron_BA2,D1163G,-0.0071297768
Omicron_BA2,D1163H,-0.23623296
Omicron_BA2,D1163I,-0.20813543
Omicron_BA2,D1163K,-0.2226811
Omicron_BA2,D1163L,-0.3205143
Omicron_BA2,D1163M,-0.32333514
Omicron_BA2,D1163N,-0.07607419
Omicron_BA2,D1163P,-0.207347325
Omicron_BA2,D1163Q,-0.229509756
Omicron_BA2,D1163R,-0.313643685
Omicron_BA2,D1163S,-0.009804920000000009
Omicron_BA2,D1163T,-0.16126423
Omicron_BA2,D1163V,-0.23581158400000002
Omicron_BA2,D1163W,-0.325126308
Omicron_BA2,D1163Y,-0.24779026999999998
Omicron_BA2,D1163*,-5.7859316
Omicron_BA2,V1164A,0.025060942
Omicron_BA2,V1164E,0.203035912
Omicron_BA2,V1164F,0.053338572
Omicron_BA2,V1164I,-0.047304872
Omicron_BA2,V1164L,0.084481504
Omicron_BA2,V1164M,0.058663327
Omicron_BA2,V1164S,0.0
Omicron_BA2,D1165A,0.086945936
Omicron_BA2,D1165E,-0.106613457
Omicron_BA2,D1165G,0.16602711
Omicron_BA2,D1165H,-0.033374329999999994
Omicron_BA2,D1165N,0.017349591
Omicron_BA2,D1165V,0.05105148000000001
Omicron_BA2,D1165Y,-0.015502069999999993
Omicron_BA2,L1166F,-0.03809003000000001
Omicron_BA2,L1166M,0.0016895491
Omicron_BA2,L1166P,0.11018157
Omicron_BA2,L1166Q,0.1950327
Omicron_BA2,L1166R,-0.66138935
Omicron_BA2,L1166V,0.24890107
Omicron_BA2,G1167A,0.079475916
Omicron_BA2,G1167C,-1.2879311
Omicron_BA2,G1167D,0.052008104
Omicron_BA2,G1167E,0.10166475
Omicron_BA2,G1167F,-0.027852370000000015
Omicron_BA2,G1167H,0.07445982
Omicron_BA2,G1167I,-0.20697472
Omicron_BA2,G1167K,0.120539624
Omicron_BA2,G1167L,0.021909099999999987
Omicron_BA2,G1167M,0.07030834999999999
Omicron_BA2,G1167N,0.07334689999999999
Omicron_BA2,G1167P,0.09991514
Omicron_BA2,G1167Q,0.10663101
Omicron_BA2,G1167R,0.19592326999999998
Omicron_BA2,G1167S,0.037116777
Omicron_BA2,G1167T,0.078207046
Omicron_BA2,G1167V,0.09105245899999999
Omicron_BA2,G1167W,-0.14153132999999998
Omicron_BA2,G1167Y,0.039860950000000006
Omicron_BA2,G1167*,-4.8612156
Omicron_BA2,G1167-,-0.63215375
Omicron_BA2,D1168A,0.007258638
Omicron_BA2,D1168E,-0.02632717999999999
Omicron_BA2,D1168G,0.026460735000000003
Omicron_BA2,D1168H,0.110794795
Omicron_BA2,D1168N,0.05582968
Omicron_BA2,D1168V,0.031308338
Omicron_BA2,D1168Y,0.13110777
Omicron_BA2,D1168-,-0.7683606
Omicron_BA2,I1169F,-0.32990686
Omicron_BA2,I1169L,-0.07380287
Omicron_BA2,I1169N,0.23796122
Omicron_BA2,I1169T,0.14592558
Omicron_BA2,I1169V,0.007657639999999993
Omicron_BA2,I1169-,1.1956104
Omicron_BA2,S1170A,-0.10049969
Omicron_BA2,S1170C,-0.91287434
Omicron_BA2,S1170F,-0.09982369
Omicron_BA2,S1170H,0.0
Omicron_BA2,S1170P,-0.004410919999999985
Omicron_BA2,S1170T,-0.22598876
Omicron_BA2,S1170Y,-0.008314078000000003
Omicron_BA2,G1171A,-0.012286533000000002
Omicron_BA2,G1171C,-0.4541126
Omicron_BA2,G1171D,-0.030218366999999996
Omicron_BA2,G1171F,0.0
Omicron_BA2,G1171I,0.0
Omicron_BA2,G1171K,-0.4327061
Omicron_BA2,G1171R,0.17823819
Omicron_BA2,G1171S,0.092446689
Omicron_BA2,G1171V,0.117924765
Omicron_BA2,G1171-,-0.17932169
Omicron_BA2,I1172F,0.05188722
Omicron_BA2,I1172L,0.17718317
Omicron_BA2,I1172M,0.053339154
Omicron_BA2,I1172N,0.42868108
Omicron_BA2,I1172S,-0.82263476
Omicron_BA2,I1172T,-0.8959926300000001
Omicron_BA2,I1172V,-0.253839645
Omicron_BA2,I1172-,0.07852238
Omicron_BA2,N1173C,0.0
Omicron_BA2,N1173D,-0.198326416
Omicron_BA2,N1173H,0.029487556
Omicron_BA2,N1173I,-0.43860772
Omicron_BA2,N1173K,0.10151521499999999
Omicron_BA2,N1173M,-0.42499802
Omicron_BA2,N1173S,-0.015554990000000019
Omicron_BA2,N1173T,-0.09239848
Omicron_BA2,N1173Y,-0.441307
Omicron_BA2,N1173-,-1.4682627
Omicron_BA2,A1174D,-0.11401523
Omicron_BA2,A1174L,0.16198926
Omicron_BA2,A1174P,-0.7412084
Omicron_BA2,A1174S,0.1709325
Omicron_BA2,A1174T,0.029404793
Omicron_BA2,A1174V,-0.08464205
Omicron_BA2,A1174-,0.0
Omicron_BA2,S1175A,-0.17234839999999998
Omicron_BA2,S1175C,0.0
Omicron_BA2,S1175F,-0.25351495
Omicron_BA2,S1175L,-0.6527907999999999
Omicron_BA2,S1175P,-0.643206425
Omicron_BA2,S1175Q,-0.01123573
Omicron_BA2,S1175T,0.038011797
Omicron_BA2,S1175Y,-0.20285441
Omicron_BA2,S1175-,0.0
Omicron_BA2,V1176A,-0.74955043
Omicron_BA2,V1176C,-0.80291402
Omicron_BA2,V1176D,-0.7507244
Omicron_BA2,V1176E,-1.43543382
Omicron_BA2,V1176F,-0.209710493
Omicron_BA2,V1176G,-1.03121412
Omicron_BA2,V1176H,-0.40820113
Omicron_BA2,V1176I,-0.051903599999999994
Omicron_BA2,V1176K,-0.9427582800000001
Omicron_BA2,V1176L,-0.1836926
Omicron_BA2,V1176M,-0.01983025
Omicron_BA2,V1176N,-1.1254307
Omicron_BA2,V1176P,-0.7714152999999999
Omicron_BA2,V1176Q,-0.86727393
Omicron_BA2,V1176R,-0.6022981000000001
Omicron_BA2,V1176S,-1.1667522
Omicron_BA2,V1176T,-0.7079504000000001
Omicron_BA2,V1176W,-0.026433636
Omicron_BA2,V1176Y,-0.5285481399999999
Omicron_BA2,V1176*,-2.331108
Omicron_BA2,V1176-,0.5124474
Omicron_BA2,V1177A,-0.009760327
Omicron_BA2,V1177E,0.13346587
Omicron_BA2,V1177I,0.080276775
Omicron_BA2,V1177L,0.045914482
Omicron_BA2,V1177M,0.18457494
Omicron_BA2,V1177-,0.0
Omicron_BA2,N1178D,-0.23569662
Omicron_BA2,N1178G,0.0
Omicron_BA2,N1178H,0.098766017
Omicron_BA2,N1178I,0.5672041
Omicron_BA2,N1178K,0.10520866
Omicron_BA2,N1178R,-0.13148013
Omicron_BA2,N1178S,0.00067829835
Omicron_BA2,N1178T,0.317065286
Omicron_BA2,N1178Y,0.09512025
Omicron_BA2,N1178-,0.0
Omicron_BA2,I1179F,0.2610473
Omicron_BA2,I1179H,-0.63647765
Omicron_BA2,I1179L,-0.049575463
Omicron_BA2,I1179M,0.34338072
Omicron_BA2,I1179N,-1.3170888
Omicron_BA2,I1179T,-0.43119848
Omicron_BA2,I1179V,-0.02338591000000001
Omicron_BA2,I1179-,0.0
Omicron_BA2,Q1180E,-0.11392277
Omicron_BA2,Q1180H,-0.0092470428
Omicron_BA2,Q1180K,0.055773754
Omicron_BA2,Q1180L,-0.20867933500000002
Omicron_BA2,Q1180N,-0.26153126
Omicron_BA2,Q1180P,-1.5881935
Omicron_BA2,Q1180R,-0.008892895
Omicron_BA2,Q1180S,-0.41809874
Omicron_BA2,Q1180*,-3.3176858
Omicron_BA2,Q1180-,0.0
Omicron_BA2,K1181E,-0.51512129
Omicron_BA2,K1181I,-0.1698361
Omicron_BA2,K1181M,0.0
Omicron_BA2,K1181N,-0.27666714400000003
Omicron_BA2,K1181Q,-0.11366907
Omicron_BA2,K1181R,0.021031826500000003
Omicron_BA2,K1181T,-0.09389428999999999
Omicron_BA2,K1181*,0.0
Omicron_BA2,K1181-,-1.9130486
Omicron_BA2,E1182D,-0.011805919999999998
Omicron_BA2,E1182G,-0.32762516
Omicron_BA2,E1182I,-1.9477736
Omicron_BA2,E1182K,-0.020326985000000006
Omicron_BA2,E1182Q,0.037239874
Omicron_BA2,E1182V,-0.8818678
Omicron_BA2,E1182*,-2.6189363
Omicron_BA2,E1182-,0.0
Omicron_BA2,I1183F,-0.3172776
Omicron_BA2,I1183L,-0.062409503000000005
Omicron_BA2,I1183M,0.16455509
Omicron_BA2,I1183N,-2.6357653
Omicron_BA2,I1183T,-1.8733802
Omicron_BA2,I1183V,0.216245454
Omicron_BA2,I1183-,0.0
Omicron_BA2,D1184E,0.0365184584
Omicron_BA2,D1184G,-0.01992415
Omicron_BA2,D1184H,0.041410986
Omicron_BA2,D1184I,0.0
Omicron_BA2,D1184M,0.115450405
Omicron_BA2,D1184N,-0.001172179999999995
Omicron_BA2,D1184T,0.03673659
Omicron_BA2,D1184Y,0.038535375
Omicron_BA2,D1184-,0.0
Omicron_BA2,R1185C,-0.23609757999999997
Omicron_BA2,R1185G,-0.251745362
Omicron_BA2,R1185H,-0.06262554
Omicron_BA2,R1185I,-0.18492268
Omicron_BA2,R1185K,0.15737291999999997
Omicron_BA2,R1185L,-0.27048220300000003
Omicron_BA2,R1185N,-0.2118349055
Omicron_BA2,R1185S,-0.47690172999999997
Omicron_BA2,R1185T,0.18104711
Omicron_BA2,R1185*,-1.4279982
Omicron_BA2,R1185-,0.0
Omicron_BA2,L1186F,-0.019776054
Omicron_BA2,L1186I,-0.26643473
Omicron_BA2,L1186M,-0.047940217
Omicron_BA2,L1186P,-2.7502277
Omicron_BA2,L1186Q,0.0
Omicron_BA2,L1186R,0.0
Omicron_BA2,L1186V,-0.685291
Omicron_BA2,L1186-,0.0
Omicron_BA2,N1187D,-0.12771636000000003
Omicron_BA2,N1187H,0.015221094000000004
Omicron_BA2,N1187I,-0.0870206
Omicron_BA2,N1187K,-0.09228440000000002
Omicron_BA2,N1187S,-0.02285223
Omicron_BA2,N1187T,-0.09762909
Omicron_BA2,N1187Y,-0.07725102
Omicron_BA2,N1187-,0.0
Omicron_BA2,E1188A,0.079827614
Omicron_BA2,E1188D,0.057248697
Omicron_BA2,E1188G,-0.034772650000000016
Omicron_BA2,E1188K,-0.009750076
Omicron_BA2,E1188N,0.07370903
Omicron_BA2,E1188Q,-0.09374745
Omicron_BA2,E1188R,-0.09649811
Omicron_BA2,E1188S,-0.21774554999999998
Omicron_BA2,E1188V,0.013730385000000001
Omicron_BA2,E1188*,-3.4620595
Omicron_BA2,E1188-,0.0
Omicron_BA2,V1189A,0.030032217
Omicron_BA2,V1189E,0.15295726
Omicron_BA2,V1189F,0.07707698713
Omicron_BA2,V1189I,-0.11665317
Omicron_BA2,V1189L,0.09257646
Omicron_BA2,V1189M,-0.277581088
Omicron_BA2,V1189T,0.0
Omicron_BA2,V1189-,0.0
Omicron_BA2,A1190D,0.06648973
Omicron_BA2,A1190G,0.0
Omicron_BA2,A1190S,-0.15645569999999998
Omicron_BA2,A1190T,0.034768365
Omicron_BA2,A1190V,-0.44130144
Omicron_BA2,A1190-,0.0
Omicron_BA2,K1191A,-0.19200292599999996
Omicron_BA2,K1191C,-0.217855259
Omicron_BA2,K1191D,-0.59796867
Omicron_BA2,K1191E,-0.51146688
Omicron_BA2,K1191F,-0.375685128
Omicron_BA2,K1191G,-0.6678097000000001
Omicron_BA2,K1191H,-0.08869556
Omicron_BA2,K1191I,-0.148794604
Omicron_BA2,K1191L,-0.327360169
Omicron_BA2,K1191M,-0.21113064
Omicron_BA2,K1191N,-0.14865858
Omicron_BA2,K1191P,-6.359073
Omicron_BA2,K1191Q,0.041700850000000005
Omicron_BA2,K1191R,-0.030804737999999998
Omicron_BA2,K1191S,-0.15781219000000002
Omicron_BA2,K1191T,-0.29247174
Omicron_BA2,K1191V,-0.35430457
Omicron_BA2,K1191W,-0.27529524
Omicron_BA2,K1191Y,-0.2654499
Omicron_BA2,K1191*,-5.218946
Omicron_BA2,K1191-,0.0
Omicron_BA2,N1192D,-0.229257874
Omicron_BA2,N1192H,-0.014143481
Omicron_BA2,N1192I,-0.019012757000000005
Omicron_BA2,N1192K,-0.19017652
Omicron_BA2,N1192Q,-0.027614994
Omicron_BA2,N1192S,0.026789094
Omicron_BA2,N1192T,-0.015048572999999999
Omicron_BA2,N1192Y,-0.051351927
Omicron_BA2,N1192-,-0.65245426
Omicron_BA2,L1193F,0.02521874
Omicron_BA2,L1193I,0.0
Omicron_BA2,L1193M,-0.233673425
Omicron_BA2,L1193P,-3.8315482
Omicron_BA2,L1193Q,0.0
Omicron_BA2,L1193V,0.0
Omicron_BA2,N1194D,-0.7428064
Omicron_BA2,N1194H,-0.6247015
Omicron_BA2,N1194I,-0.9863756
Omicron_BA2,N1194K,-0.7298559099999999
Omicron_BA2,N1194S,-0.13880132000000003
Omicron_BA2,N1194T,-0.40031964
Omicron_BA2,N1194Y,-0.7623961
Omicron_BA2,E1195A,0.0951914
Omicron_BA2,E1195D,-0.09381668500000001
Omicron_BA2,E1195G,-0.24910968
Omicron_BA2,E1195K,-0.12192301
Omicron_BA2,E1195Q,-0.001081615000000008
Omicron_BA2,E1195R,0.0
Omicron_BA2,E1195S,-0.30627108
Omicron_BA2,E1195V,-0.15997222
Omicron_BA2,E1195*,-1.8398265
Omicron_BA2,S1196A,-0.13515168
Omicron_BA2,S1196C,0.0
Omicron_BA2,S1196F,-0.9107238
Omicron_BA2,S1196T,-0.08433769
Omicron_BA2,S1196Y,-1.0748096
Omicron_BA2,L1197F,-0.077514932
Omicron_BA2,L1197I,0.033187583
Omicron_BA2,L1197M,-0.068644777
Omicron_BA2,L1197P,-6.2466254
Omicron_BA2,L1197Q,0.0
Omicron_BA2,L1197R,-0.7920804
Omicron_BA2,L1197S,-1.4528173
Omicron_BA2,I1198F,-0.45688084
Omicron_BA2,I1198K,0.0
Omicron_BA2,I1198M,0.0
Omicron_BA2,I1198N,-0.34196037
Omicron_BA2,I1198R,0.0
Omicron_BA2,I1198S,-0.10982112
Omicron_BA2,I1198T,-0.16552737
Omicron_BA2,I1198V,-0.060543374000000004
Omicron_BA2,D1199A,-0.25342602
Omicron_BA2,D1199E,-0.105869257
Omicron_BA2,D1199G,-0.22468296
Omicron_BA2,D1199H,-0.31601557
Omicron_BA2,D1199N,-0.13032116
Omicron_BA2,D1199S,-0.14042484400000002
Omicron_BA2,D1199V,-0.39900494
Omicron_BA2,D1199Y,-0.24077135
Omicron_BA2,L1200F,-0.66569612
Omicron_BA2,L1200H,-0.36424643
Omicron_BA2,L1200I,-0.2872265
Omicron_BA2,L1200P,-1.5820532
Omicron_BA2,L1200V,-0.5456895
Omicron_BA2,Q1201E,-0.19470210999999998
Omicron_BA2,Q1201H,-0.190469358
Omicron_BA2,Q1201K,-0.0133440157
Omicron_BA2,Q1201L,-0.15608828
Omicron_BA2,Q1201N,-0.13943249
Omicron_BA2,Q1201R,0.008512763999999992
Omicron_BA2,Q1201*,-1.9232143
Omicron_BA2,E1202A,0.06320611
Omicron_BA2,E1202D,-0.059760828
Omicron_BA2,E1202G,-0.27702588
Omicron_BA2,E1202K,-0.28784098999999996
Omicron_BA2,E1202Q,-0.21768165499999997
Omicron_BA2,E1202S,-0.27959213
Omicron_BA2,E1202V,-0.43561476
Omicron_BA2,E1202*,-2.212902
Omicron_BA2,L1203F,-0.20496462
Omicron_BA2,L1203H,-3.5299137
Omicron_BA2,L1203I,-0.09402725
Omicron_BA2,L1203M,-0.050729636
Omicron_BA2,L1203P,-1.5888437
Omicron_BA2,L1203Q,-1.7544903
Omicron_BA2,L1203V,-0.17650568
Omicron_BA2,G1204A,-0.054764956
Omicron_BA2,G1204C,-1.0295877
Omicron_BA2,G1204D,-0.173856947
Omicron_BA2,G1204E,-0.43517652
Omicron_BA2,G1204R,-0.42699203
Omicron_BA2,G1204S,-0.19080684
Omicron_BA2,G1204V,-0.88208663
Omicron_BA2,K1205E,-0.03608002000000002
Omicron_BA2,K1205N,-0.13348541
Omicron_BA2,K1205Q,0.129503266
Omicron_BA2,K1205R,-0.015575415
Omicron_BA2,K1205T,-0.088133973
Omicron_BA2,Y1206C,-1.4068261
Omicron_BA2,Y1206D,0.0
Omicron_BA2,Y1206F,0.04115699
Omicron_BA2,Y1206H,-0.65145634
Omicron_BA2,Y1206N,-0.5222297
Omicron_BA2,E1207A,-0.11024457
Omicron_BA2,E1207D,-0.07791158
Omicron_BA2,E1207G,-0.81905097
Omicron_BA2,E1207K,-0.3581828
Omicron_BA2,E1207Q,0.0
Omicron_BA2,E1207V,-0.21204223
Omicron_BA2,E1207*,-2.99997
Omicron_BA2,Q1208E,0.09037623999999998
Omicron_BA2,Q1208H,-0.14543401
Omicron_BA2,Q1208K,-0.5319301599999999
Omicron_BA2,Q1208L,-0.230753736
Omicron_BA2,Q1208R,-0.59309534
Omicron_BA2,Q1208Y,0.2874039
Omicron_BA2,Q1208*,-2.9129338
Omicron_BA2,Y1209C,-1.7173686
Omicron_BA2,Y1209D,-0.24620564
Omicron_BA2,Y1209F,-0.38929325
Omicron_BA2,Y1209H,-0.53086257
Omicron_BA2,Y1209I,0.0
Omicron_BA2,Y1209N,-1.3660536
Omicron_BA2,Y1209*,-2.2844617
Omicron_BA2,I1210F,0.0
Omicron_BA2,I1210L,-0.07143589
Omicron_BA2,I1210M,0.121271069
Omicron_BA2,I1210N,-0.99081755
Omicron_BA2,I1210S,0.0
Omicron_BA2,I1210T,-0.25798769
Omicron_BA2,I1210V,0.006273012
Omicron_BA2,K1211E,-1.4593929
Omicron_BA2,K1211M,-0.4694306
Omicron_BA2,K1211N,-0.5376953
Omicron_BA2,K1211Q,-0.20688233
Omicron_BA2,K1211R,-0.25573575
Omicron_BA2,K1211T,0.0
Omicron_BA2,K1211*,0.0
Omicron_BA2,W1212C,-2.3044498
Omicron_BA2,W1212G,-0.7204082
Omicron_BA2,W1212L,-1.916771
Omicron_BA2,W1212R,-1.9460702
Omicron_BA2,W1212*,-3.5927405
Omicron_BA2,W1212-,-0.86358297
Omicron_BA2,P1213L,-1.1000477
Omicron_BA2,P1213Q,-0.9215767
Omicron_BA2,P1213R,-1.1959106
Omicron_BA2,P1213S,-0.677120834
Omicron_BA2,P1213T,-2.0714474
Omicron_BA2,P1213-,-0.87448627
Omicron_BA2,W1214C,-2.63448
Omicron_BA2,W1214F,-0.12100526
Omicron_BA2,W1214G,-1.1152337
Omicron_BA2,W1214L,-1.1705638
Omicron_BA2,W1214R,-2.138795
Omicron_BA2,W1214*,-3.8071675
Omicron_BA2,W1214-,-0.5298137
Omicron_BA2,Y1215C,-3.1953013
Omicron_BA2,Y1215D,0.0
Omicron_BA2,Y1215F,-0.10261725999999999
Omicron_BA2,Y1215H,-0.67789697
Omicron_BA2,Y1215N,-0.7537954840000001
Omicron_BA2,Y1215*,-2.6110437
Omicron_BA2,I1216F,-1.1502353
Omicron_BA2,I1216L,-0.25213024
Omicron_BA2,I1216M,-0.7307668
Omicron_BA2,I1216N,-0.049661685
Omicron_BA2,I1216R,0.0
Omicron_BA2,I1216S,-0.170477717
Omicron_BA2,I1216T,-0.10210401200000001
Omicron_BA2,I1216V,0.009313042
Omicron_BA2,I1216-,-0.86137784
Omicron_BA2,W1217C,-0.73289585
Omicron_BA2,W1217G,0.0
Omicron_BA2,W1217L,-0.85967992
Omicron_BA2,W1217R,-1.0218551073
Omicron_BA2,W1217S,-2.661956
Omicron_BA2,W1217*,-5.38722
Omicron_BA2,L1218I,-0.31447434
Omicron_BA2,L1218M,-0.17981239
Omicron_BA2,L1218P,-0.72886837
Omicron_BA2,L1218R,-1.5558087
Omicron_BA2,L1218V,-0.44409198
Omicron_BA2,L1218-,-0.5641498
Omicron_BA2,G1219A,0.1964399583
Omicron_BA2,G1219C,0.12310711999999999
Omicron_BA2,G1219D,-0.7121247
Omicron_BA2,G1219E,-0.06664542999999999
Omicron_BA2,G1219F,-0.075406044
Omicron_BA2,G1219H,-0.36764023
Omicron_BA2,G1219I,-0.08686199
Omicron_BA2,G1219K,-0.672201384
Omicron_BA2,G1219L,0.063088321
Omicron_BA2,G1219M,0.09501708
Omicron_BA2,G1219N,-0.23782897
Omicron_BA2,G1219P,-0.46897844000000005
Omicron_BA2,G1219Q,0.010340611
Omicron_BA2,G1219R,-1.0259811
Omicron_BA2,G1219S,0.03767791
Omicron_BA2,G1219T,0.059600037
Omicron_BA2,G1219V,0.0160640605
Omicron_BA2,G1219W,-0.12799892
Omicron_BA2,G1219Y,-0.24726908999999997
Omicron_BA2,G1219*,-4.0482574
Omicron_BA2,G1219-,-0.31560695
Omicron_BA2,F1220C,0.0
Omicron_BA2,F1220I,-0.8737772
Omicron_BA2,F1220L,-0.6079545
Omicron_BA2,F1220S,-1.7085593
Omicron_BA2,F1220V,0.026577607
Omicron_BA2,F1220Y,-1.7906123
Omicron_BA2,I1221F,0.0
Omicron_BA2,I1221L,-0.052884262
Omicron_BA2,I1221M,0.07599433
Omicron_BA2,I1221N,-0.10828495599999999
Omicron_BA2,I1221S,-0.43459603
Omicron_BA2,I1221T,-0.007190220958209
Omicron_BA2,I1221V,-0.086383313
Omicron_BA2,I1221Y,-0.42645809999999995
Omicron_BA2,I1221-,0.6643251
Omicron_BA2,A1222D,-0.19919176
Omicron_BA2,A1222S,-0.1113792548
Omicron_BA2,A1222T,-0.0377824057
Omicron_BA2,A1222V,-0.270092145
Omicron_BA2,A1222-,0.34764615
Omicron_BA2,G1223C,-0.28592983
Omicron_BA2,G1223E,-1.8588607
Omicron_BA2,G1223R,-5.8375735
Omicron_BA2,G1223S,-0.29513388999999995
Omicron_BA2,G1223V,-0.421961471
Omicron_BA2,G1223W,-0.81962717
Omicron_BA2,G1223*,-3.1543298
Omicron_BA2,G1223-,-0.0427139
Omicron_BA2,L1224F,-0.08676925999999999
Omicron_BA2,L1224M,0.1651299246
Omicron_BA2,L1224P,-1.6853769
Omicron_BA2,L1224Q,-0.55691373
Omicron_BA2,L1224S,-0.1242866
Omicron_BA2,L1224V,-0.024298081
Omicron_BA2,L1224-,-0.26360023
Omicron_BA2,I1225F,0.1352367
Omicron_BA2,I1225L,-0.027878089
Omicron_BA2,I1225M,0.096158692
Omicron_BA2,I1225N,0.18324997
Omicron_BA2,I1225S,0.036788256
Omicron_BA2,I1225T,-0.031782094
Omicron_BA2,I1225V,0.074434325
Omicron_BA2,I1225-,1.266962
Omicron_BA2,A1226D,-0.8788248
Omicron_BA2,A1226E,-2.5502045
Omicron_BA2,A1226G,0.0
Omicron_BA2,A1226P,0.0
Omicron_BA2,A1226S,-0.09304645
Omicron_BA2,A1226T,0.040513994
Omicron_BA2,A1226V,-0.0765917658
Omicron_BA2,A1226-,-2.2627175
Omicron_BA2,I1227K,-4.053437
Omicron_BA2,I1227L,-0.13120577
Omicron_BA2,I1227M,-0.040022413
Omicron_BA2,I1227N,-1.8326243
Omicron_BA2,I1227S,0.0
Omicron_BA2,I1227T,-0.13768725
Omicron_BA2,I1227V,-0.146446118
Omicron_BA2,I1227-,0.43955755
Omicron_BA2,V1228A,0.055364486
Omicron_BA2,V1228C,0.086939822
Omicron_BA2,V1228D,-1.09393964
Omicron_BA2,V1228E,-0.6696251
Omicron_BA2,V1228F,-0.019559696999999997
Omicron_BA2,V1228G,0.0013937099999999925
Omicron_BA2,V1228H,-0.4732402
Omicron_BA2,V1228I,0.014532009
Omicron_BA2,V1228K,-0.74295039
Omicron_BA2,V1228L,0.030716966000000002
Omicron_BA2,V1228M,-0.127278594
Omicron_BA2,V1228N,-0.49693052
Omicron_BA2,V1228P,-0.5300259
Omicron_BA2,V1228Q,-0.5598796465
Omicron_BA2,V1228R,-7.996623
Omicron_BA2,V1228S,-0.070693527
Omicron_BA2,V1228T,-0.0164063765
Omicron_BA2,V1228W,-0.34037957
Omicron_BA2,V1228Y,-0.28523988
Omicron_BA2,V1228*,-4.700339
Omicron_BA2,V1228-,-0.50291336
Omicron_BA2,M1229I,-0.11807216
Omicron_BA2,M1229K,-0.52911207
Omicron_BA2,M1229L,-0.061197585
Omicron_BA2,M1229T,0.00800344
Omicron_BA2,M1229V,-0.095340177
Omicron_BA2,M1229-,-0.63866043
Omicron_BA2,V1230A,0.07147614299999999
Omicron_BA2,V1230E,0.0
Omicron_BA2,V1230F,0.4629174
Omicron_BA2,V1230G,0.08946658
Omicron_BA2,V1230L,-0.1077319307
Omicron_BA2,V1230M,-0.05144844800000001
Omicron_BA2,V1230T,-0.6163021
Omicron_BA2,V1230-,-0.43258828
Omicron_BA2,T1231A,0.07016182
Omicron_BA2,T1231I,-0.26183360800000005
Omicron_BA2,T1231K,-1.3740537
Omicron_BA2,T1231N,0.16522726
Omicron_BA2,T1231P,-0.06457602
Omicron_BA2,T1231S,0.0012509992
Omicron_BA2,T1231-,0.17814076
Omicron_BA2,I1232F,0.14599416
Omicron_BA2,I1232K,-0.22670574
Omicron_BA2,I1232L,-0.13452373
Omicron_BA2,I1232M,0.16320048
Omicron_BA2,I1232R,-0.5889148
Omicron_BA2,I1232S,-0.19114122
Omicron_BA2,I1232T,-0.064121094
Omicron_BA2,I1232V,-0.015047188
Omicron_BA2,I1232-,-0.18707417
Omicron_BA2,M1233I,0.081833686
Omicron_BA2,M1233K,-1.4146215
Omicron_BA2,M1233L,0.10375755
Omicron_BA2,M1233Q,-0.848318
Omicron_BA2,M1233T,-0.15802158
Omicron_BA2,M1233V,0.036578449
Omicron_BA2,M1233-,-0.37280288
Omicron_BA2,L1234F,-0.0446873136
Omicron_BA2,L1234I,-0.014053927
Omicron_BA2,L1234M,0.02271346
Omicron_BA2,L1234P,-0.5618763
Omicron_BA2,L1234Q,-0.49546367
Omicron_BA2,L1234R,-0.9304101
Omicron_BA2,L1234V,-0.05175051
Omicron_BA2,C1235F,-0.2337899
Omicron_BA2,C1235G,-0.43493629
Omicron_BA2,C1235L,-0.11513851
Omicron_BA2,C1235R,-0.13368163
Omicron_BA2,C1235S,-0.3835269
Omicron_BA2,C1235Y,-1.3282083
Omicron_BA2,C1235*,-2.8067412
Omicron_BA2,C1235-,0.8852476
Omicron_BA2,C1236F,-0.346339658
Omicron_BA2,C1236G,0.20911324
Omicron_BA2,C1236R,-1.3249295
Omicron_BA2,C1236S,-0.51099426
Omicron_BA2,C1236Y,-1.1104485359999998
Omicron_BA2,C1236*,-1.5418905
Omicron_BA2,C1236-,-0.4725206
Omicron_BA2,M1237I,0.048492373199999994
Omicron_BA2,M1237K,-1.3610681
Omicron_BA2,M1237L,-0.036180172
Omicron_BA2,M1237R,-1.2382027
Omicron_BA2,M1237T,-0.30225464
Omicron_BA2,M1237V,-0.064826179
Omicron_BA2,M1237-,0.71450776
Omicron_BA2,T1238A,0.00914934
Omicron_BA2,T1238I,-0.038916545
Omicron_BA2,T1238K,0.089866094
Omicron_BA2,T1238N,-0.71917929
Omicron_BA2,T1238S,0.11292411
Omicron_BA2,T1238-,-0.35389397
Omicron_BA2,S1239A,0.0
Omicron_BA2,S1239C,0.0029957918
Omicron_BA2,S1239F,0.132963574
Omicron_BA2,S1239G,-0.13957100290000002
Omicron_BA2,S1239I,-0.45840755
Omicron_BA2,S1239N,-0.4012294
Omicron_BA2,S1239P,-0.7333608
Omicron_BA2,S1239R,-0.564419793
Omicron_BA2,S1239T,0.04056074
Omicron_BA2,S1239Y,-0.41234055
Omicron_BA2,S1239-,-0.46019924
Omicron_BA2,C1240F,-0.29318781
Omicron_BA2,C1240G,-0.3815277
Omicron_BA2,C1240R,-1.0203645300000002
Omicron_BA2,C1240S,-0.6548231
Omicron_BA2,C1240Y,-0.732205
Omicron_BA2,C1240*,-2.1979153
Omicron_BA2,C1240-,-0.6170327
Omicron_BA2,C1241F,-0.204663236
Omicron_BA2,C1241G,-0.21698207
Omicron_BA2,C1241N,-0.72768754
Omicron_BA2,C1241R,-1.3109403
Omicron_BA2,C1241S,-0.3544223
Omicron_BA2,C1241V,0.4460268
Omicron_BA2,C1241W,0.0
Omicron_BA2,C1241Y,-0.50190556
Omicron_BA2,C1241*,-1.5004249
Omicron_BA2,C1241-,-0.029130159
Omicron_BA2,S1242C,0.0563273
Omicron_BA2,S1242F,0.13945739
Omicron_BA2,S1242G,-0.055521522999999996
Omicron_BA2,S1242I,0.12554072100000002
Omicron_BA2,S1242K,-0.09618731
Omicron_BA2,S1242N,-0.03201026
Omicron_BA2,S1242P,-0.8488447
Omicron_BA2,S1242R,0.031280443
Omicron_BA2,S1242T,-0.014297354999999998
Omicron_BA2,S1242V,-0.29905993
Omicron_BA2,S1242Y,0.35566333
Omicron_BA2,S1242-,0.5738393
Omicron_BA2,C1243F,-0.06660541
Omicron_BA2,C1243G,-0.10019958
Omicron_BA2,C1243R,-0.5755393
Omicron_BA2,C1243S,-0.49259
Omicron_BA2,C1243V,-0.16400896
Omicron_BA2,C1243W,-0.25909212
Omicron_BA2,C1243Y,-0.355233214
Omicron_BA2,C1243*,-0.6938334
Omicron_BA2,C1243-,-0.7584797
Omicron_BA2,L1244F,-0.029775834
Omicron_BA2,L1244H,-0.07135687
Omicron_BA2,L1244I,0.005166174
Omicron_BA2,L1244M,-0.18227224
Omicron_BA2,L1244N,0.23339865
Omicron_BA2,L1244P,-0.3464575
Omicron_BA2,L1244Q,-0.55711454
Omicron_BA2,L1244R,-0.09825047
Omicron_BA2,L1244S,0.46195588
Omicron_BA2,L1244V,0.059536114
Omicron_BA2,L1244-,-0.10744233
Omicron_BA2,K1245E,-0.12639894
Omicron_BA2,K1245I,0.0
Omicron_BA2,K1245M,-0.065406702
Omicron_BA2,K1245N,-0.160704994
Omicron_BA2,K1245Q,-0.31682000699999996
Omicron_BA2,K1245R,0.03507036
Omicron_BA2,K1245T,-0.09780837
Omicron_BA2,K1245Y,0.013955189
Omicron_BA2,K1245*,-0.047810584
Omicron_BA2,K1245-,0.13768321
Omicron_BA2,G1246A,-0.62544984
Omicron_BA2,G1246C,0.060538765
Omicron_BA2,G1246D,-0.09435817999999999
Omicron_BA2,G1246E,0.0
Omicron_BA2,G1246F,0.0
Omicron_BA2,G1246S,-0.08998216
Omicron_BA2,G1246V,-0.05159711
Omicron_BA2,G1246-,0.036166184
Omicron_BA2,C1247F,-0.23813644
Omicron_BA2,C1247G,-0.16815375
Omicron_BA2,C1247L,-0.2534232
Omicron_BA2,C1247R,-0.35684055
Omicron_BA2,C1247S,-0.262738015
Omicron_BA2,C1247V,0.0
Omicron_BA2,C1247W,-0.4312583
Omicron_BA2,C1247Y,-0.66026217
Omicron_BA2,C1247*,-0.28390422
Omicron_BA2,C1247-,-0.07370536
Omicron_BA2,C1248F,-0.1858449
Omicron_BA2,C1248G,-0.10725004
Omicron_BA2,C1248I,-0.07837102
Omicron_BA2,C1248L,-0.20719572
Omicron_BA2,C1248R,-0.2669907
Omicron_BA2,C1248S,-0.25801644
Omicron_BA2,C1248V,-0.24519734
Omicron_BA2,C1248W,-0.13372153
Omicron_BA2,C1248Y,-0.22754546
Omicron_BA2,C1248*,0.27842364
Omicron_BA2,C1248-,0.10370659
Omicron_BA2,S1249A,-0.038271794
Omicron_BA2,S1249C,-0.014018192
Omicron_BA2,S1249F,-0.08360058100000001
Omicron_BA2,S1249P,-0.109565236
Omicron_BA2,S1249R,0.0
Omicron_BA2,S1249T,0.07601632
Omicron_BA2,S1249V,0.0
Omicron_BA2,S1249Y,0.015809514988564
Omicron_BA2,S1249*,-0.13185406
Omicron_BA2,S1249-,0.04070978
Omicron_BA2,C1250F,-0.072328424
Omicron_BA2,C1250G,-0.21037105
Omicron_BA2,C1250L,-0.025896668
Omicron_BA2,C1250R,-0.064425822
Omicron_BA2,C1250S,-0.09681297999999999
Omicron_BA2,C1250W,-0.07954798299999999
Omicron_BA2,C1250Y,0.012864216
Omicron_BA2,C1250*,-0.15809254
Omicron_BA2,C1250-,-0.5531494
Omicron_BA2,G1251A,0.019402426
Omicron_BA2,G1251C,0.16873242
Omicron_BA2,G1251D,0.1546422
Omicron_BA2,G1251E,-0.035741804
Omicron_BA2,G1251N,0.0
Omicron_BA2,G1251R,0.16770914
Omicron_BA2,G1251S,0.026007392
Omicron_BA2,G1251V,0.07535080599999999
Omicron_BA2,G1251-,0.2257256
Omicron_BA2,S1252A,-0.013611599
Omicron_BA2,S1252C,0.23465073
Omicron_BA2,S1252D,0.047738457399999996
Omicron_BA2,S1252E,0.025512617
Omicron_BA2,S1252F,0.2179182
Omicron_BA2,S1252G,-0.29635662
Omicron_BA2,S1252H,0.154146642
Omicron_BA2,S1252I,0.20880951
Omicron_BA2,S1252K,0.10435868
Omicron_BA2,S1252L,0.177008145
Omicron_BA2,S1252M,0.2892828
Omicron_BA2,S1252N,0.27805004600000005
Omicron_BA2,S1252P,0.180382966
Omicron_BA2,S1252Q,0.1633921196
Omicron_BA2,S1252R,0.17054333
Omicron_BA2,S1252T,-0.18952364
Omicron_BA2,S1252V,0.05928567999999999
Omicron_BA2,S1252W,0.23280802
Omicron_BA2,S1252Y,0.28040967
Omicron_BA2,S1252*,-0.0740509542
Omicron_BA2,S1252-,-0.19894381
